#! /c/Source/iverilog-install/bin/vvp
:ivl_version "12.0 (devel)" "(s20150603-1539-g2693dd32b)";
:ivl_delay_selection "TYPICAL";
:vpi_time_precision - 12;
:vpi_module "C:\iverilog\lib\ivl\system.vpi";
:vpi_module "C:\iverilog\lib\ivl\vhdl_sys.vpi";
:vpi_module "C:\iverilog\lib\ivl\vhdl_textio.vpi";
:vpi_module "C:\iverilog\lib\ivl\v2005_math.vpi";
:vpi_module "C:\iverilog\lib\ivl\va_math.vpi";
:vpi_module "C:\iverilog\lib\ivl\v2009.vpi";
S_000001b775cbc3f0 .scope package, "$unit" "$unit" 2 1;
 .timescale 0 0;
S_000001b775cba7a0 .scope module, "tb" "tb" 3 2;
 .timescale -9 -9;
v000001b775ddba40_0 .var "AUD_ADCDAT", 0 0;
o000001b775d25f28 .functor BUFZ 1, C4<z>; HiZ drive
v000001b775ddc940_0 .net "AUD_ADCLRCK", 0 0, o000001b775d25f28;  0 drivers
o000001b775d25f58 .functor BUFZ 1, C4<z>; HiZ drive
v000001b775ddbc20_0 .net "AUD_BCLK", 0 0, o000001b775d25f58;  0 drivers
o000001b775d25f88 .functor BUFZ 1, C4<z>; HiZ drive
v000001b775ddc9e0_0 .net "AUD_DACDAT", 0 0, o000001b775d25f88;  0 drivers
o000001b775d25fb8 .functor BUFZ 1, C4<z>; HiZ drive
v000001b775ddc6c0_0 .net "AUD_DACLRCK", 0 0, o000001b775d25fb8;  0 drivers
o000001b775d25fe8 .functor BUFZ 1, C4<z>; HiZ drive
v000001b775ddd020_0 .net "AUD_XCK", 0 0, o000001b775d25fe8;  0 drivers
v000001b775dda8c0_0 .var "CLOCK2_50", 0 0;
v000001b775ddcb20_0 .var "CLOCK3_50", 0 0;
v000001b775ddb7c0_0 .var "CLOCK4_50", 0 0;
v000001b775ddca80_0 .var "CLOCK_50", 0 0;
v000001b775ddcbc0_0 .net "DRAM_ADDR", 12 0, v000001b775dc2250_0;  1 drivers
v000001b775ddb4a0_0 .net "DRAM_BA", 1 0, v000001b775dc22f0_0;  1 drivers
v000001b775ddcc60_0 .net "DRAM_CAS_N", 0 0, v000001b775dc0db0_0;  1 drivers
L_000001b775dde660 .functor BUFT 1, C4<1>, C4<0>, C4<0>, C4<0>;
v000001b775ddafa0_0 .net "DRAM_CKE", 0 0, L_000001b775dde660;  1 drivers
v000001b775ddcd00_0 .net "DRAM_CLK", 0 0, L_000001b775c054a0;  1 drivers
L_000001b775dde618 .functor BUFT 1, C4<0>, C4<0>, C4<0>, C4<0>;
v000001b775dda960_0 .net "DRAM_CS_N", 0 0, L_000001b775dde618;  1 drivers
RS_000001b775d10748 .resolv tri, L_000001b775dcf4c0, v000001b775b3d0f0_0;
v000001b775ddbb80_0 .net8 "DRAM_DQ", 15 0, RS_000001b775d10748;  2 drivers
v000001b775ddadc0_0 .net "DRAM_LDQM", 0 0, L_000001b775dcf7e0;  1 drivers
v000001b775ddab40_0 .net "DRAM_RAS_N", 0 0, v000001b775dc3a10_0;  1 drivers
v000001b775ddbcc0_0 .net "DRAM_UDQM", 0 0, L_000001b775dce480;  1 drivers
v000001b775ddabe0_0 .net "DRAM_WE_N", 0 0, v000001b775dc3970_0;  1 drivers
v000001b775ddae60_0 .net "FPGA_I2C_SCLK", 0 0, v000001b775dc5130_0;  1 drivers
v000001b775ddbd60_0 .net "FPGA_I2C_SDAT", 0 0, L_000001b775e3a920;  1 drivers
v000001b775ddac80_0 .net "GPIO_0", 35 0, L_000001b775ddd160;  1 drivers
o000001b775d260d8 .functor BUFZ 36, C4<zzzzzzzzzzzzzzzzzzzzzzzzzzzzzzzzzzzz>; HiZ drive
v000001b775ddb0e0_0 .net "GPIO_1", 35 0, o000001b775d260d8;  0 drivers
v000001b775ddb400_0 .net "HEX0", 6 0, L_000001b775dd4100;  1 drivers
v000001b775ddb5e0_0 .net "HEX1", 6 0, L_000001b775dd4240;  1 drivers
v000001b775ddbea0_0 .net "HEX2", 6 0, L_000001b775dd3b60;  1 drivers
v000001b775ddbf40_0 .net "HEX3", 6 0, L_000001b775dd4560;  1 drivers
v000001b775ddbfe0_0 .net "HEX4", 6 0, L_000001b775dd4380;  1 drivers
v000001b775ddd520_0 .net "HEX5", 6 0, L_000001b775dd3c00;  1 drivers
v000001b775ddd7a0_0 .var "KEY", 3 0;
v000001b775dddb60_0 .net "LEDR", 9 0, v000001b775dbf730_0;  1 drivers
v000001b775dddde0_0 .net "PS2_CLK", 0 0, L_000001b775e3b1e0;  1 drivers
o000001b775d22c58 .functor BUFZ 1, C4<z>; HiZ drive
v000001b775ddd660_0 .net "PS2_CLK2", 0 0, o000001b775d22c58;  0 drivers
v000001b775ddd5c0_0 .net "PS2_DAT", 0 0, L_000001b775e39340;  1 drivers
o000001b775d22c88 .functor BUFZ 1, C4<z>; HiZ drive
v000001b775ddd700_0 .net "PS2_DAT2", 0 0, o000001b775d22c88;  0 drivers
v000001b775ddd2a0_0 .var "SW", 9 0;
v000001b775dddac0_0 .net "VGA_B", 7 0, v000001b775d914b0_0;  1 drivers
v000001b775dddf20_0 .net "VGA_BLANK_N", 0 0, v000001b775d8fc50_0;  1 drivers
v000001b775ddd340_0 .net "VGA_CLK", 0 0, v000001b775d8f250_0;  1 drivers
v000001b775ddd3e0_0 .net "VGA_G", 7 0, v000001b775d91550_0;  1 drivers
v000001b775dddc00_0 .net "VGA_HS", 0 0, v000001b775d8fa70_0;  1 drivers
v000001b775dddca0_0 .net "VGA_R", 7 0, v000001b775d8fed0_0;  1 drivers
v000001b775ddd480_0 .net "VGA_SYNC_N", 0 0, v000001b775d903d0_0;  1 drivers
v000001b775ddd840_0 .net "VGA_VS", 0 0, v000001b775d90d30_0;  1 drivers
v000001b775ddd8e0_0 .var "prev_hs", 0 0;
v000001b775ddd980_0 .var "prev_vs", 0 0;
v000001b775ddda20_0 .var/i "vga_file", 31 0;
v000001b775dddd40_0 .var/i "x_pos", 31 0;
v000001b775ddde80_0 .var/i "y_pos", 31 0;
E_000001b775ce6130 .event posedge, v000001b775d8f250_0;
L_000001b775e3a2e0 .concat [ 1 1 0 0], L_000001b775dcf7e0, L_000001b775dce480;
S_000001b775cb2250 .scope module, "micron_sdram_inst" "micron_sdram" 3 104, 4 48 0, S_000001b775cba7a0;
 .timescale -9 -12;
    .port_info 0 /INOUT 16 "Dq";
    .port_info 1 /INPUT 13 "Addr";
    .port_info 2 /INPUT 2 "Ba";
    .port_info 3 /INPUT 1 "Clk";
    .port_info 4 /INPUT 1 "Cke";
    .port_info 5 /INPUT 1 "Cs_n";
    .port_info 6 /INPUT 1 "Ras_n";
    .port_info 7 /INPUT 1 "Cas_n";
    .port_info 8 /INPUT 1 "We_n";
    .port_info 9 /INPUT 2 "Dqm";
P_000001b775d02f90 .param/l "ADDR_BITS" 0 5 186, +C4<00000000000000000000000000001101>;
P_000001b775d02fc8 .param/l "BA_BITS" 0 5 191, +C4<00000000000000000000000000000010>;
P_000001b775d03000 .param/l "COL_BITS" 0 5 188, +C4<00000000000000000000000000001010>;
P_000001b775d03038 .param/l "DM_BITS" 0 5 190, +C4<00000000000000000000000000000010>;
P_000001b775d03070 .param/l "DQ_BITS" 0 5 189, +C4<00000000000000000000000000010000>;
P_000001b775d030a8 .param/l "ROW_BITS" 0 5 187, +C4<00000000000000000000000000001101>;
P_000001b775d030e0 .param/l "mem_sizes" 0 5 196, +C4<000000000011111111111111111111111>;
P_000001b775d03118 .param/real "tAC1" 0 5 83, Cr<m0gfc1>; value=0.00000
P_000001b775d03150 .param/real "tAC2" 0 5 82, Cr<m6000000000000000gfc4>; value=6.00000
P_000001b775d03188 .param/real "tAC3" 0 5 81, Cr<m5666666666666800gfc4>; value=5.40000
P_000001b775d031c0 .param/real "tAH" 0 4 1064, Cr<m6666666666666800gfc1>; value=0.800000
P_000001b775d031f8 .param/real "tAS" 0 4 1065, Cr<m6000000000000000gfc2>; value=1.50000
P_000001b775d03230 .param/real "tCH" 0 4 1067, Cr<m5000000000000000gfc3>; value=2.50000
P_000001b775d03268 .param/real "tCK" 0 5 77, Cr<m7800000000000000gfc4>; value=7.50000
P_000001b775d032a0 .param/real "tCK1_min" 0 5 80, Cr<m0gfc1>; value=0.00000
P_000001b775d032d8 .param/real "tCK2_min" 0 5 79, Cr<m5000000000000000gfc5>; value=10.0000
P_000001b775d03310 .param/real "tCK3" 0 4 1066, Cr<m7800000000000000gfc4>; value=7.50000
P_000001b775d03348 .param/real "tCK3_min" 0 5 78, Cr<m7800000000000000gfc4>; value=7.50000
P_000001b775d03380 .param/real "tCKH" 0 4 1069, Cr<m6666666666666800gfc1>; value=0.800000
P_000001b775d033b8 .param/real "tCKS" 0 4 1070, Cr<m6000000000000000gfc2>; value=1.50000
P_000001b775d033f0 .param/real "tCL" 0 4 1068, Cr<m5000000000000000gfc3>; value=2.50000
P_000001b775d03428 .param/real "tCMH" 0 4 1071, Cr<m6666666666666800gfc1>; value=0.800000
P_000001b775d03460 .param/real "tCMS" 0 4 1072, Cr<m6000000000000000gfc2>; value=1.50000
P_000001b775d03498 .param/real "tDH" 0 4 1073, Cr<m6666666666666800gfc1>; value=0.800000
P_000001b775d034d0 .param/real "tDS" 0 4 1074, Cr<m6000000000000000gfc2>; value=1.50000
P_000001b775d03508 .param/real "tHZ1" 0 5 86, Cr<m0gfc1>; value=0.00000
P_000001b775d03540 .param/real "tHZ2" 0 5 85, Cr<m6000000000000000gfc4>; value=6.00000
P_000001b775d03578 .param/real "tHZ3" 0 5 84, Cr<m5666666666666800gfc4>; value=5.40000
P_000001b775d035b0 .param/real "tMRD" 0 5 88, Cr<m4000000000000000gfc3>; value=2.00000
P_000001b775d035e8 .param/real "tOH" 0 5 87, Cr<m5666666666666800gfc3>; value=2.70000
P_000001b775d03620 .param/real "tRAS" 0 5 89, Cr<m5800000000000000gfc7>; value=44.0000
P_000001b775d03658 .param/real "tRC" 0 5 90, Cr<m4200000000000000gfc8>; value=66.0000
P_000001b775d03690 .param/real "tRCD" 0 5 92, Cr<m5000000000000000gfc6>; value=20.0000
P_000001b775d036c8 .param/real "tRFC" 0 5 91, Cr<m4200000000000000gfc8>; value=66.0000
P_000001b775d03700 .param/real "tRP" 0 5 93, Cr<m5000000000000000gfc6>; value=20.0000
P_000001b775d03738 .param/real "tRRD" 0 5 94, Cr<m4000000000000000gfc3>; value=2.00000
P_000001b775d03770 .param/real "tWRa" 0 5 95, Cr<m7800000000000000gfc4>; value=7.50000
P_000001b775d037a8 .param/real "tWRm" 0 5 96, Cr<m7800000000000000gfc5>; value=15.0000
v000001b775b67980_0 .array/port v000001b775b67980, 0;
L_000001b775c08220 .functor BUFZ 4, v000001b775b67980_0, C4<0000>, C4<0000>, C4<0000>;
v000001b775b67980_1 .array/port v000001b775b67980, 1;
L_000001b775c07110 .functor BUFZ 4, v000001b775b67980_1, C4<0000>, C4<0000>, C4<0000>;
v000001b775b67980_2 .array/port v000001b775b67980, 2;
L_000001b775c07a40 .functor BUFZ 4, v000001b775b67980_2, C4<0000>, C4<0000>, C4<0000>;
v000001b775b67980_3 .array/port v000001b775b67980, 3;
L_000001b775c08a70 .functor BUFZ 4, v000001b775b67980_3, C4<0000>, C4<0000>, C4<0000>;
L_000001b775c08b50 .functor NOT 1, L_000001b775dde618, C4<0>, C4<0>, C4<0>;
L_000001b775c07180 .functor NOT 1, v000001b775dc3a10_0, C4<0>, C4<0>, C4<0>;
L_000001b775c07490 .functor AND 1, L_000001b775c08b50, L_000001b775c07180, C4<1>, C4<1>;
L_000001b775c07ab0 .functor AND 1, L_000001b775c07490, v000001b775dc0db0_0, C4<1>, C4<1>;
L_000001b775c073b0 .functor AND 1, L_000001b775c07ab0, v000001b775dc3970_0, C4<1>, C4<1>;
L_000001b775c08300 .functor NOT 1, L_000001b775dde618, C4<0>, C4<0>, C4<0>;
L_000001b775c07d50 .functor NOT 1, v000001b775dc3a10_0, C4<0>, C4<0>, C4<0>;
L_000001b775c083e0 .functor AND 1, L_000001b775c08300, L_000001b775c07d50, C4<1>, C4<1>;
L_000001b775c08760 .functor NOT 1, v000001b775dc0db0_0, C4<0>, C4<0>, C4<0>;
L_000001b775c075e0 .functor AND 1, L_000001b775c083e0, L_000001b775c08760, C4<1>, C4<1>;
L_000001b775c08680 .functor AND 1, L_000001b775c075e0, v000001b775dc3970_0, C4<1>, C4<1>;
L_000001b775c087d0 .functor NOT 1, L_000001b775dde618, C4<0>, C4<0>, C4<0>;
L_000001b775c07b20 .functor AND 1, L_000001b775c087d0, v000001b775dc3a10_0, C4<1>, C4<1>;
L_000001b775c07f10 .functor AND 1, L_000001b775c07b20, v000001b775dc0db0_0, C4<1>, C4<1>;
L_000001b775c08840 .functor NOT 1, v000001b775dc3970_0, C4<0>, C4<0>, C4<0>;
L_000001b775c07ff0 .functor AND 1, L_000001b775c07f10, L_000001b775c08840, C4<1>, C4<1>;
L_000001b775c088b0 .functor NOT 1, L_000001b775dde618, C4<0>, C4<0>, C4<0>;
L_000001b775c08bc0 .functor NOT 1, v000001b775dc3a10_0, C4<0>, C4<0>, C4<0>;
L_000001b775c08c30 .functor AND 1, L_000001b775c088b0, L_000001b775c08bc0, C4<1>, C4<1>;
L_000001b775c071f0 .functor NOT 1, v000001b775dc0db0_0, C4<0>, C4<0>, C4<0>;
L_000001b775c07260 .functor AND 1, L_000001b775c08c30, L_000001b775c071f0, C4<1>, C4<1>;
L_000001b775c07340 .functor NOT 1, v000001b775dc3970_0, C4<0>, C4<0>, C4<0>;
L_000001b775c0a6e0 .functor AND 1, L_000001b775c07260, L_000001b775c07340, C4<1>, C4<1>;
L_000001b775c09100 .functor NOT 1, L_000001b775dde618, C4<0>, C4<0>, C4<0>;
L_000001b775c0a0c0 .functor NOT 1, v000001b775dc3a10_0, C4<0>, C4<0>, C4<0>;
L_000001b775c0a750 .functor AND 1, L_000001b775c09100, L_000001b775c0a0c0, C4<1>, C4<1>;
L_000001b775c09c60 .functor AND 1, L_000001b775c0a750, v000001b775dc0db0_0, C4<1>, C4<1>;
L_000001b775c099c0 .functor NOT 1, v000001b775dc3970_0, C4<0>, C4<0>, C4<0>;
L_000001b775c0a7c0 .functor AND 1, L_000001b775c09c60, L_000001b775c099c0, C4<1>, C4<1>;
L_000001b775c09790 .functor NOT 1, L_000001b775dde618, C4<0>, C4<0>, C4<0>;
L_000001b775c09db0 .functor AND 1, L_000001b775c09790, v000001b775dc3a10_0, C4<1>, C4<1>;
L_000001b775c0a600 .functor NOT 1, v000001b775dc0db0_0, C4<0>, C4<0>, C4<0>;
L_000001b775c0a130 .functor AND 1, L_000001b775c09db0, L_000001b775c0a600, C4<1>, C4<1>;
L_000001b775c092c0 .functor AND 1, L_000001b775c0a130, v000001b775dc3970_0, C4<1>, C4<1>;
L_000001b775c09a30 .functor NOT 1, L_000001b775dde618, C4<0>, C4<0>, C4<0>;
L_000001b775c0a4b0 .functor AND 1, L_000001b775c09a30, v000001b775dc3a10_0, C4<1>, C4<1>;
L_000001b775c0a830 .functor NOT 1, v000001b775dc0db0_0, C4<0>, C4<0>, C4<0>;
L_000001b775c08fb0 .functor AND 1, L_000001b775c0a4b0, L_000001b775c0a830, C4<1>, C4<1>;
L_000001b775c09720 .functor NOT 1, v000001b775dc3970_0, C4<0>, C4<0>, C4<0>;
L_000001b775c09e90 .functor AND 1, L_000001b775c08fb0, L_000001b775c09720, C4<1>, C4<1>;
L_000001b775c09f00 .functor NOT 1, L_000001b775e3b320, C4<0>, C4<0>, C4<0>;
L_000001b775c0a670 .functor NOT 1, L_000001b775e39660, C4<0>, C4<0>, C4<0>;
L_000001b775c09aa0 .functor AND 1, L_000001b775c09f00, L_000001b775c0a670, C4<1>, C4<1>;
L_000001b775c0a2f0 .functor NOT 1, L_000001b775e3b000, C4<0>, C4<0>, C4<0>;
L_000001b775c08d80 .functor AND 1, L_000001b775c09aa0, L_000001b775c0a2f0, C4<1>, C4<1>;
L_000001b775c0a360 .functor NOT 1, L_000001b775e3b460, C4<0>, C4<0>, C4<0>;
L_000001b775c08ca0 .functor NOT 1, L_000001b775e3a9c0, C4<0>, C4<0>, C4<0>;
L_000001b775c09b10 .functor AND 1, L_000001b775c0a360, L_000001b775c08ca0, C4<1>, C4<1>;
L_000001b775c08d10 .functor AND 1, L_000001b775c09b10, L_000001b775e39fc0, C4<1>, C4<1>;
L_000001b775c09e20 .functor NOT 1, L_000001b775e39ca0, C4<0>, C4<0>, C4<0>;
L_000001b775c093a0 .functor AND 1, L_000001b775c09e20, L_000001b775e3b140, C4<1>, C4<1>;
L_000001b775c09b80 .functor NOT 1, L_000001b775e3a1a0, C4<0>, C4<0>, C4<0>;
L_000001b775c098e0 .functor AND 1, L_000001b775c093a0, L_000001b775c09b80, C4<1>, C4<1>;
L_000001b775c0a3d0 .functor NOT 1, L_000001b775e392a0, C4<0>, C4<0>, C4<0>;
L_000001b775c0a1a0 .functor AND 1, L_000001b775c0a3d0, L_000001b775e3a240, C4<1>, C4<1>;
L_000001b775c09410 .functor AND 1, L_000001b775c0a1a0, L_000001b775e3a560, C4<1>, C4<1>;
L_000001b775c0a280 .functor AND 1, L_000001b775e3b0a0, L_000001b775e398e0, C4<1>, C4<1>;
L_000001b775c09bf0 .functor AND 1, L_000001b775c0a280, L_000001b775e3a600, C4<1>, C4<1>;
L_000001b775c09800 .functor AND 1, v000001b77570b640_0, v000001b775b67480_0, C4<1>, C4<1>;
v000001b775cac580 .array "A10_precharge", 3 0, 0 0;
v000001b775cac760_0 .var "Act_b0", 0 0;
v000001b775cacee0_0 .var "Act_b1", 0 0;
v000001b775cabae0_0 .var "Act_b2", 0 0;
v000001b775cabb80_0 .var "Act_b3", 0 0;
v000001b775cad0c0_0 .net "Active_enable", 0 0, L_000001b775c073b0;  1 drivers
v000001b775caca80_0 .net "Addr", 12 0, v000001b775dc2250_0;  alias, 1 drivers
v000001b775cabe00_0 .net "Aref_enable", 0 0, L_000001b775c08680;  1 drivers
v000001b775cabc20 .array "Auto_precharge", 3 0, 0 0;
v000001b775cac8a0_0 .var "B0_row_addr", 12 0;
v000001b775cad020_0 .var "B1_row_addr", 12 0;
v000001b775cabcc0_0 .var "B2_row_addr", 12 0;
v000001b775cad340_0 .var "B3_row_addr", 12 0;
v000001b775cac080_0 .net "Ba", 1 0, v000001b775dc22f0_0;  alias, 1 drivers
v000001b775cabd60_0 .var "Bank", 1 0;
v000001b775cac940 .array "Bank0", 8388607 0, 15 0;
v000001b775cac1c0 .array "Bank1", 8388607 0, 15 0;
v000001b775cac9e0 .array "Bank2", 8388607 0, 15 0;
v000001b775cabea0 .array "Bank3", 8388607 0, 15 0;
v000001b775cad3e0 .array "Bank_addr", 3 0, 1 0;
v000001b775cad700 .array "Bank_precharge", 3 0, 1 0;
v000001b775cabf40_0 .var "Burst_counter", 9 0;
v000001b775cad7a0_0 .net "Burst_length_1", 0 0, L_000001b775c08d80;  1 drivers
v000001b775cac4e0_0 .net "Burst_length_2", 0 0, L_000001b775c08d10;  1 drivers
v000001b775cacb20_0 .net "Burst_length_4", 0 0, L_000001b775c098e0;  1 drivers
v000001b775cad200_0 .net "Burst_length_8", 0 0, L_000001b775c09410;  1 drivers
v000001b775cac300_0 .net "Burst_length_f", 0 0, L_000001b775c09bf0;  1 drivers
v000001b775b66d00_0 .net "Burst_term", 0 0, L_000001b775c07ff0;  1 drivers
v000001b775b66760_0 .net "Cas_latency", 2 0, L_000001b775e3a6a0;  1 drivers
v000001b775b668a0_0 .net "Cas_n", 0 0, v000001b775dc0db0_0;  alias, 1 drivers
v000001b775b66440_0 .net "Cke", 0 0, L_000001b775dde660;  alias, 1 drivers
v000001b775b67b60_0 .var "CkeZ", 0 0;
v000001b775b66e40_0 .net "Clk", 0 0, L_000001b775c054a0;  alias, 1 drivers
v000001b775b67520_0 .var "Col", 9 0;
v000001b775b66f80 .array "Col_addr", 3 0, 9 0;
v000001b775b670c0_0 .var "Col_brst", 9 0;
v000001b775b67160_0 .var "Col_temp", 9 0;
v000001b775b67980 .array "Command", 3 0, 3 0;
v000001b775b673e0 .array/i "Count_precharge", 3 0, 31 0;
v000001b775b67a20_0 .net "Cs_n", 0 0, L_000001b775dde618;  alias, 1 drivers
v000001b775b67480_0 .var "Data_in_enable", 0 0;
v000001b775b65fe0_0 .var "Data_out_enable", 0 0;
L_000001b775ddf278 .functor BUFT 1, C4<0>, C4<0>, C4<0>, C4<0>;
v000001b775b66120_0 .net "Debug", 0 0, L_000001b775ddf278;  1 drivers
v000001b775b67ca0_0 .net8 "Dq", 15 0, RS_000001b775d10748;  alias, 2 drivers
v000001b775b677a0_0 .net "Dq_chk", 0 0, L_000001b775c09800;  1 drivers
v000001b775b3d5f0_0 .var "Dq_dqm", 15 0;
v000001b775b3d0f0_0 .var "Dq_reg", 15 0;
v000001b775b3c150_0 .net "Dqm", 1 0, L_000001b775e3a2e0;  1 drivers
v000001b775b3c1f0_0 .var "Dqm_reg0", 1 0;
v000001b775b3c6f0_0 .var "Dqm_reg1", 1 0;
v000001b775b3cbf0_0 .var "MRD_chk", 63 0;
v000001b775b3dc30_0 .var "Mode_reg", 12 0;
v000001b775b3daf0_0 .net "Mode_reg_enable", 0 0, L_000001b775c0a6e0;  1 drivers
v000001b775b3cc90_0 .var "Pc_b0", 0 0;
v000001b775b3d230_0 .var "Pc_b1", 0 0;
v000001b775b3d410_0 .var "Pc_b2", 0 0;
v000001b775b3d690_0 .var "Pc_b3", 0 0;
v000001b775b3d870_0 .net "Prech_enable", 0 0, L_000001b775c0a7c0;  1 drivers
v000001b775c115b0_0 .var "Prev_bank", 1 0;
v000001b775c11330_0 .var "RAS_chk0", 63 0;
v000001b775c11650_0 .var "RAS_chk1", 63 0;
v000001b775c10d90_0 .var "RAS_chk2", 63 0;
v000001b775c11790_0 .var "RAS_chk3", 63 0;
v000001b775c10c50_0 .var "RCD_chk0", 63 0;
v000001b775c11b50_0 .var "RCD_chk1", 63 0;
v000001b775c113d0_0 .var "RCD_chk2", 63 0;
v000001b775c11bf0_0 .var "RCD_chk3", 63 0;
v000001b775c11f10_0 .var "RC_chk0", 63 0;
v000001b775c102f0_0 .var "RC_chk1", 63 0;
v000001b775c10930_0 .var "RC_chk2", 63 0;
v000001b775c35690_0 .var "RC_chk3", 63 0;
v000001b775c364f0_0 .var "RFC_chk", 63 0;
v000001b775c35870_0 .var "RP_chk0", 63 0;
v000001b775c34b50_0 .var "RP_chk1", 63 0;
v000001b775c34bf0_0 .var "RP_chk2", 63 0;
v000001b775c35190_0 .var "RP_chk3", 63 0;
v000001b775c35370_0 .var "RRD_chk", 63 0;
v000001b775c354b0_0 .var "RW_interrupt_bank", 1 0;
v000001b775c35af0 .array/i "RW_interrupt_counter", 3 0, 31 0;
v000001b775c361d0 .array "RW_interrupt_read", 3 0, 0 0;
v000001b775c35550 .array "RW_interrupt_write", 3 0, 0 0;
v000001b77570b500_0 .net "Ras_n", 0 0, v000001b775dc3a10_0;  alias, 1 drivers
v000001b77570af60_0 .net "Read_enable", 0 0, L_000001b775c092c0;  1 drivers
v000001b77570b960 .array "Read_precharge", 3 0, 0 0;
v000001b77570b5a0_0 .var "Row", 12 0;
v000001b77570b640_0 .var "Sys_clk", 0 0;
v000001b77570ab00 .array "WR_chkm", 3 0, 63 0;
v000001b77570ac40_0 .net "We_n", 0 0, v000001b775dc3970_0;  alias, 1 drivers
v000001b775bdd910_0 .net "Write_burst_mode", 0 0, L_000001b775e38d00;  1 drivers
v000001b775bdda50_0 .net "Write_enable", 0 0, L_000001b775c09e90;  1 drivers
v000001b775bb0ff0 .array "Write_precharge", 3 0, 0 0;
v000001b775baf650_0 .net *"_ivl_100", 0 0, L_000001b775c09aa0;  1 drivers
v000001b7757c1a30_0 .net *"_ivl_103", 0 0, L_000001b775e3b000;  1 drivers
v000001b7757c0c70_0 .net *"_ivl_104", 0 0, L_000001b775c0a2f0;  1 drivers
v000001b7757c22f0_0 .net *"_ivl_109", 0 0, L_000001b775e3b460;  1 drivers
v000001b7757c12b0_0 .net *"_ivl_110", 0 0, L_000001b775c0a360;  1 drivers
v000001b7757c17b0_0 .net *"_ivl_113", 0 0, L_000001b775e3a9c0;  1 drivers
v000001b7757c0630_0 .net *"_ivl_114", 0 0, L_000001b775c08ca0;  1 drivers
v000001b7757c0db0_0 .net *"_ivl_116", 0 0, L_000001b775c09b10;  1 drivers
v000001b7757c2890_0 .net *"_ivl_119", 0 0, L_000001b775e39fc0;  1 drivers
v000001b7757c1fd0_0 .net *"_ivl_12", 0 0, L_000001b775c08b50;  1 drivers
v000001b7757c1850_0 .net *"_ivl_123", 0 0, L_000001b775e39ca0;  1 drivers
v000001b7757c2c50_0 .net *"_ivl_124", 0 0, L_000001b775c09e20;  1 drivers
v000001b7757c2a70_0 .net *"_ivl_127", 0 0, L_000001b775e3b140;  1 drivers
v000001b7757c2390_0 .net *"_ivl_128", 0 0, L_000001b775c093a0;  1 drivers
v000001b7757c2cf0_0 .net *"_ivl_131", 0 0, L_000001b775e3a1a0;  1 drivers
v000001b7757c1990_0 .net *"_ivl_132", 0 0, L_000001b775c09b80;  1 drivers
v000001b7757c18f0_0 .net *"_ivl_137", 0 0, L_000001b775e392a0;  1 drivers
v000001b7757c2930_0 .net *"_ivl_138", 0 0, L_000001b775c0a3d0;  1 drivers
v000001b7757c2b10_0 .net *"_ivl_14", 0 0, L_000001b775c07180;  1 drivers
v000001b7757c0a90_0 .net *"_ivl_141", 0 0, L_000001b775e3a240;  1 drivers
v000001b7757c1df0_0 .net *"_ivl_142", 0 0, L_000001b775c0a1a0;  1 drivers
v000001b7757c1530_0 .net *"_ivl_145", 0 0, L_000001b775e3a560;  1 drivers
v000001b7757c1e90_0 .net *"_ivl_149", 0 0, L_000001b775e3b0a0;  1 drivers
v000001b7757c13f0_0 .net *"_ivl_151", 0 0, L_000001b775e398e0;  1 drivers
v000001b7757c1f30_0 .net *"_ivl_152", 0 0, L_000001b775c0a280;  1 drivers
v000001b7757c10d0_0 .net *"_ivl_155", 0 0, L_000001b775e3a600;  1 drivers
v000001b7757c21b0_0 .net *"_ivl_159", 0 0, L_000001b775e39a20;  1 drivers
v000001b7757c1ad0_0 .net *"_ivl_16", 0 0, L_000001b775c07490;  1 drivers
v000001b7757c15d0_0 .net *"_ivl_161", 0 0, L_000001b775e3aba0;  1 drivers
v000001b7757c1670_0 .net *"_ivl_163", 0 0, L_000001b775e3aa60;  1 drivers
v000001b7757c1170_0 .net *"_ivl_18", 0 0, L_000001b775c07ab0;  1 drivers
v000001b7757c2110_0 .var *"_ivl_180", 15 0; Local signal
v000001b7757c1210_0 .net *"_ivl_22", 0 0, L_000001b775c08300;  1 drivers
v000001b7757c0770_0 .net *"_ivl_24", 0 0, L_000001b775c07d50;  1 drivers
v000001b7757c1710_0 .net *"_ivl_26", 0 0, L_000001b775c083e0;  1 drivers
v000001b7757c2750_0 .net *"_ivl_28", 0 0, L_000001b775c08760;  1 drivers
v000001b7757c29d0_0 .net *"_ivl_30", 0 0, L_000001b775c075e0;  1 drivers
v000001b7757c1b70_0 .net *"_ivl_34", 0 0, L_000001b775c087d0;  1 drivers
v000001b7757c1350_0 .net *"_ivl_36", 0 0, L_000001b775c07b20;  1 drivers
v000001b7757c0810_0 .net *"_ivl_38", 0 0, L_000001b775c07f10;  1 drivers
v000001b7757c1c10_0 .net *"_ivl_40", 0 0, L_000001b775c08840;  1 drivers
v000001b7757c0f90_0 .net *"_ivl_44", 0 0, L_000001b775c088b0;  1 drivers
v000001b7757c1cb0_0 .net *"_ivl_46", 0 0, L_000001b775c08bc0;  1 drivers
v000001b7757c2bb0_0 .net *"_ivl_48", 0 0, L_000001b775c08c30;  1 drivers
v000001b7757c0950_0 .net *"_ivl_50", 0 0, L_000001b775c071f0;  1 drivers
v000001b7757c1490_0 .net *"_ivl_52", 0 0, L_000001b775c07260;  1 drivers
v000001b7757c0e50_0 .net *"_ivl_54", 0 0, L_000001b775c07340;  1 drivers
v000001b7757c1030_0 .net *"_ivl_58", 0 0, L_000001b775c09100;  1 drivers
v000001b7757c09f0_0 .net *"_ivl_60", 0 0, L_000001b775c0a0c0;  1 drivers
v000001b7757c2250_0 .net *"_ivl_62", 0 0, L_000001b775c0a750;  1 drivers
v000001b7757c1d50_0 .net *"_ivl_64", 0 0, L_000001b775c09c60;  1 drivers
v000001b7757c0ef0_0 .net *"_ivl_66", 0 0, L_000001b775c099c0;  1 drivers
v000001b7757c24d0_0 .net *"_ivl_70", 0 0, L_000001b775c09790;  1 drivers
v000001b7757c0bd0_0 .net *"_ivl_72", 0 0, L_000001b775c09db0;  1 drivers
v000001b7757c2070_0 .net *"_ivl_74", 0 0, L_000001b775c0a600;  1 drivers
v000001b7757c0b30_0 .net *"_ivl_76", 0 0, L_000001b775c0a130;  1 drivers
v000001b7757c2430_0 .net *"_ivl_80", 0 0, L_000001b775c09a30;  1 drivers
v000001b7757c2570_0 .net *"_ivl_82", 0 0, L_000001b775c0a4b0;  1 drivers
v000001b7757c2610_0 .net *"_ivl_84", 0 0, L_000001b775c0a830;  1 drivers
v000001b7757c26b0_0 .net *"_ivl_86", 0 0, L_000001b775c08fb0;  1 drivers
v000001b7757c06d0_0 .net *"_ivl_88", 0 0, L_000001b775c09720;  1 drivers
v000001b7757c27f0_0 .net *"_ivl_93", 0 0, L_000001b775e3b320;  1 drivers
v000001b7757c2d90_0 .net *"_ivl_94", 0 0, L_000001b775c09f00;  1 drivers
v000001b7757c08b0_0 .net *"_ivl_97", 0 0, L_000001b775e39660;  1 drivers
v000001b7757c0d10_0 .net *"_ivl_98", 0 0, L_000001b775c0a670;  1 drivers
v000001b7757c3c90_0 .net "dbg_command0", 3 0, L_000001b775c08220;  1 drivers
v000001b7757c4410_0 .net "dbg_command1", 3 0, L_000001b775c07110;  1 drivers
v000001b7757c42d0_0 .net "dbg_command2", 3 0, L_000001b775c07a40;  1 drivers
v000001b7757c2ed0_0 .net "dbg_command3", 3 0, L_000001b775c08a70;  1 drivers
v000001b7757c4230_0 .var "tAC", 63 0;
v000001b7757c4370_0 .var "tHZ", 63 0;
E_000001b775ce6a30 .event posedge, v000001b77570b640_0;
E_000001b775ce6ab0 .event anyedge, v000001b775b66760_0;
E_000001b775ce6b70 .event negedge, v000001b775b66e40_0;
E_000001b775ce70b0 .event posedge, v000001b775b66e40_0;
L_000001b775e3b320 .part v000001b775b3dc30_0, 2, 1;
L_000001b775e39660 .part v000001b775b3dc30_0, 1, 1;
L_000001b775e3b000 .part v000001b775b3dc30_0, 0, 1;
L_000001b775e3b460 .part v000001b775b3dc30_0, 2, 1;
L_000001b775e3a9c0 .part v000001b775b3dc30_0, 1, 1;
L_000001b775e39fc0 .part v000001b775b3dc30_0, 0, 1;
L_000001b775e39ca0 .part v000001b775b3dc30_0, 2, 1;
L_000001b775e3b140 .part v000001b775b3dc30_0, 1, 1;
L_000001b775e3a1a0 .part v000001b775b3dc30_0, 0, 1;
L_000001b775e392a0 .part v000001b775b3dc30_0, 2, 1;
L_000001b775e3a240 .part v000001b775b3dc30_0, 1, 1;
L_000001b775e3a560 .part v000001b775b3dc30_0, 0, 1;
L_000001b775e3b0a0 .part v000001b775b3dc30_0, 2, 1;
L_000001b775e398e0 .part v000001b775b3dc30_0, 1, 1;
L_000001b775e3a600 .part v000001b775b3dc30_0, 0, 1;
L_000001b775e39a20 .part v000001b775b3dc30_0, 6, 1;
L_000001b775e3aba0 .part v000001b775b3dc30_0, 5, 1;
L_000001b775e3aa60 .part v000001b775b3dc30_0, 4, 1;
L_000001b775e3a6a0 .concat [ 1 1 1 0], L_000001b775e3aa60, L_000001b775e3aba0, L_000001b775e39a20;
L_000001b775e38d00 .part v000001b775b3dc30_0, 9, 1;
S_000001b77590d8f0 .scope task, "Burst_decode" "Burst_decode" 4 1006, 4 1006 0, S_000001b775cb2250;
 .timescale -9 -12;
TD_tb.micron_sdram_inst.Burst_decode ;
    %load/vec4 v000001b775cabf40_0;
    %addi 1, 0, 10;
    %store/vec4 v000001b775cabf40_0, 0, 10;
    %load/vec4 v000001b775b3dc30_0;
    %parti/s 1, 3, 3;
    %cmpi/e 0, 0, 1;
    %jmp/0xz  T_0.0, 4;
    %load/vec4 v000001b775b67520_0;
    %addi 1, 0, 10;
    %store/vec4 v000001b775b67160_0, 0, 10;
    %jmp T_0.1;
T_0.0 ;
    %load/vec4 v000001b775b3dc30_0;
    %parti/s 1, 3, 3;
    %cmpi/e 1, 0, 1;
    %jmp/0xz  T_0.2, 4;
    %load/vec4 v000001b775cabf40_0;
    %parti/s 1, 2, 3;
    %load/vec4 v000001b775b670c0_0;
    %parti/s 1, 2, 3;
    %xor;
    %ix/load 4, 2, 0;
    %flag_set/imm 4, 0;
    %store/vec4 v000001b775b67160_0, 4, 1;
    %load/vec4 v000001b775cabf40_0;
    %parti/s 1, 1, 2;
    %load/vec4 v000001b775b670c0_0;
    %parti/s 1, 1, 2;
    %xor;
    %ix/load 4, 1, 0;
    %flag_set/imm 4, 0;
    %store/vec4 v000001b775b67160_0, 4, 1;
    %load/vec4 v000001b775cabf40_0;
    %parti/s 1, 0, 2;
    %load/vec4 v000001b775b670c0_0;
    %parti/s 1, 0, 2;
    %xor;
    %ix/load 4, 0, 0;
    %flag_set/imm 4, 0;
    %store/vec4 v000001b775b67160_0, 4, 1;
T_0.2 ;
T_0.1 ;
    %load/vec4 v000001b775cac4e0_0;
    %flag_set/vec4 8;
    %jmp/0xz  T_0.4, 8;
    %load/vec4 v000001b775b67160_0;
    %parti/s 1, 0, 2;
    %ix/load 4, 0, 0;
    %flag_set/imm 4, 0;
    %store/vec4 v000001b775b67520_0, 4, 1;
    %jmp T_0.5;
T_0.4 ;
    %load/vec4 v000001b775cacb20_0;
    %flag_set/vec4 8;
    %jmp/0xz  T_0.6, 8;
    %load/vec4 v000001b775b67160_0;
    %parti/s 2, 0, 2;
    %ix/load 4, 0, 0;
    %flag_set/imm 4, 0;
    %store/vec4 v000001b775b67520_0, 4, 2;
    %jmp T_0.7;
T_0.6 ;
    %load/vec4 v000001b775cad200_0;
    %flag_set/vec4 8;
    %jmp/0xz  T_0.8, 8;
    %load/vec4 v000001b775b67160_0;
    %parti/s 3, 0, 2;
    %ix/load 4, 0, 0;
    %flag_set/imm 4, 0;
    %store/vec4 v000001b775b67520_0, 4, 3;
    %jmp T_0.9;
T_0.8 ;
    %load/vec4 v000001b775b67160_0;
    %store/vec4 v000001b775b67520_0, 0, 10;
T_0.9 ;
T_0.7 ;
T_0.5 ;
    %load/vec4 v000001b775bdd910_0;
    %cmpi/e 1, 0, 1;
    %jmp/0xz  T_0.10, 4;
    %pushi/vec4 0, 0, 1;
    %store/vec4 v000001b775b67480_0, 0, 1;
T_0.10 ;
    %load/vec4 v000001b775cad7a0_0;
    %cmpi/e 1, 0, 1;
    %jmp/0xz  T_0.12, 4;
    %load/vec4 v000001b775cabf40_0;
    %pad/u 32;
    %cmpi/u 1, 0, 32;
    %flag_inv 5; GE is !LT
    %jmp/0xz  T_0.14, 5;
    %pushi/vec4 0, 0, 1;
    %store/vec4 v000001b775b67480_0, 0, 1;
    %pushi/vec4 0, 0, 1;
    %store/vec4 v000001b775b65fe0_0, 0, 1;
T_0.14 ;
    %jmp T_0.13;
T_0.12 ;
    %load/vec4 v000001b775cac4e0_0;
    %cmpi/e 1, 0, 1;
    %jmp/0xz  T_0.16, 4;
    %load/vec4 v000001b775cabf40_0;
    %pad/u 32;
    %cmpi/u 2, 0, 32;
    %flag_inv 5; GE is !LT
    %jmp/0xz  T_0.18, 5;
    %pushi/vec4 0, 0, 1;
    %store/vec4 v000001b775b67480_0, 0, 1;
    %pushi/vec4 0, 0, 1;
    %store/vec4 v000001b775b65fe0_0, 0, 1;
T_0.18 ;
    %jmp T_0.17;
T_0.16 ;
    %load/vec4 v000001b775cacb20_0;
    %cmpi/e 1, 0, 1;
    %jmp/0xz  T_0.20, 4;
    %load/vec4 v000001b775cabf40_0;
    %pad/u 32;
    %cmpi/u 4, 0, 32;
    %flag_inv 5; GE is !LT
    %jmp/0xz  T_0.22, 5;
    %pushi/vec4 0, 0, 1;
    %store/vec4 v000001b775b67480_0, 0, 1;
    %pushi/vec4 0, 0, 1;
    %store/vec4 v000001b775b65fe0_0, 0, 1;
T_0.22 ;
    %jmp T_0.21;
T_0.20 ;
    %load/vec4 v000001b775cad200_0;
    %cmpi/e 1, 0, 1;
    %jmp/0xz  T_0.24, 4;
    %load/vec4 v000001b775cabf40_0;
    %pad/u 32;
    %cmpi/u 8, 0, 32;
    %flag_inv 5; GE is !LT
    %jmp/0xz  T_0.26, 5;
    %pushi/vec4 0, 0, 1;
    %store/vec4 v000001b775b67480_0, 0, 1;
    %pushi/vec4 0, 0, 1;
    %store/vec4 v000001b775b65fe0_0, 0, 1;
T_0.26 ;
T_0.24 ;
T_0.21 ;
T_0.17 ;
T_0.13 ;
    %end;
S_000001b7756ee9f0 .scope module, "neoami_inst" "neoami" 3 54, 6 4 0, S_000001b775cba7a0;
 .timescale -9 -9;
    .port_info 0 /INPUT 1 "AUD_ADCDAT";
    .port_info 1 /INOUT 1 "AUD_ADCLRCK";
    .port_info 2 /INOUT 1 "AUD_BCLK";
    .port_info 3 /OUTPUT 1 "AUD_DACDAT";
    .port_info 4 /INOUT 1 "AUD_DACLRCK";
    .port_info 5 /OUTPUT 1 "AUD_XCK";
    .port_info 6 /INPUT 1 "CLOCK2_50";
    .port_info 7 /INPUT 1 "CLOCK3_50";
    .port_info 8 /INPUT 1 "CLOCK4_50";
    .port_info 9 /INPUT 1 "CLOCK_50";
    .port_info 10 /OUTPUT 13 "DRAM_ADDR";
    .port_info 11 /OUTPUT 2 "DRAM_BA";
    .port_info 12 /OUTPUT 1 "DRAM_CAS_N";
    .port_info 13 /OUTPUT 1 "DRAM_CKE";
    .port_info 14 /OUTPUT 1 "DRAM_CLK";
    .port_info 15 /OUTPUT 1 "DRAM_CS_N";
    .port_info 16 /INOUT 16 "DRAM_DQ";
    .port_info 17 /OUTPUT 1 "DRAM_LDQM";
    .port_info 18 /OUTPUT 1 "DRAM_RAS_N";
    .port_info 19 /OUTPUT 1 "DRAM_UDQM";
    .port_info 20 /OUTPUT 1 "DRAM_WE_N";
    .port_info 21 /OUTPUT 1 "FPGA_I2C_SCLK";
    .port_info 22 /INOUT 1 "FPGA_I2C_SDAT";
    .port_info 23 /OUTPUT 7 "HEX0";
    .port_info 24 /OUTPUT 7 "HEX1";
    .port_info 25 /OUTPUT 7 "HEX2";
    .port_info 26 /OUTPUT 7 "HEX3";
    .port_info 27 /OUTPUT 7 "HEX4";
    .port_info 28 /OUTPUT 7 "HEX5";
    .port_info 29 /INPUT 4 "KEY";
    .port_info 30 /OUTPUT 10 "LEDR";
    .port_info 31 /INOUT 1 "PS2_CLK";
    .port_info 32 /INOUT 1 "PS2_CLK2";
    .port_info 33 /INOUT 1 "PS2_DAT";
    .port_info 34 /INOUT 1 "PS2_DAT2";
    .port_info 35 /INPUT 10 "SW";
    .port_info 36 /OUTPUT 1 "VGA_BLANK_N";
    .port_info 37 /OUTPUT 8 "VGA_B";
    .port_info 38 /OUTPUT 1 "VGA_CLK";
    .port_info 39 /OUTPUT 8 "VGA_G";
    .port_info 40 /OUTPUT 1 "VGA_HS";
    .port_info 41 /OUTPUT 8 "VGA_R";
    .port_info 42 /OUTPUT 1 "VGA_SYNC_N";
    .port_info 43 /OUTPUT 1 "VGA_VS";
    .port_info 44 /INOUT 36 "GPIO_0";
    .port_info 45 /INOUT 36 "GPIO_1";
L_000001b775c06e00 .functor BUFZ 1, v000001b775dbd070_0, C4<0>, C4<0>, C4<0>;
v000001b775dda780_0 .net "AUD_ADCDAT", 0 0, v000001b775ddba40_0;  1 drivers
v000001b775dd9420_0 .net "AUD_ADCLRCK", 0 0, o000001b775d25f28;  alias, 0 drivers
v000001b775dd9380_0 .net "AUD_BCLK", 0 0, o000001b775d25f58;  alias, 0 drivers
v000001b775dda320_0 .net "AUD_DACDAT", 0 0, o000001b775d25f88;  alias, 0 drivers
v000001b775dd8a20_0 .net "AUD_DACLRCK", 0 0, o000001b775d25fb8;  alias, 0 drivers
v000001b775dd9560_0 .net "AUD_XCK", 0 0, o000001b775d25fe8;  alias, 0 drivers
v000001b775dd8520_0 .net "CLOCK2_50", 0 0, v000001b775dda8c0_0;  1 drivers
v000001b775dda0a0_0 .net "CLOCK3_50", 0 0, v000001b775ddcb20_0;  1 drivers
v000001b775dd8d40_0 .net "CLOCK4_50", 0 0, v000001b775ddb7c0_0;  1 drivers
v000001b775dda000_0 .net "CLOCK_50", 0 0, v000001b775ddca80_0;  1 drivers
v000001b775dd9ec0_0 .net "DRAM_ADDR", 12 0, v000001b775dc2250_0;  alias, 1 drivers
v000001b775dd8e80_0 .net "DRAM_BA", 1 0, v000001b775dc22f0_0;  alias, 1 drivers
v000001b775dd85c0_0 .net "DRAM_CAS_N", 0 0, v000001b775dc0db0_0;  alias, 1 drivers
v000001b775dd9920_0 .net "DRAM_CKE", 0 0, L_000001b775dde660;  alias, 1 drivers
v000001b775dda140_0 .net "DRAM_CLK", 0 0, L_000001b775c054a0;  alias, 1 drivers
v000001b775dd8b60_0 .net "DRAM_CS_N", 0 0, L_000001b775dde618;  alias, 1 drivers
v000001b775dd91a0_0 .net8 "DRAM_DQ", 15 0, RS_000001b775d10748;  alias, 2 drivers
v000001b775dd9c40_0 .net "DRAM_LDQM", 0 0, L_000001b775dcf7e0;  alias, 1 drivers
v000001b775dd8f20_0 .net "DRAM_RAS_N", 0 0, v000001b775dc3a10_0;  alias, 1 drivers
v000001b775dd9d80_0 .net "DRAM_UDQM", 0 0, L_000001b775dce480;  alias, 1 drivers
v000001b775dda3c0_0 .net "DRAM_WE_N", 0 0, v000001b775dc3970_0;  alias, 1 drivers
v000001b775dd9f60_0 .net "FPGA_I2C_SCLK", 0 0, v000001b775dc5130_0;  alias, 1 drivers
v000001b775dda1e0_0 .net "FPGA_I2C_SDAT", 0 0, L_000001b775e3a920;  alias, 1 drivers
v000001b775dda460_0 .net "GPIO_0", 35 0, L_000001b775ddd160;  alias, 1 drivers
v000001b775dd8200_0 .net "GPIO_1", 35 0, o000001b775d260d8;  alias, 0 drivers
v000001b775dd9b00_0 .net "HEX0", 6 0, L_000001b775dd4100;  alias, 1 drivers
v000001b775dd8de0_0 .net "HEX1", 6 0, L_000001b775dd4240;  alias, 1 drivers
v000001b775dd88e0_0 .net "HEX2", 6 0, L_000001b775dd3b60;  alias, 1 drivers
v000001b775dd8fc0_0 .net "HEX3", 6 0, L_000001b775dd4560;  alias, 1 drivers
v000001b775dd96a0_0 .net "HEX4", 6 0, L_000001b775dd4380;  alias, 1 drivers
v000001b775dda280_0 .net "HEX5", 6 0, L_000001b775dd3c00;  alias, 1 drivers
v000001b775dda500_0 .net "KEY", 3 0, v000001b775ddd7a0_0;  1 drivers
v000001b775dda5a0_0 .net "LEDR", 9 0, v000001b775dbf730_0;  alias, 1 drivers
v000001b775dda640_0 .net "PS2_CLK", 0 0, L_000001b775e3b1e0;  alias, 1 drivers
v000001b775dd82a0_0 .net "PS2_CLK2", 0 0, o000001b775d22c58;  alias, 0 drivers
v000001b775dd8ca0_0 .net "PS2_DAT", 0 0, L_000001b775e39340;  alias, 1 drivers
v000001b775dd9ba0_0 .net "PS2_DAT2", 0 0, o000001b775d22c88;  alias, 0 drivers
v000001b775dda6e0_0 .net "SW", 9 0, v000001b775ddd2a0_0;  1 drivers
v000001b775dda820_0 .net "UART_RX", 0 0, L_000001b775ddd0c0;  1 drivers
v000001b775dd9060_0 .net "UART_TX", 0 0, v000001b775dbd070_0;  1 drivers
v000001b775dd8840_0 .net "VGA_B", 7 0, v000001b775d914b0_0;  alias, 1 drivers
v000001b775dd80c0_0 .net "VGA_BLANK_N", 0 0, v000001b775d8fc50_0;  alias, 1 drivers
v000001b775dd9740_0 .net "VGA_CLK", 0 0, v000001b775d8f250_0;  alias, 1 drivers
v000001b775dd94c0_0 .net "VGA_G", 7 0, v000001b775d91550_0;  alias, 1 drivers
v000001b775dd97e0_0 .net "VGA_HS", 0 0, v000001b775d8fa70_0;  alias, 1 drivers
v000001b775dd8160_0 .net "VGA_R", 7 0, v000001b775d8fed0_0;  alias, 1 drivers
v000001b775dd8340_0 .net "VGA_SYNC_N", 0 0, v000001b775d903d0_0;  alias, 1 drivers
v000001b775dd8980_0 .net "VGA_VS", 0 0, v000001b775d90d30_0;  alias, 1 drivers
v000001b775dd83e0_0 .net *"_ivl_3", 0 0, L_000001b775c06e00;  1 drivers
o000001b775d26138 .functor BUFZ 35, C4<zzzzzzzzzzzzzzzzzzzzzzzzzzzzzzzzzzz>; HiZ drive
; Elide local net with no drivers, v000001b775dd9ce0_0 name=_ivl_9
v000001b775dd8480_0 .net "aux_iris_addr", 15 0, v000001b775dc63f0_0;  1 drivers
v000001b775dd8660_0 .net "aux_iris_req", 0 0, v000001b775dc6a30_0;  1 drivers
v000001b775dd9100_0 .net "aux_iris_wdata", 31 0, v000001b775dc5590_0;  1 drivers
v000001b775dd8700_0 .net "aux_irom_addr", 15 0, v000001b775dc6fd0_0;  1 drivers
v000001b775dd9e20_0 .net "aux_irom_rdata", 31 0, L_000001b775dd0000;  1 drivers
v000001b775dd87a0_0 .net "aux_irom_req", 0 0, v000001b775dc5950_0;  1 drivers
v000001b775dd8ac0_0 .net "aux_irom_rvalid", 0 0, v000001b775d65270_0;  1 drivers
v000001b775dd9240_0 .net "aux_irom_wdata", 31 0, v000001b775dc5770_0;  1 drivers
v000001b775dd92e0_0 .net "aux_irom_write", 0 0, v000001b775dc5ef0_0;  1 drivers
v000001b775dd9600_0 .net "clock", 0 0, L_000001b775c06ee0;  1 drivers
v000001b775dd8c00_0 .net "cpu_aux_addr", 31 0, v000001b775d665d0_0;  1 drivers
v000001b775dd9880_0 .net "cpu_aux_rd", 4 0, v000001b775d65130_0;  1 drivers
v000001b775ddc800_0 .net "cpu_aux_rdata", 31 0, v000001b775dc54f0_0;  1 drivers
v000001b775ddb360_0 .net "cpu_aux_rdest", 4 0, v000001b775dc5d10_0;  1 drivers
v000001b775ddb860_0 .net "cpu_aux_req", 0 0, v000001b775d66990_0;  1 drivers
v000001b775ddc1c0_0 .net "cpu_aux_rvalid", 0 0, v000001b775dc71b0_0;  1 drivers
v000001b775ddc3a0_0 .net "cpu_aux_strb", 3 0, v000001b775d65e50_0;  1 drivers
v000001b775ddbe00_0 .net "cpu_aux_wdata", 31 0, v000001b775d66df0_0;  1 drivers
v000001b775ddc8a0_0 .net "cpu_aux_write", 0 0, v000001b775d651d0_0;  1 drivers
v000001b775ddaa00_0 .net "cpu_pc", 31 0, v000001b775d735f0_0;  1 drivers
v000001b775ddaf00_0 .net "dcache_sdramr_ack", 0 0, v000001b775d923b0_0;  1 drivers
v000001b775ddc260_0 .net "dcache_sdramr_addr", 25 0, v000001b775d07030_0;  1 drivers
v000001b775ddcf80_0 .net "dcache_sdramr_rdata", 31 0, v000001b775d93a30_0;  1 drivers
v000001b775ddc4e0_0 .net "dcache_sdramr_req", 0 0, v000001b775d059b0_0;  1 drivers
v000001b775ddce40_0 .net "dcache_sdramr_rvalid", 1 0, v000001b775d93c10_0;  1 drivers
v000001b775ddad20_0 .net "dcache_sdramw_ack", 0 0, v000001b775d93b70_0;  1 drivers
v000001b775ddc620_0 .net "dcache_sdramw_addr", 25 0, v000001b775d05690_0;  1 drivers
v000001b775ddc080_0 .net "dcache_sdramw_data", 127 0, v000001b775d04fb0_0;  1 drivers
v000001b775ddb900_0 .net "dcache_sdramw_req", 0 0, v000001b775d05af0_0;  1 drivers
v000001b775ddc580_0 .net "dcache_sdramw_strb", 15 0, v000001b775d05b90_0;  1 drivers
v000001b775ddc300_0 .net "icache_sdram_ack", 0 0, v000001b775d921d0_0;  1 drivers
v000001b775ddb040_0 .var "icache_sdram_addr", 25 0;
v000001b775ddcee0_0 .net "icache_sdram_rdata", 31 0, v000001b775d92950_0;  1 drivers
v000001b775ddb2c0_0 .var "icache_sdram_req", 0 0;
v000001b775ddc760_0 .net "icache_sdram_rvalid", 1 0, v000001b775d92810_0;  1 drivers
v000001b775ddb220_0 .net "locked", 0 0, v000001b775d91a50_0;  1 drivers
v000001b775ddb720_0 .net "mouse_x", 9 0, L_000001b775e3b280;  1 drivers
v000001b775ddcda0_0 .net "mouse_y", 9 0, L_000001b775e3ab00;  1 drivers
v000001b775ddb540_0 .var "reset", 0 0;
v000001b775ddbae0_0 .net "vga_sdram_ack", 0 0, v000001b775d949d0_0;  1 drivers
v000001b775ddb180_0 .var "vga_sdram_addr", 25 0;
v000001b775ddc120_0 .net "vga_sdram_rdata", 31 0, v000001b775d942f0_0;  1 drivers
v000001b775ddb9a0_0 .var "vga_sdram_req", 0 0;
v000001b775ddb680_0 .net "vga_sdram_rtag", 7 0, v000001b775d95010_0;  1 drivers
v000001b775ddaaa0_0 .net "vga_sdram_rvalid", 1 0, v000001b775d95150_0;  1 drivers
v000001b775ddc440_0 .var "vga_sdram_tag", 7 0;
L_000001b775ddd0c0 .part L_000001b775ddd160, 1, 1;
L_000001b775ddd160 .concat8 [ 1 35 0 0], L_000001b775c06e00, o000001b775d26138;
L_000001b775dd3ac0 .part v000001b775ddd7a0_0, 0, 3;
S_000001b775ccb840 .scope module, "cpu_inst" "cpu" 6 139, 7 7 0, S_000001b7756ee9f0;
 .timescale -9 -9;
    .port_info 0 /INPUT 1 "clock";
    .port_info 1 /INPUT 1 "reset";
    .port_info 2 /INPUT 1 "aux_irom_req";
    .port_info 3 /INPUT 1 "aux_irom_write";
    .port_info 4 /INPUT 16 "aux_irom_addr";
    .port_info 5 /INPUT 32 "aux_irom_wdata";
    .port_info 6 /OUTPUT 32 "aux_irom_rdata";
    .port_info 7 /OUTPUT 1 "aux_irom_rvalid";
    .port_info 8 /OUTPUT 1 "cpu_aux_req";
    .port_info 9 /OUTPUT 1 "cpu_aux_write";
    .port_info 10 /OUTPUT 32 "cpu_aux_addr";
    .port_info 11 /OUTPUT 32 "cpu_aux_wdata";
    .port_info 12 /OUTPUT 4 "cpu_aux_strb";
    .port_info 13 /OUTPUT 5 "cpu_aux_rd";
    .port_info 14 /INPUT 1 "cpu_aux_rvalid";
    .port_info 15 /INPUT 32 "cpu_aux_rdata";
    .port_info 16 /INPUT 5 "cpu_aux_rdest";
    .port_info 17 /OUTPUT 1 "dcache_sdramw_req";
    .port_info 18 /INPUT 1 "dcache_sdramw_ack";
    .port_info 19 /OUTPUT 26 "dcache_sdramw_addr";
    .port_info 20 /OUTPUT 128 "dcache_sdramw_data";
    .port_info 21 /OUTPUT 16 "dcache_sdramw_strb";
    .port_info 22 /OUTPUT 1 "dcache_sdramr_req";
    .port_info 23 /INPUT 1 "dcache_sdramr_ack";
    .port_info 24 /OUTPUT 26 "dcache_sdramr_addr";
    .port_info 25 /INPUT 2 "dcache_sdramr_rvalid";
    .port_info 26 /INPUT 32 "dcache_sdramr_rdata";
    .port_info 27 /OUTPUT 32 "cpu_pc";
v000001b775d72ab0_0 .net "aux_irom_addr", 15 0, v000001b775dc6fd0_0;  alias, 1 drivers
v000001b775d72d30_0 .net "aux_irom_rdata", 31 0, L_000001b775dd0000;  alias, 1 drivers
v000001b775d72c90_0 .net "aux_irom_req", 0 0, v000001b775dc5950_0;  alias, 1 drivers
v000001b775d72bf0_0 .net "aux_irom_rvalid", 0 0, v000001b775d65270_0;  alias, 1 drivers
v000001b775d73af0_0 .net "aux_irom_wdata", 31 0, v000001b775dc5770_0;  alias, 1 drivers
v000001b775d73a50_0 .net "aux_irom_write", 0 0, v000001b775dc5ef0_0;  alias, 1 drivers
v000001b775d73730_0 .net "clock", 0 0, L_000001b775c06ee0;  alias, 1 drivers
v000001b775d73050_0 .net "cpu_aux_addr", 31 0, v000001b775d665d0_0;  alias, 1 drivers
v000001b775d72dd0_0 .net "cpu_aux_rd", 4 0, v000001b775d65130_0;  alias, 1 drivers
v000001b775d73c30_0 .net "cpu_aux_rdata", 31 0, v000001b775dc54f0_0;  alias, 1 drivers
v000001b775d737d0_0 .net "cpu_aux_rdest", 4 0, v000001b775dc5d10_0;  alias, 1 drivers
v000001b775d73550_0 .net "cpu_aux_req", 0 0, v000001b775d66990_0;  alias, 1 drivers
v000001b775d72f10_0 .net "cpu_aux_rvalid", 0 0, v000001b775dc71b0_0;  alias, 1 drivers
v000001b775d74810_0 .net "cpu_aux_strb", 3 0, v000001b775d65e50_0;  alias, 1 drivers
v000001b775d73b90_0 .net "cpu_aux_wdata", 31 0, v000001b775d66df0_0;  alias, 1 drivers
v000001b775d730f0_0 .net "cpu_aux_write", 0 0, v000001b775d651d0_0;  alias, 1 drivers
v000001b775d735f0_0 .var "cpu_pc", 31 0;
v000001b775d720b0_0 .net "dcache_ack", 0 0, v000001b775d073f0_0;  1 drivers
v000001b775d72330_0 .net "dcache_addr", 25 0, L_000001b775dd0140;  1 drivers
v000001b775d73190_0 .net "dcache_dest", 4 0, L_000001b775dce660;  1 drivers
v000001b775d73f50_0 .net "dcache_rdata", 31 0, v000001b775d05050_0;  1 drivers
v000001b775d74310_0 .net "dcache_rdest", 4 0, v000001b775d06090_0;  1 drivers
v000001b775d73690_0 .net "dcache_req", 0 0, L_000001b775dce0c0;  1 drivers
v000001b775d74090_0 .net "dcache_rvalid", 0 0, v000001b775d05ff0_0;  1 drivers
v000001b775d723d0_0 .net "dcache_sdramr_ack", 0 0, v000001b775d923b0_0;  alias, 1 drivers
v000001b775d72470_0 .net "dcache_sdramr_addr", 25 0, v000001b775d07030_0;  alias, 1 drivers
v000001b775d725b0_0 .net "dcache_sdramr_rdata", 31 0, v000001b775d93a30_0;  alias, 1 drivers
v000001b775d726f0_0 .net "dcache_sdramr_req", 0 0, v000001b775d059b0_0;  alias, 1 drivers
v000001b775d73cd0_0 .net "dcache_sdramr_rvalid", 1 0, v000001b775d93c10_0;  alias, 1 drivers
v000001b775d732d0_0 .net "dcache_sdramw_ack", 0 0, v000001b775d93b70_0;  alias, 1 drivers
v000001b775d73370_0 .net "dcache_sdramw_addr", 25 0, v000001b775d05690_0;  alias, 1 drivers
v000001b775d73410_0 .net "dcache_sdramw_data", 127 0, v000001b775d04fb0_0;  alias, 1 drivers
v000001b775d73d70_0 .net "dcache_sdramw_req", 0 0, v000001b775d05af0_0;  alias, 1 drivers
v000001b775d728d0_0 .net "dcache_sdramw_strb", 15 0, v000001b775d05b90_0;  alias, 1 drivers
v000001b775d72970_0 .net "dcache_strb", 3 0, L_000001b775dce160;  1 drivers
v000001b775d734b0_0 .net "dcache_wdata", 31 0, L_000001b775dcefc0;  1 drivers
v000001b775d74130_0 .net "dcache_write", 0 0, L_000001b775dce520;  1 drivers
v000001b775d74e50_0 .net "divider_ready", 0 0, L_000001b775c07570;  1 drivers
v000001b775d74ef0_0 .net "divider_reg_d", 4 0, v000001b775d09a60_0;  1 drivers
v000001b775d74a90_0 .net "divider_result", 31 0, v000001b775d09b00_0;  1 drivers
v000001b775d74f90_0 .net "divider_valid", 0 0, v000001b775d09ba0_0;  1 drivers
v000001b775d74d10_0 .net "dmpu_add", 0 0, v000001b775d6dc90_0;  1 drivers
v000001b775d74b30_0 .net "dmpu_clear", 0 0, v000001b775d6dfb0_0;  1 drivers
v000001b775d74db0_0 .net "dmpu_data", 31 0, v000001b775d6e870_0;  1 drivers
v000001b775d748b0_0 .var "dmpu_fault", 0 0;
v000001b775d749f0_0 .var "dmpu_fault_addr", 31 0;
v000001b775d74bd0_0 .net "exception_jump", 0 0, v000001b775d71070_0;  1 drivers
v000001b775d74c70_0 .net "exception_target", 31 0, v000001b775d6f950_0;  1 drivers
v000001b775d74950_0 .net "icache_flush", 0 0, v000001b775d71a70_0;  1 drivers
v000001b775d7b420_0 .var "icache_flush_in_progress", 0 0;
v000001b775d7b1a0_0 .var "idx_bounds_exception", 0 0;
v000001b775d7b560_0 .net "instr_fifo_fault", 0 0, v000001b775d0b860_0;  1 drivers
v000001b775d7ab60_0 .net "interrupt_cause", 4 0, v000001b775d70a30_0;  1 drivers
v000001b775d7b060_0 .net "interrupt_signal", 0 0, v000001b775d71ed0_0;  1 drivers
v000001b775d7b9c0_0 .var "interrupt_source", 31 1;
v000001b775d7ae80_0 .net "mem_ready", 0 0, v000001b775d658b0_0;  1 drivers
v000001b775d7b600_0 .net "memif_fault", 0 0, v000001b775d659f0_0;  1 drivers
v000001b775d7a340_0 .var "misaligned_fault", 0 0;
v000001b775d7c5a0_0 .net "mul_rd", 4 0, v000001b7757c3fb0_0;  1 drivers
v000001b775d7a700_0 .net "mul_result", 31 0, v000001b7757c3ab0_0;  1 drivers
v000001b775d7ba60_0 .net "mul_valid", 0 0, v000001b7757c3470_0;  1 drivers
v000001b775d7c780_0 .net "p0_pc", 31 0, v000001b775d679d0_0;  1 drivers
v000001b775d7bce0_0 .net "p0_req", 0 0, v000001b775d68330_0;  1 drivers
v000001b775d7c640_0 .net "p1_fifo_full", 0 0, v000001b775d668f0_0;  1 drivers
v000001b775d7b100_0 .net "p1_instr", 31 0, L_000001b775ddd200;  1 drivers
v000001b775d7af20_0 .net "p1_instr_valid", 0 0, v000001b775d66030_0;  1 drivers
v000001b775d7aca0_0 .net "p1_pc", 31 0, v000001b775d65a90_0;  1 drivers
v000001b775d7b4c0_0 .net "p2_immediate", 31 0, v000001b775d07fd0_0;  1 drivers
v000001b775d7bd80_0 .net "p2_instr", 31 0, v000001b775d65950_0;  1 drivers
v000001b775d7bb00_0 .net "p2_instr_valid", 0 0, L_000001b775c05510;  1 drivers
v000001b775d7bba0_0 .net "p2_pc", 31 0, L_000001b775c05900;  1 drivers
v000001b775d7b240_0 .net "p2_ready", 0 0, v000001b775d09f60_0;  1 drivers
v000001b775d7bc40_0 .net "p2_rs1", 4 0, L_000001b775c05970;  1 drivers
v000001b775d7a2a0_0 .net "p2_rs2", 4 0, L_000001b775c059e0;  1 drivers
v000001b775d7aac0_0 .net "p2_use_immediate", 0 0, v000001b775d0a960_0;  1 drivers
v000001b775d7a3e0_0 .net "p3_alu_op", 2 0, v000001b775d0b2c0_0;  1 drivers
v000001b775d7ad40_0 .net "p3_alu_result", 31 0, v000001b7757c4050_0;  1 drivers
v000001b775d7a980_0 .net "p3_branch_op", 2 0, v000001b775d0a1e0_0;  1 drivers
v000001b775d7c280_0 .net "p3_data_a", 31 0, v000001b775d6eb90_0;  1 drivers
v000001b775d7b2e0_0 .net "p3_data_b", 31 0, v000001b775d6f590_0;  1 drivers
v000001b775d7b880_0 .net "p3_immediate", 31 0, v000001b775d09d80_0;  1 drivers
v000001b775d7b380_0 .var "p3_instr", 31 0;
v000001b775d7be20_0 .net "p3_is_alu", 0 0, L_000001b775c05a50;  1 drivers
v000001b775d7afc0_0 .net "p3_is_branch", 0 0, L_000001b775c08060;  1 drivers
v000001b775d7a7a0_0 .net "p3_is_divide", 0 0, L_000001b775c07500;  1 drivers
v000001b775d7bec0_0 .var "p3_is_illegal", 0 0;
v000001b775d7c6e0_0 .net "p3_is_load", 0 0, L_000001b775c07c70;  1 drivers
v000001b775d7b6a0_0 .net "p3_is_mult", 0 0, L_000001b775c07dc0;  1 drivers
v000001b775d7c0a0_0 .net "p3_is_shift", 0 0, L_000001b775c07880;  1 drivers
v000001b775d7b740_0 .net "p3_is_store", 0 0, L_000001b775c08610;  1 drivers
v000001b775d7bf60_0 .net "p3_is_sys", 0 0, L_000001b775c08450;  1 drivers
v000001b775d7c000_0 .net "p3_mem_op", 2 0, v000001b775d09600_0;  1 drivers
v000001b775d7b7e0_0 .net "p3_pc", 31 0, v000001b775d09380_0;  1 drivers
v000001b775d7b920_0 .net "p3_rd", 4 0, v000001b775d0afa0_0;  1 drivers
v000001b775d7aa20_0 .net "p3_shift_op", 2 0, v000001b775d0b040_0;  1 drivers
v000001b775d7c140_0 .net "p4_alu_rd", 4 0, v000001b7757c2f70_0;  1 drivers
v000001b775d7c1e0_0 .net "p4_alu_result", 31 0, v000001b7757c3010_0;  1 drivers
v000001b775d7ac00_0 .net "p4_alu_valid", 0 0, v000001b7757c3970_0;  1 drivers
v000001b775d7c320_0 .net "p4_is_store", 0 0, v000001b775d0a320_0;  1 drivers
v000001b775d7c3c0_0 .net "p4_jump_taken", 0 0, v000001b775d05190_0;  1 drivers
v000001b775d7a5c0_0 .net "p4_jump_target", 31 0, v000001b775d070d0_0;  1 drivers
v000001b775d7a660_0 .net "p4_pc", 31 0, v000001b775d0b540_0;  1 drivers
v000001b775d7ade0_0 .net "p4_rd", 4 0, v000001b775d72830_0;  1 drivers
v000001b775d7c820_0 .net "p4_result", 31 0, v000001b775d73eb0_0;  1 drivers
v000001b775d7c460_0 .net "p4_wren", 0 0, v000001b775d741d0_0;  1 drivers
v000001b775d7a840_0 .net "reset", 0 0, v000001b775ddb540_0;  1 drivers
v000001b775d7c500_0 .net "supervisor_mode", 0 0, L_000001b775dce3e0;  1 drivers
v000001b775d7a0c0_0 .net "sys_reg_d", 4 0, v000001b775d70710_0;  1 drivers
v000001b775d7a160_0 .net "sys_result", 31 0, v000001b775d70df0_0;  1 drivers
v000001b775d7a200_0 .net "sys_valid", 0 0, v000001b775d717f0_0;  1 drivers
v000001b775d7a520_0 .net "writeback_fault", 0 0, v000001b775d72290_0;  1 drivers
L_000001b775dd06e0 .part v000001b775d0b2c0_0, 0, 2;
S_000001b775cb6ea0 .scope module, "cpu_alu_inst" "cpu_alu" 7 224, 8 15 0, S_000001b775ccb840;
 .timescale -9 -9;
    .port_info 0 /INPUT 1 "clock";
    .port_info 1 /INPUT 32 "p3_data_a";
    .port_info 2 /INPUT 32 "p3_data_b";
    .port_info 3 /INPUT 5 "p3_rd";
    .port_info 4 /INPUT 32 "p3_pc";
    .port_info 5 /INPUT 1 "p3_is_alu";
    .port_info 6 /INPUT 1 "p3_is_mult";
    .port_info 7 /INPUT 3 "p3_alu_op";
    .port_info 8 /INPUT 3 "p3_shift_op";
    .port_info 9 /INPUT 1 "p3_is_shift";
    .port_info 10 /OUTPUT 32 "p3_alu_result";
    .port_info 11 /OUTPUT 1 "p4_alu_valid";
    .port_info 12 /OUTPUT 5 "p4_alu_rd";
    .port_info 13 /OUTPUT 32 "p4_alu_result";
    .port_info 14 /OUTPUT 1 "mul_valid";
    .port_info 15 /OUTPUT 5 "mul_rd";
    .port_info 16 /OUTPUT 32 "mul_result";
L_000001b775c07ce0 .functor BUFZ 32, v000001b775d6eb90_0, C4<00000000000000000000000000000000>, C4<00000000000000000000000000000000>, C4<00000000000000000000000000000000>;
L_000001b775c07420 .functor BUFZ 32, v000001b775d6f590_0, C4<00000000000000000000000000000000>, C4<00000000000000000000000000000000>, C4<00000000000000000000000000000000>;
v000001b7757c3330_0 .net "clock", 0 0, L_000001b775c06ee0;  alias, 1 drivers
v000001b7757c3fb0_0 .var "mul_rd", 4 0;
v000001b7757c3ab0_0 .var "mul_result", 31 0;
v000001b7757c3470_0 .var "mul_valid", 0 0;
v000001b7757c44b0_0 .net "p3_alu_op", 2 0, v000001b775d0b2c0_0;  alias, 1 drivers
v000001b7757c4050_0 .var "p3_alu_result", 31 0;
v000001b7757c40f0_0 .net "p3_data_a", 31 0, v000001b775d6eb90_0;  alias, 1 drivers
v000001b7757c3510_0 .net "p3_data_b", 31 0, v000001b775d6f590_0;  alias, 1 drivers
v000001b7757c36f0_0 .net "p3_is_alu", 0 0, L_000001b775c05a50;  alias, 1 drivers
v000001b7757c4190_0 .net "p3_is_mult", 0 0, L_000001b775c07dc0;  alias, 1 drivers
v000001b7757c3650_0 .net "p3_is_shift", 0 0, L_000001b775c07880;  alias, 1 drivers
v000001b7757c3b50_0 .net "p3_pc", 31 0, v000001b775d09380_0;  alias, 1 drivers
v000001b7757c2e30_0 .net "p3_rd", 4 0, v000001b775d0afa0_0;  alias, 1 drivers
v000001b7757c3790_0 .net "p3_shift_op", 2 0, v000001b775d0b040_0;  alias, 1 drivers
v000001b7757c3dd0_0 .var "p3_shift_result", 31 0;
v000001b7757c2f70_0 .var "p4_alu_rd", 4 0;
v000001b7757c3010_0 .var "p4_alu_result", 31 0;
v000001b7757c3970_0 .var "p4_alu_valid", 0 0;
v000001b7757c30b0_0 .var "p4_is_mult_lower", 0 0;
v000001b7757c3150_0 .var "p4_is_mult_upper", 0 0;
v000001b7757c31f0_0 .var "p4_mult_correction", 31 0;
v000001b7757c3bf0_0 .var "p4_mult_result", 63 0;
v000001b7757c3290_0 .net/s "signed_a", 31 0, L_000001b775c07ce0;  1 drivers
v000001b7757c33d0_0 .net/s "signed_b", 31 0, L_000001b775c07420;  1 drivers
E_000001b775ce6af0/0 .event anyedge, v000001b7757c3150_0, v000001b7757c3bf0_0, v000001b7757c31f0_0, v000001b7757c30b0_0;
E_000001b775ce6af0/1 .event anyedge, v000001b7757c3bf0_0;
E_000001b775ce6af0 .event/or E_000001b775ce6af0/0, E_000001b775ce6af0/1;
E_000001b775ce6830 .event posedge, v000001b7757c3330_0;
E_000001b775ce7230/0 .event anyedge, v000001b7757c3650_0, v000001b7757c3790_0, v000001b7757c40f0_0, v000001b7757c3510_0;
E_000001b775ce7230/1 .event anyedge, v000001b7757c3290_0, v000001b7757c3b50_0;
E_000001b775ce7230 .event/or E_000001b775ce7230/0, E_000001b775ce7230/1;
E_000001b775ce6fb0/0 .event anyedge, v000001b7757c36f0_0, v000001b7757c44b0_0, v000001b7757c40f0_0, v000001b7757c3510_0;
E_000001b775ce6fb0/1 .event anyedge, v000001b7757c3290_0, v000001b7757c33d0_0;
E_000001b775ce6fb0 .event/or E_000001b775ce6fb0/0, E_000001b775ce6fb0/1;
S_000001b775cafcd0 .scope module, "cpu_branch_inst" "cpu_branch" 7 258, 9 4 0, S_000001b775ccb840;
 .timescale -9 -9;
    .port_info 0 /INPUT 1 "clock";
    .port_info 1 /INPUT 1 "reset";
    .port_info 2 /INPUT 1 "p3_is_branch";
    .port_info 3 /INPUT 32 "p3_data_a";
    .port_info 4 /INPUT 32 "p3_data_b";
    .port_info 5 /INPUT 32 "p3_pc";
    .port_info 6 /INPUT 3 "p3_branch_op";
    .port_info 7 /INPUT 32 "p3_immediate";
    .port_info 8 /OUTPUT 1 "p4_jump_taken";
    .port_info 9 /OUTPUT 32 "p4_jump_target";
v000001b7757c35b0_0 .net "clock", 0 0, L_000001b775c06ee0;  alias, 1 drivers
v000001b7757c3830_0 .net "p3_branch_op", 2 0, v000001b775d0a1e0_0;  alias, 1 drivers
v000001b7757c38d0_0 .net "p3_data_a", 31 0, v000001b775d6eb90_0;  alias, 1 drivers
v000001b7757c3a10_0 .net "p3_data_b", 31 0, v000001b775d6f590_0;  alias, 1 drivers
v000001b7757c3d30_0 .net "p3_immediate", 31 0, v000001b775d09d80_0;  alias, 1 drivers
v000001b7757c3e70_0 .net "p3_is_branch", 0 0, L_000001b775c08060;  alias, 1 drivers
v000001b7757c3f10_0 .var "p3_jump_taken", 0 0;
v000001b775d06450_0 .var "p3_jump_target", 31 0;
v000001b775d07210_0 .net "p3_pc", 31 0, v000001b775d09380_0;  alias, 1 drivers
v000001b775d05190_0 .var "p4_jump_taken", 0 0;
v000001b775d070d0_0 .var "p4_jump_target", 31 0;
v000001b775d06810_0 .net "reset", 0 0, v000001b775ddb540_0;  alias, 1 drivers
E_000001b775ce7530/0 .event anyedge, v000001b7757c3e70_0, v000001b775d06810_0, v000001b7757c3b50_0, v000001b7757c3d30_0;
E_000001b775ce7530/1 .event anyedge, v000001b7757c3830_0, v000001b7757c40f0_0, v000001b7757c3510_0;
E_000001b775ce7530 .event/or E_000001b775ce7530/0, E_000001b775ce7530/1;
S_000001b775cafe60 .scope module, "cpu_dcache_inst" "cpu_dcache" 7 322, 10 31 0, S_000001b775ccb840;
 .timescale -9 -9;
    .port_info 0 /INPUT 1 "clock";
    .port_info 1 /INPUT 1 "reset";
    .port_info 2 /INPUT 1 "dcache_req";
    .port_info 3 /OUTPUT 1 "dcache_ack";
    .port_info 4 /INPUT 1 "dcache_write";
    .port_info 5 /INPUT 26 "dcache_addr";
    .port_info 6 /INPUT 32 "dcache_wdata";
    .port_info 7 /INPUT 4 "dcache_strb";
    .port_info 8 /INPUT 5 "dcache_dest";
    .port_info 9 /OUTPUT 1 "dcache_rvalid";
    .port_info 10 /OUTPUT 32 "dcache_rdata";
    .port_info 11 /OUTPUT 5 "dcache_rdest";
    .port_info 12 /OUTPUT 1 "dcache_sdramw_req";
    .port_info 13 /INPUT 1 "dcache_sdramw_ack";
    .port_info 14 /OUTPUT 26 "dcache_sdramw_addr";
    .port_info 15 /OUTPUT 128 "dcache_sdramw_data";
    .port_info 16 /OUTPUT 16 "dcache_sdramw_strb";
    .port_info 17 /OUTPUT 1 "dcache_sdramr_req";
    .port_info 18 /INPUT 1 "dcache_sdramr_ack";
    .port_info 19 /OUTPUT 26 "dcache_sdramr_addr";
    .port_info 20 /INPUT 2 "dcache_sdramr_rvalid";
    .port_info 21 /INPUT 32 "dcache_sdramr_rdata";
P_000001b77598d450 .param/l "LOADING" 1 10 348, C4<10>;
P_000001b77598d488 .param/l "READY" 1 10 346, C4<00>;
P_000001b77598d4c0 .param/l "WRITEBACK" 1 10 347, C4<01>;
L_000001b775c081b0 .functor AND 1, L_000001b775dcf6a0, L_000001b775dd0280, C4<1>, C4<1>;
v000001b775d07490_0 .net *"_ivl_13", 1 0, L_000001b775dce980;  1 drivers
v000001b775d06e50_0 .net *"_ivl_14", 1 0, L_000001b775dcf740;  1 drivers
v000001b775d06310_0 .net *"_ivl_3", 0 0, L_000001b775dcf6a0;  1 drivers
v000001b775d075d0_0 .net *"_ivl_5", 12 0, L_000001b775dce200;  1 drivers
v000001b775d069f0_0 .net *"_ivl_7", 12 0, L_000001b775dcfe20;  1 drivers
v000001b775d06130_0 .net *"_ivl_8", 0 0, L_000001b775dd0280;  1 drivers
v000001b775d06b30_0 .var "buffer_addr", 25 0;
v000001b775d07350_0 .var "buffer_data", 127 0;
v000001b775d054b0_0 .var "buffer_strb", 15 0;
v000001b775d05550_0 .var "buffer_valid", 0 0;
v000001b775d06bd0_0 .net "cache_data", 31 0, v000001b775d05cd0_0;  1 drivers
v000001b775d05eb0_0 .net "cache_hit", 0 0, L_000001b775c081b0;  1 drivers
v000001b775d052d0_0 .var "cache_tag", 13 0;
v000001b775d04e70_0 .net "clock", 0 0, L_000001b775c06ee0;  alias, 1 drivers
v000001b775d05c30_0 .var "data_ram_byteena_a", 3 0;
v000001b775d06ef0_0 .var "data_ram_data", 31 0;
v000001b775d05f50_0 .var "data_ram_wraddress", 10 0;
v000001b775d064f0_0 .var "data_ram_wren", 0 0;
v000001b775d073f0_0 .var "dcache_ack", 0 0;
v000001b775d04f10_0 .net "dcache_addr", 25 0, L_000001b775dd0140;  alias, 1 drivers
v000001b775d05730_0 .net "dcache_dest", 4 0, L_000001b775dce660;  alias, 1 drivers
v000001b775d05050_0 .var "dcache_rdata", 31 0;
v000001b775d06090_0 .var "dcache_rdest", 4 0;
v000001b775d05a50_0 .net "dcache_req", 0 0, L_000001b775dce0c0;  alias, 1 drivers
v000001b775d05ff0_0 .var "dcache_rvalid", 0 0;
v000001b775d057d0_0 .net "dcache_sdramr_ack", 0 0, v000001b775d923b0_0;  alias, 1 drivers
v000001b775d07030_0 .var "dcache_sdramr_addr", 25 0;
v000001b775d05230_0 .net "dcache_sdramr_rdata", 31 0, v000001b775d93a30_0;  alias, 1 drivers
v000001b775d059b0_0 .var "dcache_sdramr_req", 0 0;
v000001b775d06f90_0 .net "dcache_sdramr_rvalid", 1 0, v000001b775d93c10_0;  alias, 1 drivers
v000001b775d05d70_0 .net "dcache_sdramw_ack", 0 0, v000001b775d93b70_0;  alias, 1 drivers
v000001b775d05690_0 .var "dcache_sdramw_addr", 25 0;
v000001b775d04fb0_0 .var "dcache_sdramw_data", 127 0;
v000001b775d05af0_0 .var "dcache_sdramw_req", 0 0;
v000001b775d05b90_0 .var "dcache_sdramw_strb", 15 0;
v000001b775d06d10_0 .net "dcache_strb", 3 0, L_000001b775dce160;  alias, 1 drivers
v000001b775d07170_0 .net "dcache_wdata", 31 0, L_000001b775dcefc0;  alias, 1 drivers
v000001b775d06590_0 .net "dcache_write", 0 0, L_000001b775dce520;  alias, 1 drivers
v000001b775d06db0_0 .var "do_read_request", 0 0;
v000001b775d05370_0 .var "do_send_buffer", 0 0;
v000001b775d05e10_0 .var "do_update_tag", 0 0;
v000001b775d05410_0 .var "do_write_cache", 0 0;
v000001b775d061d0_0 .var "do_write_to_buffer", 0 0;
v000001b775d050f0_0 .var "next_dcache_rdata", 31 0;
v000001b775d06270_0 .var "next_dcache_rdest", 4 0;
v000001b775d063b0_0 .var "next_dcache_rvalid", 0 0;
v000001b775d06630_0 .var "next_state", 1 0;
v000001b775d087f0_0 .var "rdata", 31 0;
v000001b775d08610_0 .net "reset", 0 0, v000001b775ddb540_0;  alias, 1 drivers
v000001b775d07b70_0 .var "state", 1 0;
v000001b775d07a30 .array "tag_ram", 511 0, 13 0;
v000001b775d08110_0 .var "this_addr", 25 0;
v000001b775d089d0_0 .var "this_dest", 4 0;
v000001b775d08b10_0 .var "this_req", 0 0;
v000001b775d08250_0 .var "this_strb", 3 0;
v000001b775d077b0_0 .var "this_wdata", 31 0;
v000001b775d086b0_0 .var "this_write", 0 0;
v000001b775d08390_0 .net "unused", 0 0, L_000001b775dce2a0;  1 drivers
v000001b775d08430_0 .var "write_buffer_match", 0 0;
v000001b775d07990_0 .var "write_buffer_rdata", 31 0;
v000001b775d078f0_0 .var "write_buffer_rvalid", 0 0;
v000001b775d08890_0 .var "write_index", 10 0;
E_000001b775ce6df0/0 .event anyedge, v000001b775d07b70_0, v000001b775d08b10_0, v000001b775d086b0_0, v000001b775d05550_0;
E_000001b775ce6df0/1 .event anyedge, v000001b775d08430_0, v000001b775d05eb0_0, v000001b775d05af0_0, v000001b775d05cd0_0;
E_000001b775ce6df0/2 .event anyedge, v000001b775d078f0_0, v000001b775d07990_0, v000001b775d05d70_0, v000001b775d06f90_0;
E_000001b775ce6df0/3 .event anyedge, v000001b775d05230_0, v000001b775d06810_0;
E_000001b775ce6df0 .event/or E_000001b775ce6df0/0, E_000001b775ce6df0/1, E_000001b775ce6df0/2, E_000001b775ce6df0/3;
E_000001b775ce75f0/0 .event anyedge, v000001b775d063b0_0, v000001b775d089d0_0, v000001b775d08250_0, v000001b775d087f0_0;
E_000001b775ce75f0/1 .event anyedge, v000001b775d087f0_0, v000001b775d087f0_0, v000001b775d087f0_0, v000001b775d087f0_0;
E_000001b775ce75f0/2 .event anyedge, v000001b775d087f0_0, v000001b775d087f0_0, v000001b775d087f0_0, v000001b775d087f0_0;
E_000001b775ce75f0/3 .event anyedge, v000001b775d087f0_0, v000001b775d087f0_0;
E_000001b775ce75f0 .event/or E_000001b775ce75f0/0, E_000001b775ce75f0/1, E_000001b775ce75f0/2, E_000001b775ce75f0/3;
E_000001b775ce68b0/0 .event anyedge, v000001b775d05550_0, v000001b775d06b30_0, v000001b775d08110_0, v000001b775d08110_0;
E_000001b775ce68b0/1 .event anyedge, v000001b775d054b0_0, v000001b775d08250_0, v000001b775d07350_0;
E_000001b775ce68b0 .event/or E_000001b775ce68b0/0, E_000001b775ce68b0/1;
E_000001b775ce66f0/0 .event anyedge, v000001b775d05410_0, v000001b775d08110_0, v000001b775d08250_0, v000001b775d077b0_0;
E_000001b775ce66f0/1 .event anyedge, v000001b775d06f90_0, v000001b775d08890_0, v000001b775d05230_0;
E_000001b775ce66f0 .event/or E_000001b775ce66f0/0, E_000001b775ce66f0/1;
L_000001b775dcf100 .part L_000001b775dd0140, 2, 11;
L_000001b775dcf6a0 .part v000001b775d052d0_0, 13, 1;
L_000001b775dce200 .part v000001b775d052d0_0, 0, 13;
L_000001b775dcfe20 .part v000001b775d08110_0, 13, 13;
L_000001b775dd0280 .cmp/eq 13, L_000001b775dce200, L_000001b775dcfe20;
L_000001b775dce980 .part v000001b775d08110_0, 0, 2;
L_000001b775dcf740 .concat [ 2 0 0 0], L_000001b775dce980;
L_000001b775dce2a0 .reduce/and L_000001b775dcf740;
S_000001b775793f20 .scope begin, "$ivl_for_loop0" "$ivl_for_loop0" 10 110, 10 110 0, S_000001b775cafe60;
 .timescale -9 -9;
v000001b775d066d0_0 .var/2s "i", 31 0;
S_000001b7757bc140 .scope begin, "$ivl_for_loop1" "$ivl_for_loop1" 10 246, 10 246 0, S_000001b775cafe60;
 .timescale -9 -9;
v000001b775d06770_0 .var/2s "i", 31 0;
S_000001b7757bc2d0 .scope module, "dcache_ram_inst" "dcache_ram" 10 168, 11 5 0, S_000001b775cafe60;
 .timescale -12 -12;
    .port_info 0 /INPUT 4 "byteena_a";
    .port_info 1 /INPUT 1 "clock";
    .port_info 2 /INPUT 32 "data";
    .port_info 3 /INPUT 11 "rdaddress";
    .port_info 4 /INPUT 1 "rden";
    .port_info 5 /INPUT 11 "wraddress";
    .port_info 6 /INPUT 1 "wren";
    .port_info 7 /OUTPUT 32 "q";
v000001b775d07530_0 .net "byteena_a", 3 0, v000001b775d05c30_0;  1 drivers
v000001b775d05910_0 .net "clock", 0 0, L_000001b775c06ee0;  alias, 1 drivers
v000001b775d06950_0 .net "data", 31 0, v000001b775d06ef0_0;  1 drivers
v000001b775d05cd0_0 .var "q", 31 0;
v000001b775d055f0 .array "ram", 2047 0, 31 0;
v000001b775d06c70_0 .net "rdaddress", 10 0, L_000001b775dcf100;  1 drivers
v000001b775d06a90_0 .net "rden", 0 0, v000001b775d073f0_0;  alias, 1 drivers
v000001b775d072b0_0 .net "wraddress", 10 0, v000001b775d05f50_0;  1 drivers
v000001b775d068b0_0 .net "wren", 0 0, v000001b775d064f0_0;  1 drivers
S_000001b77579a650 .scope begin, "$ivl_for_loop2" "$ivl_for_loop2" 11 21, 11 21 0, S_000001b7757bc2d0;
 .timescale -12 -12;
v000001b775d05870_0 .var/2s "i", 31 0;
S_000001b775d64520 .scope module, "cpu_decoder_inst" "cpu_decoder" 7 173, 12 10 0, S_000001b775ccb840;
 .timescale -9 -9;
    .port_info 0 /INPUT 1 "clock";
    .port_info 1 /INPUT 1 "reset";
    .port_info 2 /INPUT 1 "p4_jump_taken";
    .port_info 3 /INPUT 1 "p2_instr_valid";
    .port_info 4 /INPUT 32 "p2_instr";
    .port_info 5 /INPUT 32 "p2_pc";
    .port_info 6 /OUTPUT 1 "p2_ready";
    .port_info 7 /OUTPUT 5 "p2_rs1";
    .port_info 8 /OUTPUT 5 "p2_rs2";
    .port_info 9 /OUTPUT 1 "p2_use_immediate";
    .port_info 10 /OUTPUT 32 "p2_immediate";
    .port_info 11 /INPUT 1 "mem_ready";
    .port_info 12 /INPUT 1 "divider_ready";
    .port_info 13 /OUTPUT 32 "p3_immediate";
    .port_info 14 /OUTPUT 1 "p3_is_alu";
    .port_info 15 /OUTPUT 3 "p3_alu_op";
    .port_info 16 /OUTPUT 1 "p3_is_shift";
    .port_info 17 /OUTPUT 3 "p3_shift_op";
    .port_info 18 /OUTPUT 1 "p3_is_branch";
    .port_info 19 /OUTPUT 3 "p3_branch_op";
    .port_info 20 /OUTPUT 1 "p3_is_load";
    .port_info 21 /OUTPUT 1 "p3_is_store";
    .port_info 22 /OUTPUT 1 "p3_is_mult";
    .port_info 23 /OUTPUT 1 "p3_is_divide";
    .port_info 24 /OUTPUT 1 "p3_is_sys";
    .port_info 25 /OUTPUT 3 "p3_mem_op";
    .port_info 26 /OUTPUT 32 "p3_pc";
    .port_info 27 /OUTPUT 32 "p4_pc";
    .port_info 28 /OUTPUT 5 "p3_rd";
    .port_info 29 /OUTPUT 1 "p4_is_store";
    .port_info 30 /INPUT 5 "p4_rd";
    .port_info 31 /INPUT 1 "p4_wren";
L_000001b775c05970 .functor BUFZ 5, L_000001b775dd0460, C4<00000>, C4<00000>, C4<00000>;
L_000001b775c059e0 .functor BUFZ 5, L_000001b775dcf920, C4<00000>, C4<00000>, C4<00000>;
L_000001b775c05a50 .functor AND 1, v000001b775d0ab40_0, L_000001b775dcf420, C4<1>, C4<1>;
L_000001b775c07880 .functor AND 1, v000001b775d0a5a0_0, L_000001b775dce8e0, C4<1>, C4<1>;
L_000001b775c08060 .functor AND 1, v000001b775d0b360_0, L_000001b775dd03c0, C4<1>, C4<1>;
L_000001b775c07c70 .functor AND 1, v000001b775d0adc0_0, L_000001b775dd0500, C4<1>, C4<1>;
L_000001b775c08610 .functor AND 1, v000001b775d0aa00_0, L_000001b775dcf600, C4<1>, C4<1>;
L_000001b775c07dc0 .functor AND 1, v000001b775d0b4a0_0, L_000001b775dd0320, C4<1>, C4<1>;
L_000001b775c07500 .functor AND 1, v000001b775d096a0_0, L_000001b775dd05a0, C4<1>, C4<1>;
L_000001b775c08450 .functor AND 1, v000001b775d0ac80_0, L_000001b775dd0780, C4<1>, C4<1>;
v000001b775d08750_0 .net *"_ivl_17", 0 0, L_000001b775dcf420;  1 drivers
v000001b775d084d0_0 .net *"_ivl_21", 0 0, L_000001b775dce8e0;  1 drivers
v000001b775d08bb0_0 .net *"_ivl_25", 0 0, L_000001b775dd03c0;  1 drivers
v000001b775d08570_0 .net *"_ivl_29", 0 0, L_000001b775dd0500;  1 drivers
v000001b775d07850_0 .net *"_ivl_33", 0 0, L_000001b775dcf600;  1 drivers
v000001b775d07f30_0 .net *"_ivl_37", 0 0, L_000001b775dd0320;  1 drivers
v000001b775d081b0_0 .net *"_ivl_41", 0 0, L_000001b775dd05a0;  1 drivers
v000001b775d08a70_0 .net *"_ivl_45", 0 0, L_000001b775dd0780;  1 drivers
v000001b775d082f0_0 .net "clock", 0 0, L_000001b775c06ee0;  alias, 1 drivers
v000001b775d08c50_0 .net "divider_ready", 0 0, L_000001b775c07570;  alias, 1 drivers
v000001b775d08930_0 .net "instr_a", 4 0, L_000001b775dd0460;  1 drivers
v000001b775d08cf0_0 .net "instr_b", 4 0, L_000001b775dcf920;  1 drivers
v000001b775d07ad0_0 .net "instr_c", 7 0, L_000001b775dcf560;  1 drivers
v000001b775d07670_0 .net "instr_d", 4 0, L_000001b775dd01e0;  1 drivers
v000001b775d07710_0 .net "instr_i", 2 0, L_000001b775dcf240;  1 drivers
v000001b775d07c10_0 .net "instr_k", 5 0, L_000001b775dce340;  1 drivers
v000001b775d07cb0_0 .net "mem_ready", 0 0, v000001b775d658b0_0;  alias, 1 drivers
v000001b775d07d50_0 .var "next_scoreboard", 31 0;
v000001b775d07df0_0 .var "p2_alu_op", 2 0;
v000001b775d07e90_0 .var "p2_branch_op", 2 0;
v000001b775d07fd0_0 .var "p2_immediate", 31 0;
v000001b775d08070_0 .net "p2_instr", 31 0, v000001b775d65950_0;  alias, 1 drivers
v000001b775d0b180_0 .net "p2_instr_valid", 0 0, L_000001b775c05510;  alias, 1 drivers
v000001b775d09ce0_0 .var "p2_is_alu", 0 0;
v000001b775d0b5e0_0 .var "p2_is_branch", 0 0;
v000001b775d0a6e0_0 .var "p2_is_divide", 0 0;
v000001b775d0a780_0 .var "p2_is_load", 0 0;
v000001b775d09ec0_0 .var "p2_is_mult", 0 0;
v000001b775d0a640_0 .var "p2_is_shift", 0 0;
v000001b775d092e0_0 .var "p2_is_store", 0 0;
v000001b775d0a460_0 .var "p2_is_sys", 0 0;
v000001b775d0abe0_0 .var "p2_latent", 0 0;
v000001b775d0a820_0 .var "p2_mem_op", 2 0;
v000001b775d0a500_0 .net "p2_pc", 31 0, L_000001b775c05900;  alias, 1 drivers
v000001b775d09f60_0 .var "p2_ready", 0 0;
v000001b775d0aaa0_0 .net "p2_rs1", 4 0, L_000001b775c05970;  alias, 1 drivers
v000001b775d0a8c0_0 .net "p2_rs2", 4 0, L_000001b775c059e0;  alias, 1 drivers
v000001b775d0b400_0 .var "p2_shift_op", 2 0;
v000001b775d0a960_0 .var "p2_use_immediate", 0 0;
v000001b775d09060_0 .var "p2_wren", 0 0;
v000001b775d0b2c0_0 .var "p3_alu_op", 2 0;
v000001b775d0a1e0_0 .var "p3_branch_op", 2 0;
v000001b775d09d80_0 .var "p3_immediate", 31 0;
v000001b775d0a280_0 .net "p3_is_alu", 0 0, L_000001b775c05a50;  alias, 1 drivers
v000001b775d0ab40_0 .var "p3_is_alu_x", 0 0;
v000001b775d091a0_0 .net "p3_is_branch", 0 0, L_000001b775c08060;  alias, 1 drivers
v000001b775d0b360_0 .var "p3_is_branch_x", 0 0;
v000001b775d08e80_0 .net "p3_is_divide", 0 0, L_000001b775c07500;  alias, 1 drivers
v000001b775d096a0_0 .var "p3_is_divide_x", 0 0;
v000001b775d0ae60_0 .net "p3_is_load", 0 0, L_000001b775c07c70;  alias, 1 drivers
v000001b775d0adc0_0 .var "p3_is_load_x", 0 0;
v000001b775d09240_0 .net "p3_is_mult", 0 0, L_000001b775c07dc0;  alias, 1 drivers
v000001b775d0b4a0_0 .var "p3_is_mult_x", 0 0;
v000001b775d0a140_0 .net "p3_is_shift", 0 0, L_000001b775c07880;  alias, 1 drivers
v000001b775d0a5a0_0 .var "p3_is_shift_x", 0 0;
v000001b775d08f20_0 .net "p3_is_store", 0 0, L_000001b775c08610;  alias, 1 drivers
v000001b775d0aa00_0 .var "p3_is_store_x", 0 0;
v000001b775d0ad20_0 .net "p3_is_sys", 0 0, L_000001b775c08450;  alias, 1 drivers
v000001b775d0ac80_0 .var "p3_is_sys_x", 0 0;
v000001b775d0af00_0 .var "p3_latent", 0 0;
v000001b775d09600_0 .var "p3_mem_op", 2 0;
v000001b775d09380_0 .var "p3_pc", 31 0;
v000001b775d0afa0_0 .var "p3_rd", 4 0;
v000001b775d0b040_0 .var "p3_shift_op", 2 0;
v000001b775d0a320_0 .var "p4_is_store", 0 0;
v000001b775d09920_0 .net "p4_jump_taken", 0 0, v000001b775d05190_0;  alias, 1 drivers
v000001b775d0b540_0 .var "p4_pc", 31 0;
v000001b775d0b0e0_0 .net "p4_rd", 4 0, v000001b775d72830_0;  alias, 1 drivers
v000001b775d09c40_0 .net "p4_wren", 0 0, v000001b775d741d0_0;  alias, 1 drivers
v000001b775d0a3c0_0 .net "reset", 0 0, v000001b775ddb540_0;  alias, 1 drivers
v000001b775d09100_0 .var "scoreboard", 31 0;
v000001b775d08fc0_0 .var "stall", 0 0;
v000001b775d094c0_0 .var "stall_regs", 0 0;
v000001b775d0b220_0 .var "stall_resource", 0 0;
E_000001b775ce72f0/0 .event anyedge, v000001b775d0b180_0, v000001b775d05190_0, v000001b775d06810_0, v000001b775d07c10_0;
E_000001b775ce72f0/1 .event anyedge, v000001b775d07710_0, v000001b775d07ad0_0, v000001b775d07ad0_0, v000001b775d07ad0_0;
E_000001b775ce72f0/2 .event anyedge, v000001b775d08cf0_0, v000001b775d08930_0, v000001b775d0a500_0, v000001b775d07670_0;
E_000001b775ce72f0/3 .event anyedge, v000001b775d07cb0_0, v000001b775d07710_0, v000001b775d08c50_0, v000001b775d09100_0;
E_000001b775ce72f0/4 .event anyedge, v000001b775d09c40_0, v000001b775d0b0e0_0, v000001b775d0af00_0, v000001b7757c2e30_0;
E_000001b775ce72f0 .event/or E_000001b775ce72f0/0, E_000001b775ce72f0/1, E_000001b775ce72f0/2, E_000001b775ce72f0/3, E_000001b775ce72f0/4;
L_000001b775dce340 .part v000001b775d65950_0, 26, 6;
L_000001b775dcf240 .part v000001b775d65950_0, 23, 3;
L_000001b775dd01e0 .part v000001b775d65950_0, 18, 5;
L_000001b775dd0460 .part v000001b775d65950_0, 13, 5;
L_000001b775dcf560 .part v000001b775d65950_0, 5, 8;
L_000001b775dcf920 .part v000001b775d65950_0, 0, 5;
L_000001b775dcf420 .reduce/nor v000001b775d05190_0;
L_000001b775dce8e0 .reduce/nor v000001b775d05190_0;
L_000001b775dd03c0 .reduce/nor v000001b775d05190_0;
L_000001b775dd0500 .reduce/nor v000001b775d05190_0;
L_000001b775dcf600 .reduce/nor v000001b775d05190_0;
L_000001b775dd0320 .reduce/nor v000001b775d05190_0;
L_000001b775dd05a0 .reduce/nor v000001b775d05190_0;
L_000001b775dd0780 .reduce/nor v000001b775d05190_0;
S_000001b775d64390 .scope module, "cpu_divider_inst" "cpu_divider" 7 244, 13 3 0, S_000001b775ccb840;
 .timescale -9 -12;
    .port_info 0 /INPUT 1 "clock";
    .port_info 1 /INPUT 1 "reset";
    .port_info 2 /INPUT 1 "p3_is_divide";
    .port_info 3 /INPUT 2 "p3_alu_op";
    .port_info 4 /INPUT 32 "p3_data_a";
    .port_info 5 /INPUT 32 "p3_data_b";
    .port_info 6 /INPUT 5 "p3_rd";
    .port_info 7 /OUTPUT 1 "divider_ready";
    .port_info 8 /OUTPUT 1 "divider_valid";
    .port_info 9 /OUTPUT 32 "divider_result";
    .port_info 10 /OUTPUT 5 "divider_reg_d";
L_000001b775c07570 .functor AND 1, L_000001b775dcff60, L_000001b775dd0820, C4<1>, C4<1>;
v000001b775d0a000_0 .net *"_ivl_1", 0 0, L_000001b775dcff60;  1 drivers
v000001b775d09420_0 .net *"_ivl_3", 0 0, L_000001b775dd0820;  1 drivers
v000001b775d0a0a0_0 .var "bit_index", 4 0;
v000001b775d09740_0 .var "busy", 0 0;
v000001b775d09560_0 .net "clock", 0 0, L_000001b775c06ee0;  alias, 1 drivers
v000001b775d097e0_0 .var "denominator", 31 0;
v000001b775d09880_0 .var "denominator3", 33 0;
v000001b775d099c0_0 .net "divider_ready", 0 0, L_000001b775c07570;  alias, 1 drivers
v000001b775d09a60_0 .var "divider_reg_d", 4 0;
v000001b775d09b00_0 .var "divider_result", 31 0;
v000001b775d09ba0_0 .var "divider_valid", 0 0;
v000001b775d09e20_0 .var "mod_mode", 0 0;
v000001b775d0c080_0 .var "next_bit_index", 4 0;
v000001b775d0cd00_0 .var "next_busy", 0 0;
v000001b775d0cb20_0 .var "next_denominator", 31 0;
v000001b775d0ba40_0 .var "next_denominator3", 33 0;
v000001b775d0c9e0_0 .var "next_mod_mode", 0 0;
v000001b775d0c4e0_0 .var "next_numerator", 31 0;
v000001b775d0c120_0 .var "next_p4_valid", 0 0;
v000001b775d0c440_0 .var "next_quotient", 31 0;
v000001b775d0c940_0 .var "next_reg_d", 4 0;
v000001b775d0c800_0 .var "next_remainder", 31 0;
v000001b775d0c620_0 .var "next_sign", 0 0;
v000001b775d0bb80_0 .var "numerator", 31 0;
v000001b775d0bae0_0 .net "p3_alu_op", 1 0, L_000001b775dd06e0;  1 drivers
v000001b775d0bea0_0 .net "p3_data_a", 31 0, v000001b775d6eb90_0;  alias, 1 drivers
v000001b775d0c1c0_0 .net "p3_data_b", 31 0, v000001b775d6f590_0;  alias, 1 drivers
v000001b775d0cbc0_0 .net "p3_is_divide", 0 0, L_000001b775c07500;  alias, 1 drivers
v000001b775d0b900_0 .net "p3_rd", 4 0, v000001b775d0afa0_0;  alias, 1 drivers
v000001b775d0c580_0 .var "quotient", 31 0;
v000001b775d0b9a0_0 .var "remainder", 31 0;
v000001b775d0b680_0 .net "reset", 0 0, v000001b775ddb540_0;  alias, 1 drivers
v000001b775d0bf40_0 .var "s0", 33 0;
v000001b775d0bc20_0 .var "s1", 33 0;
v000001b775d0bfe0_0 .var "s2", 33 0;
v000001b775d0c3a0_0 .var "s3", 33 0;
v000001b775d0c6c0_0 .var "sign", 0 0;
E_000001b775ce6bb0/0 .event anyedge, v000001b775d0bb80_0, v000001b775d097e0_0, v000001b775d09880_0, v000001b775d0c580_0;
E_000001b775ce6bb0/1 .event anyedge, v000001b775d0b9a0_0, v000001b775d0a0a0_0, v000001b775d09740_0, v000001b775d09e20_0;
E_000001b775ce6bb0/2 .event anyedge, v000001b775d0c6c0_0, v000001b775d09a60_0, v000001b775d08e80_0, v000001b775d0bae0_0;
E_000001b775ce6bb0/3 .event anyedge, v000001b7757c2e30_0, v000001b775d0bae0_0, v000001b7757c40f0_0, v000001b7757c3510_0;
E_000001b775ce6bb0/4 .event anyedge, v000001b7757c40f0_0, v000001b7757c3510_0, v000001b775d0bb80_0, v000001b775d0c3a0_0;
E_000001b775ce6bb0/5 .event anyedge, v000001b775d0c580_0, v000001b775d0c3a0_0, v000001b775d0bfe0_0, v000001b775d0bfe0_0;
E_000001b775ce6bb0/6 .event anyedge, v000001b775d0bc20_0, v000001b775d0bc20_0, v000001b775d0bf40_0, v000001b775d0bb80_0;
E_000001b775ce6bb0/7 .event anyedge, v000001b775d09ba0_0, v000001b775d06810_0;
E_000001b775ce6bb0 .event/or E_000001b775ce6bb0/0, E_000001b775ce6bb0/1, E_000001b775ce6bb0/2, E_000001b775ce6bb0/3, E_000001b775ce6bb0/4, E_000001b775ce6bb0/5, E_000001b775ce6bb0/6, E_000001b775ce6bb0/7;
L_000001b775dcff60 .reduce/nor v000001b775d09740_0;
L_000001b775dd0820 .reduce/nor L_000001b775c07500;
S_000001b775d646b0 .scope module, "cpu_instr_queue_inst" "cpu_instr_queue" 7 158, 14 8 0, S_000001b775ccb840;
 .timescale -9 -9;
    .port_info 0 /INPUT 1 "clock";
    .port_info 1 /INPUT 1 "reset";
    .port_info 2 /INPUT 1 "p1_instr_valid";
    .port_info 3 /INPUT 32 "p1_instr";
    .port_info 4 /INPUT 32 "p1_pc";
    .port_info 5 /OUTPUT 1 "p1_fifo_full";
    .port_info 6 /INPUT 1 "p2_ready";
    .port_info 7 /OUTPUT 1 "p2_instr_valid";
    .port_info 8 /OUTPUT 32 "p2_instr";
    .port_info 9 /OUTPUT 32 "p2_pc";
    .port_info 10 /INPUT 1 "p4_jump_taken";
    .port_info 11 /OUTPUT 1 "instr_fifo_fault";
L_000001b775c05510 .functor BUFZ 1, v000001b775d65ef0_0, C4<0>, C4<0>, C4<0>;
L_000001b775c05900 .functor BUFZ 32, v000001b775d65770_0, C4<00000000000000000000000000000000>, C4<00000000000000000000000000000000>, C4<00000000000000000000000000000000>;
v000001b775d0bd60_0 .net "clock", 0 0, L_000001b775c06ee0;  alias, 1 drivers
v000001b775d0b860_0 .var "instr_fifo_fault", 0 0;
v000001b775d0bcc0_0 .var "next_fault", 0 0;
v000001b775d0c260_0 .var "next_queue0_instr", 31 0;
v000001b775d0b7c0_0 .var "next_queue0_pc", 31 0;
v000001b775d0be00_0 .var "next_queue0_valid", 0 0;
v000001b775d0b720_0 .var "next_queue1_instr", 31 0;
v000001b775d0c300_0 .var "next_queue1_pc", 31 0;
v000001b775d0c760_0 .var "next_queue1_valid", 0 0;
v000001b775d0c8a0_0 .var "next_queue2_instr", 31 0;
v000001b775d0ca80_0 .var "next_queue2_pc", 31 0;
v000001b775d0cc60_0 .var "next_queue2_valid", 0 0;
v000001b775d668f0_0 .var "p1_fifo_full", 0 0;
v000001b775d660d0_0 .net "p1_instr", 31 0, L_000001b775ddd200;  alias, 1 drivers
v000001b775d67070_0 .net "p1_instr_valid", 0 0, v000001b775d66030_0;  alias, 1 drivers
v000001b775d656d0_0 .net "p1_pc", 31 0, v000001b775d65a90_0;  alias, 1 drivers
v000001b775d66210_0 .net "p2_instr", 31 0, v000001b775d65950_0;  alias, 1 drivers
v000001b775d65590_0 .net "p2_instr_valid", 0 0, L_000001b775c05510;  alias, 1 drivers
v000001b775d674d0_0 .net "p2_pc", 31 0, L_000001b775c05900;  alias, 1 drivers
v000001b775d66d50_0 .net "p2_ready", 0 0, v000001b775d09f60_0;  alias, 1 drivers
v000001b775d66b70_0 .net "p4_jump_taken", 0 0, v000001b775d05190_0;  alias, 1 drivers
v000001b775d65950_0 .var "queue0_instr", 31 0;
v000001b775d65770_0 .var "queue0_pc", 31 0;
v000001b775d65ef0_0 .var "queue0_valid", 0 0;
v000001b775d672f0_0 .var "queue1_instr", 31 0;
v000001b775d67570_0 .var "queue1_pc", 31 0;
v000001b775d654f0_0 .var "queue1_valid", 0 0;
v000001b775d65310_0 .var "queue2_instr", 31 0;
v000001b775d66c10_0 .var "queue2_pc", 31 0;
v000001b775d66f30_0 .var "queue2_valid", 0 0;
v000001b775d67430_0 .net "reset", 0 0, v000001b775ddb540_0;  alias, 1 drivers
E_000001b775ce6b30/0 .event anyedge, v000001b775d66f30_0, v000001b775d654f0_0, v000001b775d67070_0, v000001b775d09f60_0;
E_000001b775ce6b30/1 .event anyedge, v000001b775d672f0_0, v000001b775d67570_0, v000001b775d65310_0, v000001b775d66c10_0;
E_000001b775ce6b30/2 .event anyedge, v000001b775d65ef0_0, v000001b775d65950_0, v000001b775d65770_0, v000001b775d660d0_0;
E_000001b775ce6b30/3 .event anyedge, v000001b775d656d0_0, v000001b775d05190_0, v000001b775d06810_0;
E_000001b775ce6b30 .event/or E_000001b775ce6b30/0, E_000001b775ce6b30/1, E_000001b775ce6b30/2, E_000001b775ce6b30/3;
S_000001b775d64e80 .scope module, "cpu_irom_inst" "cpu_irom" 7 142, 15 13 0, S_000001b775ccb840;
 .timescale -9 -9;
    .port_info 0 /INPUT 1 "clock";
    .port_info 1 /INPUT 1 "reset";
    .port_info 2 /INPUT 1 "p0_req";
    .port_info 3 /INPUT 32 "p0_pc";
    .port_info 4 /OUTPUT 1 "p1_instr_valid";
    .port_info 5 /OUTPUT 32 "p1_instr";
    .port_info 6 /OUTPUT 32 "p1_pc";
    .port_info 7 /INPUT 1 "aux_irom_req";
    .port_info 8 /INPUT 1 "aux_irom_write";
    .port_info 9 /INPUT 16 "aux_irom_addr";
    .port_info 10 /INPUT 32 "aux_irom_wdata";
    .port_info 11 /OUTPUT 32 "aux_irom_rdata";
    .port_info 12 /OUTPUT 1 "aux_irom_rvalid";
L_000001b775dde4b0 .functor BUFT 1, C4<xxxxxxxxxxxxxxxxxxxxxxxxxxxxxxxx>, C4<0>, C4<0>, C4<0>;
v000001b775d67750_0 .net *"_ivl_0", 31 0, L_000001b775dde4b0;  1 drivers
v000001b775d65b30_0 .net *"_ivl_11", 1 0, L_000001b775dd00a0;  1 drivers
v000001b775d653b0_0 .net *"_ivl_12", 4 0, L_000001b775dcf1a0;  1 drivers
L_000001b775dde4f8 .functor BUFT 1, C4<00000000000000000000000000000000>, C4<0>, C4<0>, C4<0>;
v000001b775d67250_0 .net/2u *"_ivl_4", 31 0, L_000001b775dde4f8;  1 drivers
v000001b775d66670_0 .net *"_ivl_9", 1 0, L_000001b775dcee80;  1 drivers
v000001b775d671b0_0 .net "aux_irom_addr", 15 0, v000001b775dc6fd0_0;  alias, 1 drivers
v000001b775d67610_0 .net "aux_irom_rdata", 31 0, L_000001b775dd0000;  alias, 1 drivers
v000001b775d66530_0 .var "aux_irom_rdata_reg", 31 0;
v000001b775d65c70_0 .net "aux_irom_req", 0 0, v000001b775dc5950_0;  alias, 1 drivers
v000001b775d65270_0 .var "aux_irom_rvalid", 0 0;
v000001b775d676b0_0 .net "aux_irom_wdata", 31 0, v000001b775dc5770_0;  alias, 1 drivers
v000001b775d663f0_0 .net "aux_irom_write", 0 0, v000001b775dc5ef0_0;  alias, 1 drivers
v000001b775d67390_0 .net "clock", 0 0, L_000001b775c06ee0;  alias, 1 drivers
v000001b775d65f90_0 .var "instr", 31 0;
v000001b775d66490 .array "irom", 16383 0, 31 0;
v000001b775d66cb0_0 .net "p0_pc", 31 0, v000001b775d679d0_0;  alias, 1 drivers
v000001b775d677f0_0 .net "p0_req", 0 0, v000001b775d68330_0;  alias, 1 drivers
v000001b775d65090_0 .net "p1_instr", 31 0, L_000001b775ddd200;  alias, 1 drivers
v000001b775d66030_0 .var "p1_instr_valid", 0 0;
v000001b775d65a90_0 .var "p1_pc", 31 0;
v000001b775d65450_0 .net "reset", 0 0, v000001b775ddb540_0;  alias, 1 drivers
v000001b775d65d10_0 .net "unused", 0 0, L_000001b775dcfd80;  1 drivers
L_000001b775ddd200 .functor MUXZ 32, L_000001b775dde4b0, v000001b775d65f90_0, v000001b775d66030_0, C4<>;
L_000001b775dd0000 .functor MUXZ 32, L_000001b775dde4f8, v000001b775d66530_0, v000001b775d65270_0, C4<>;
L_000001b775dcee80 .part v000001b775d679d0_0, 0, 2;
L_000001b775dd00a0 .part v000001b775dc6fd0_0, 0, 2;
L_000001b775dcf1a0 .concat [ 2 2 1 0], L_000001b775dd00a0, L_000001b775dcee80, v000001b775ddb540_0;
L_000001b775dcfd80 .reduce/and L_000001b775dcf1a0;
S_000001b775d64840 .scope module, "cpu_mem_inst" "cpu_mem" 7 271, 16 9 0, S_000001b775ccb840;
 .timescale -9 -9;
    .port_info 0 /INPUT 1 "clock";
    .port_info 1 /INPUT 1 "reset";
    .port_info 2 /INPUT 1 "p3_is_load";
    .port_info 3 /INPUT 1 "p3_is_store";
    .port_info 4 /INPUT 3 "p3_mem_op";
    .port_info 5 /INPUT 32 "p3_data_a";
    .port_info 6 /INPUT 32 "p3_immediate";
    .port_info 7 /INPUT 32 "p3_data_b";
    .port_info 8 /INPUT 5 "p3_rd";
    .port_info 9 /OUTPUT 1 "dcache_req";
    .port_info 10 /INPUT 1 "dcache_ack";
    .port_info 11 /OUTPUT 1 "dcache_write";
    .port_info 12 /OUTPUT 26 "dcache_addr";
    .port_info 13 /OUTPUT 32 "dcache_wdata";
    .port_info 14 /OUTPUT 4 "dcache_strb";
    .port_info 15 /OUTPUT 5 "dcache_dest";
    .port_info 16 /OUTPUT 1 "cpu_aux_req";
    .port_info 17 /OUTPUT 1 "cpu_aux_write";
    .port_info 18 /OUTPUT 32 "cpu_aux_addr";
    .port_info 19 /OUTPUT 32 "cpu_aux_wdata";
    .port_info 20 /OUTPUT 4 "cpu_aux_strb";
    .port_info 21 /OUTPUT 5 "cpu_aux_rd";
    .port_info 22 /OUTPUT 1 "mem_ready";
    .port_info 23 /OUTPUT 1 "memif_fault";
v000001b775d66ad0_0 .var "addr", 31 0;
v000001b775d66710_0 .net "clock", 0 0, L_000001b775c06ee0;  alias, 1 drivers
v000001b775d665d0_0 .var "cpu_aux_addr", 31 0;
v000001b775d65130_0 .var "cpu_aux_rd", 4 0;
v000001b775d66990_0 .var "cpu_aux_req", 0 0;
v000001b775d65e50_0 .var "cpu_aux_strb", 3 0;
v000001b775d66df0_0 .var "cpu_aux_wdata", 31 0;
v000001b775d651d0_0 .var "cpu_aux_write", 0 0;
v000001b775d65db0_0 .net "dcache_ack", 0 0, v000001b775d073f0_0;  alias, 1 drivers
v000001b775d66a30_0 .net "dcache_addr", 25 0, L_000001b775dd0140;  alias, 1 drivers
v000001b775d65630_0 .net "dcache_dest", 4 0, L_000001b775dce660;  alias, 1 drivers
v000001b775d66e90_0 .var "dcache_queue0", 68 0;
v000001b775d667b0_0 .var "dcache_queue1", 68 0;
v000001b775d66fd0_0 .var "dcache_queue2", 68 0;
v000001b775d66170_0 .net "dcache_req", 0 0, L_000001b775dce0c0;  alias, 1 drivers
v000001b775d67110_0 .net "dcache_strb", 3 0, L_000001b775dce160;  alias, 1 drivers
v000001b775d65810_0 .net "dcache_wdata", 31 0, L_000001b775dcefc0;  alias, 1 drivers
v000001b775d65bd0_0 .net "dcache_write", 0 0, L_000001b775dce520;  alias, 1 drivers
v000001b775d658b0_0 .var "mem_ready", 0 0;
v000001b775d659f0_0 .var "memif_fault", 0 0;
v000001b775d66850_0 .var "misaligned_access", 0 0;
v000001b775d662b0_0 .var "next_memif_fault", 0 0;
v000001b775d66350_0 .net "p3_data_a", 31 0, v000001b775d6eb90_0;  alias, 1 drivers
v000001b775d68c90_0 .net "p3_data_b", 31 0, v000001b775d6f590_0;  alias, 1 drivers
v000001b775d68150_0 .net "p3_immediate", 31 0, v000001b775d09d80_0;  alias, 1 drivers
v000001b775d68830_0 .net "p3_is_load", 0 0, L_000001b775c07c70;  alias, 1 drivers
v000001b775d67930_0 .net "p3_is_store", 0 0, L_000001b775c08610;  alias, 1 drivers
v000001b775d685b0_0 .net "p3_mem_op", 2 0, v000001b775d09600_0;  alias, 1 drivers
v000001b775d68e70_0 .net "p3_rd", 4 0, v000001b775d0afa0_0;  alias, 1 drivers
v000001b775d683d0_0 .var "prev_dcache_queue0", 68 0;
v000001b775d67c50_0 .var "prev_dcache_queue1", 68 0;
v000001b775d688d0_0 .var "prev_dcache_queue2", 68 0;
v000001b775d68b50_0 .var "req", 0 0;
v000001b775d68bf0_0 .net "reset", 0 0, v000001b775ddb540_0;  alias, 1 drivers
v000001b775d68290_0 .var "strb", 3 0;
v000001b775d68650_0 .var "wdata", 31 0;
v000001b775d681f0_0 .var "write", 0 0;
E_000001b775ce6bf0/0 .event anyedge, v000001b775d0ae60_0, v000001b775d08f20_0, v000001b7757c40f0_0, v000001b7757c3d30_0;
E_000001b775ce6bf0/1 .event anyedge, v000001b775d09600_0, v000001b775d66ad0_0, v000001b7757c3510_0, v000001b7757c3510_0;
E_000001b775ce6bf0/2 .event anyedge, v000001b7757c3510_0, v000001b775d06a90_0, v000001b775d67c50_0, v000001b775d688d0_0;
E_000001b775ce6bf0/3 .event anyedge, v000001b775d683d0_0, v000001b775d66ad0_0, v000001b775d66e90_0, v000001b775d66ad0_0;
E_000001b775ce6bf0/4 .event anyedge, v000001b7757c2e30_0, v000001b775d667b0_0, v000001b775d66fd0_0, v000001b775d06810_0;
E_000001b775ce6bf0 .event/or E_000001b775ce6bf0/0, E_000001b775ce6bf0/1, E_000001b775ce6bf0/2, E_000001b775ce6bf0/3, E_000001b775ce6bf0/4;
L_000001b775dce0c0 .part v000001b775d66e90_0, 68, 1;
L_000001b775dce520 .part v000001b775d66e90_0, 67, 1;
L_000001b775dd0140 .part v000001b775d66e90_0, 41, 26;
L_000001b775dcefc0 .part v000001b775d66e90_0, 9, 32;
L_000001b775dce160 .part v000001b775d66e90_0, 5, 4;
L_000001b775dce660 .part v000001b775d66e90_0, 0, 5;
S_000001b775d649d0 .scope module, "cpu_pc_inst" "cpu_pc" 7 132, 17 7 0, S_000001b775ccb840;
 .timescale -9 -9;
    .port_info 0 /INPUT 1 "clock";
    .port_info 1 /INPUT 1 "reset";
    .port_info 2 /OUTPUT 1 "p0_req";
    .port_info 3 /OUTPUT 32 "p0_pc";
    .port_info 4 /INPUT 1 "p1_fifo_full";
    .port_info 5 /INPUT 1 "p4_jump_taken";
    .port_info 6 /INPUT 32 "p4_jump_target";
v000001b775d67b10_0 .net "clock", 0 0, L_000001b775c06ee0;  alias, 1 drivers
v000001b775d679d0_0 .var "p0_pc", 31 0;
v000001b775d68330_0 .var "p0_req", 0 0;
v000001b775d686f0_0 .net "p1_fifo_full", 0 0, v000001b775d668f0_0;  alias, 1 drivers
v000001b775d67bb0_0 .net "p4_jump_taken", 0 0, v000001b775d05190_0;  alias, 1 drivers
v000001b775d68010_0 .net "p4_jump_target", 31 0, v000001b775d070d0_0;  alias, 1 drivers
v000001b775d68ab0_0 .var "pc", 31 0;
v000001b775d68790_0 .net "reset", 0 0, v000001b775ddb540_0;  alias, 1 drivers
E_000001b775ce7570/0 .event anyedge, v000001b775d06810_0, v000001b775d05190_0, v000001b775d070d0_0, v000001b775d668f0_0;
E_000001b775ce7570/1 .event anyedge, v000001b775d68ab0_0;
E_000001b775ce7570 .event/or E_000001b775ce7570/0, E_000001b775ce7570/1;
S_000001b775d64b60 .scope module, "cpu_regfile_inst" "cpu_regfile" 7 208, 18 7 0, S_000001b775ccb840;
 .timescale -9 -9;
    .port_info 0 /INPUT 1 "clock";
    .port_info 1 /INPUT 5 "p2_rs1";
    .port_info 2 /INPUT 5 "p2_rs2";
    .port_info 3 /INPUT 1 "p2_use_immediate";
    .port_info 4 /INPUT 32 "p2_immediate";
    .port_info 5 /INPUT 1 "p3_is_alu";
    .port_info 6 /INPUT 5 "p3_rd";
    .port_info 7 /INPUT 32 "p3_alu_result";
    .port_info 8 /INPUT 1 "p4_wren";
    .port_info 9 /INPUT 5 "p4_rd";
    .port_info 10 /INPUT 32 "p4_result";
    .port_info 11 /OUTPUT 32 "p3_data_a";
    .port_info 12 /OUTPUT 32 "p3_data_b";
L_000001b775c08140 .functor AND 1, v000001b775d741d0_0, L_000001b775dcfec0, C4<1>, C4<1>;
L_000001b775dde540 .functor BUFT 1, C4<00000>, C4<0>, C4<0>, C4<0>;
v000001b775d6f310_0 .net/2u *"_ivl_0", 4 0, L_000001b775dde540;  1 drivers
v000001b775d6e5f0_0 .net *"_ivl_2", 0 0, L_000001b775dcfec0;  1 drivers
v000001b775d6f130_0 .net *"_ivl_6", 991 0, L_000001b775dcf060;  1 drivers
v000001b775d6d6f0_0 .net "clock", 0 0, L_000001b775c06ee0;  alias, 1 drivers
v000001b775d6dd30_0 .net "data_a", 31 0, L_000001b775c077a0;  1 drivers
v000001b775d6f770_0 .net "data_b", 31 0, L_000001b775c084c0;  1 drivers
v000001b775d6ecd0_0 .var/i "fh", 31 0;
v000001b775d6d510_0 .net "p2_immediate", 31 0, v000001b775d07fd0_0;  alias, 1 drivers
v000001b775d6f810_0 .net "p2_rs1", 4 0, L_000001b775c05970;  alias, 1 drivers
v000001b775d6f1d0_0 .net "p2_rs2", 4 0, L_000001b775c059e0;  alias, 1 drivers
v000001b775d6e0f0_0 .net "p2_use_immediate", 0 0, v000001b775d0a960_0;  alias, 1 drivers
v000001b775d6de70_0 .net "p3_alu_result", 31 0, v000001b7757c4050_0;  alias, 1 drivers
v000001b775d6eb90_0 .var "p3_data_a", 31 0;
v000001b775d6f590_0 .var "p3_data_b", 31 0;
v000001b775d6d790_0 .net "p3_is_alu", 0 0, L_000001b775c05a50;  alias, 1 drivers
v000001b775d6ea50_0 .net "p3_rd", 4 0, v000001b775d0afa0_0;  alias, 1 drivers
v000001b775d6d0b0_0 .net "p4_rd", 4 0, v000001b775d72830_0;  alias, 1 drivers
v000001b775d6ed70_0 .net "p4_result", 31 0, v000001b775d73eb0_0;  alias, 1 drivers
v000001b775d6d5b0_0 .net "p4_wren", 0 0, v000001b775d741d0_0;  alias, 1 drivers
v000001b775d6d290_0 .var "reg_1", 31 0;
v000001b775d6d150_0 .var "reg_10", 31 0;
v000001b775d6d650_0 .var "reg_11", 31 0;
v000001b775d6ddd0_0 .var "reg_12", 31 0;
v000001b775d6e730_0 .var "reg_13", 31 0;
v000001b775d6ec30_0 .var "reg_14", 31 0;
v000001b775d6e190_0 .var "reg_15", 31 0;
v000001b775d6f3b0_0 .var "reg_16", 31 0;
v000001b775d6dab0_0 .var "reg_17", 31 0;
v000001b775d6db50_0 .var "reg_18", 31 0;
v000001b775d6e230_0 .var "reg_19", 31 0;
v000001b775d6e410_0 .var "reg_2", 31 0;
v000001b775d6e2d0_0 .var "reg_20", 31 0;
v000001b775d6f450_0 .var "reg_21", 31 0;
v000001b775d6df10_0 .var "reg_22", 31 0;
v000001b775d6d1f0_0 .var "reg_23", 31 0;
v000001b775d6ee10_0 .var "reg_24", 31 0;
v000001b775d6d3d0_0 .var "reg_25", 31 0;
v000001b775d6f270_0 .var "reg_26", 31 0;
v000001b775d6e370_0 .var "reg_27", 31 0;
v000001b775d6ef50_0 .var "reg_28", 31 0;
v000001b775d6e4b0_0 .var "reg_29", 31 0;
v000001b775d6e550_0 .var "reg_3", 31 0;
v000001b775d6e910_0 .var "reg_30", 31 0;
v000001b775d6e690_0 .var "reg_31", 31 0;
v000001b775d6eeb0_0 .var "reg_4", 31 0;
v000001b775d6e7d0_0 .var "reg_5", 31 0;
v000001b775d6f4f0_0 .var "reg_6", 31 0;
v000001b775d6f630_0 .var "reg_7", 31 0;
v000001b775d6d470_0 .var "reg_8", 31 0;
v000001b775d6d830_0 .var "reg_9", 31 0;
v000001b775d6d970_0 .net "unused", 0 0, L_000001b775dcf9c0;  1 drivers
v000001b775d6d8d0_0 .net "wren", 0 0, L_000001b775c08140;  1 drivers
L_000001b775dcfec0 .cmp/ne 5, v000001b775d72830_0, L_000001b775dde540;
LS_000001b775dcf060_0_0 .concat [ 32 32 32 32], v000001b775d6e690_0, v000001b775d6e910_0, v000001b775d6e4b0_0, v000001b775d6ef50_0;
LS_000001b775dcf060_0_4 .concat [ 32 32 32 32], v000001b775d6e370_0, v000001b775d6f270_0, v000001b775d6d3d0_0, v000001b775d6ee10_0;
LS_000001b775dcf060_0_8 .concat [ 32 32 32 32], v000001b775d6d1f0_0, v000001b775d6df10_0, v000001b775d6f450_0, v000001b775d6e2d0_0;
LS_000001b775dcf060_0_12 .concat [ 32 32 32 32], v000001b775d6e230_0, v000001b775d6db50_0, v000001b775d6dab0_0, v000001b775d6f3b0_0;
LS_000001b775dcf060_0_16 .concat [ 32 32 32 32], v000001b775d6e190_0, v000001b775d6ec30_0, v000001b775d6e730_0, v000001b775d6ddd0_0;
LS_000001b775dcf060_0_20 .concat [ 32 32 32 32], v000001b775d6d650_0, v000001b775d6d150_0, v000001b775d6d830_0, v000001b775d6d470_0;
LS_000001b775dcf060_0_24 .concat [ 32 32 32 32], v000001b775d6f630_0, v000001b775d6f4f0_0, v000001b775d6e7d0_0, v000001b775d6eeb0_0;
LS_000001b775dcf060_0_28 .concat [ 32 32 32 0], v000001b775d6e550_0, v000001b775d6e410_0, v000001b775d6d290_0;
LS_000001b775dcf060_1_0 .concat [ 128 128 128 128], LS_000001b775dcf060_0_0, LS_000001b775dcf060_0_4, LS_000001b775dcf060_0_8, LS_000001b775dcf060_0_12;
LS_000001b775dcf060_1_4 .concat [ 128 128 128 96], LS_000001b775dcf060_0_16, LS_000001b775dcf060_0_20, LS_000001b775dcf060_0_24, LS_000001b775dcf060_0_28;
L_000001b775dcf060 .concat [ 512 480 0 0], LS_000001b775dcf060_1_0, LS_000001b775dcf060_1_4;
L_000001b775dcf9c0 .reduce/and L_000001b775dcf060;
S_000001b775d64cf0 .scope module, "regfile_ram_inst_a" "regfile_ram" 18 35, 19 6 0, S_000001b775d64b60;
 .timescale -9 -9;
    .port_info 0 /INPUT 1 "clock";
    .port_info 1 /INPUT 32 "data";
    .port_info 2 /INPUT 5 "rdaddress";
    .port_info 3 /INPUT 5 "wraddress";
    .port_info 4 /INPUT 1 "wren";
    .port_info 5 /OUTPUT 32 "q";
L_000001b775c077a0 .functor BUFZ 32, L_000001b775dcfce0, C4<00000000000000000000000000000000>, C4<00000000000000000000000000000000>, C4<00000000000000000000000000000000>;
v000001b775d67a70_0 .net *"_ivl_0", 31 0, L_000001b775dcfce0;  1 drivers
v000001b775d68d30_0 .net *"_ivl_2", 6 0, L_000001b775dcef20;  1 drivers
L_000001b775dde588 .functor BUFT 1, C4<00>, C4<0>, C4<0>, C4<0>;
v000001b775d68470_0 .net *"_ivl_5", 1 0, L_000001b775dde588;  1 drivers
v000001b775d68970_0 .net "clock", 0 0, L_000001b775c06ee0;  alias, 1 drivers
v000001b775d68f10_0 .net "data", 31 0, v000001b775d73eb0_0;  alias, 1 drivers
v000001b775d68510_0 .var/i "i", 31 0;
v000001b775d67f70 .array "mem", 31 0, 31 0;
v000001b775d68dd0_0 .net "q", 31 0, L_000001b775c077a0;  alias, 1 drivers
v000001b775d67890_0 .net "rdaddress", 4 0, L_000001b775c05970;  alias, 1 drivers
v000001b775d68a10_0 .net "wraddress", 4 0, v000001b775d72830_0;  alias, 1 drivers
v000001b775d67cf0_0 .net "wren", 0 0, L_000001b775c08140;  alias, 1 drivers
L_000001b775dcfce0 .array/port v000001b775d67f70, L_000001b775dcef20;
L_000001b775dcef20 .concat [ 5 2 0 0], L_000001b775c05970, L_000001b775dde588;
S_000001b775d64200 .scope module, "regfile_ram_inst_b" "regfile_ram" 18 44, 19 6 0, S_000001b775d64b60;
 .timescale -9 -9;
    .port_info 0 /INPUT 1 "clock";
    .port_info 1 /INPUT 32 "data";
    .port_info 2 /INPUT 5 "rdaddress";
    .port_info 3 /INPUT 5 "wraddress";
    .port_info 4 /INPUT 1 "wren";
    .port_info 5 /OUTPUT 32 "q";
L_000001b775c084c0 .functor BUFZ 32, L_000001b775dcea20, C4<00000000000000000000000000000000>, C4<00000000000000000000000000000000>, C4<00000000000000000000000000000000>;
v000001b775d67d90_0 .net *"_ivl_0", 31 0, L_000001b775dcea20;  1 drivers
v000001b775d680b0_0 .net *"_ivl_2", 6 0, L_000001b775dd0640;  1 drivers
L_000001b775dde5d0 .functor BUFT 1, C4<00>, C4<0>, C4<0>, C4<0>;
v000001b775d67e30_0 .net *"_ivl_5", 1 0, L_000001b775dde5d0;  1 drivers
v000001b775d67ed0_0 .net "clock", 0 0, L_000001b775c06ee0;  alias, 1 drivers
v000001b775d6eaf0_0 .net "data", 31 0, v000001b775d73eb0_0;  alias, 1 drivers
v000001b775d6e9b0_0 .var/i "i", 31 0;
v000001b775d6e050 .array "mem", 31 0, 31 0;
v000001b775d6d330_0 .net "q", 31 0, L_000001b775c084c0;  alias, 1 drivers
v000001b775d6f6d0_0 .net "rdaddress", 4 0, L_000001b775c059e0;  alias, 1 drivers
v000001b775d6f090_0 .net "wraddress", 4 0, v000001b775d72830_0;  alias, 1 drivers
v000001b775d6eff0_0 .net "wren", 0 0, L_000001b775c08140;  alias, 1 drivers
L_000001b775dcea20 .array/port v000001b775d6e050, L_000001b775dd0640;
L_000001b775dd0640 .concat [ 5 2 0 0], L_000001b775c059e0, L_000001b775dde5d0;
S_000001b775d0d970 .scope module, "cpu_sys_inst" "cpu_sys" 7 369, 20 6 0, S_000001b775ccb840;
 .timescale -9 -9;
    .port_info 0 /INPUT 1 "clock";
    .port_info 1 /INPUT 1 "reset";
    .port_info 2 /INPUT 31 "interrupt_source";
    .port_info 3 /INPUT 1 "p3_is_sys";
    .port_info 4 /INPUT 3 "p3_alu_op";
    .port_info 5 /INPUT 5 "p3_rd";
    .port_info 6 /INPUT 32 "p3_imm";
    .port_info 7 /INPUT 32 "p3_data_a";
    .port_info 8 /OUTPUT 1 "interrupt_signal";
    .port_info 9 /OUTPUT 5 "interrupt_cause";
    .port_info 10 /OUTPUT 1 "supervisor_mode";
    .port_info 11 /OUTPUT 1 "dmpu_clear";
    .port_info 12 /OUTPUT 1 "dmpu_add";
    .port_info 13 /OUTPUT 32 "dmpu_data";
    .port_info 14 /INPUT 1 "dmpu_fault";
    .port_info 15 /INPUT 1 "misaligned_fault";
    .port_info 16 /INPUT 32 "dmpu_fault_addr";
    .port_info 17 /INPUT 1 "p4_is_store";
    .port_info 18 /OUTPUT 1 "icache_flush";
    .port_info 19 /INPUT 1 "icache_flush_in_progress";
    .port_info 20 /INPUT 32 "p3_pc";
    .port_info 21 /INPUT 32 "p4_pc";
    .port_info 22 /INPUT 1 "p3_is_illegal";
    .port_info 23 /INPUT 32 "p3_instr";
    .port_info 24 /INPUT 1 "idx_bounds_exception";
    .port_info 25 /OUTPUT 1 "exception_jump";
    .port_info 26 /OUTPUT 32 "exception_target";
    .port_info 27 /OUTPUT 1 "sys_valid";
    .port_info 28 /OUTPUT 5 "sys_reg_d";
    .port_info 29 /OUTPUT 32 "sys_result";
v000001b775d6da10_0 .var "cleared_interrupts", 31 0;
v000001b775d6dbf0_0 .net "clock", 0 0, L_000001b775c06ee0;  alias, 1 drivers
v000001b775d6dc90_0 .var "dmpu_add", 0 0;
v000001b775d6dfb0_0 .var "dmpu_clear", 0 0;
v000001b775d6e870_0 .var "dmpu_data", 31 0;
v000001b775d71d90_0 .net "dmpu_fault", 0 0, v000001b775d748b0_0;  1 drivers
v000001b775d70850_0 .net "dmpu_fault_addr", 31 0, v000001b775d749f0_0;  1 drivers
v000001b775d708f0_0 .var "exception", 0 0;
v000001b775d71070_0 .var "exception_jump", 0 0;
v000001b775d6f950_0 .var "exception_target", 31 0;
v000001b775d71610_0 .var/i "i", 31 0;
v000001b775d71a70_0 .var "icache_flush", 0 0;
v000001b775d70030_0 .net "icache_flush_in_progress", 0 0, v000001b775d7b420_0;  1 drivers
v000001b775d70990_0 .net "idx_bounds_exception", 0 0, v000001b775d7b1a0_0;  1 drivers
v000001b775d70a30_0 .var "interrupt_cause", 4 0;
v000001b775d71ed0_0 .var "interrupt_signal", 0 0;
v000001b775d71110_0 .net "interrupt_source", 31 1, v000001b775d7b9c0_0;  1 drivers
v000001b775d6f9f0_0 .net "misaligned_fault", 0 0, v000001b775d7a340_0;  1 drivers
v000001b775d711b0_0 .var "next_dmpu_add", 0 0;
v000001b775d6fa90_0 .var "next_dmpu_clear", 0 0;
v000001b775d71cf0_0 .var "next_dmpu_data", 31 0;
v000001b775d70c10_0 .var "next_icache_flush", 0 0;
v000001b775d71bb0_0 .var "next_interrupt_cause", 4 0;
v000001b775d71390_0 .var "next_interrupt_signal", 0 0;
v000001b775d71e30_0 .var "next_pending_interrupts", 31 0;
v000001b775d6fbd0_0 .var "next_reg_ecause", 7 0;
v000001b775d70670_0 .var "next_reg_edata", 31 0;
v000001b775d700d0_0 .var "next_reg_epc", 31 0;
v000001b775d702b0_0 .var "next_reg_escratch", 31 0;
v000001b775d6fc70_0 .var "next_reg_estatus", 7 0;
v000001b775d71430_0 .var "next_reg_icause", 7 0;
v000001b775d71250_0 .var "next_reg_intvec", 31 0;
v000001b775d70170_0 .var "next_reg_ipc", 31 0;
v000001b775d71c50_0 .var "next_reg_iscratch", 31 0;
v000001b775d70f30_0 .var "next_reg_istatus", 7 0;
v000001b775d6fb30_0 .var "next_reg_status", 7 0;
v000001b775d71f70_0 .var "next_reg_timer", 31 0;
v000001b775d70e90_0 .var "next_timer_interrupt", 0 0;
v000001b775d70fd0_0 .net "p3_alu_op", 2 0, v000001b775d0b2c0_0;  alias, 1 drivers
v000001b775d70d50_0 .net "p3_data_a", 31 0, v000001b775d6eb90_0;  alias, 1 drivers
v000001b775d70350_0 .net "p3_imm", 31 0, v000001b775d09d80_0;  alias, 1 drivers
v000001b775d72010_0 .net "p3_instr", 31 0, v000001b775d7b380_0;  1 drivers
v000001b775d712f0_0 .net "p3_is_illegal", 0 0, v000001b775d7bec0_0;  1 drivers
v000001b775d714d0_0 .net "p3_is_sys", 0 0, L_000001b775c08450;  alias, 1 drivers
v000001b775d6f8b0_0 .net "p3_pc", 31 0, v000001b775d09380_0;  alias, 1 drivers
v000001b775d71570_0 .net "p3_rd", 4 0, v000001b775d0afa0_0;  alias, 1 drivers
v000001b775d70ad0_0 .net "p4_is_store", 0 0, v000001b775d0a320_0;  alias, 1 drivers
v000001b775d6fd10_0 .net "p4_pc", 31 0, v000001b775d0b540_0;  alias, 1 drivers
v000001b775d6fdb0_0 .var "pending_interrupts", 31 0;
v000001b775d70490_0 .var "reg_ecause", 7 0;
v000001b775d70cb0_0 .var "reg_edata", 31 0;
v000001b775d716b0_0 .var "reg_epc", 31 0;
v000001b775d71750_0 .var "reg_escratch", 31 0;
v000001b775d6fe50_0 .var "reg_estatus", 7 0;
v000001b775d70210_0 .var "reg_icause", 7 0;
v000001b775d6fef0_0 .var "reg_intvec", 31 0;
v000001b775d70b70_0 .var "reg_ipc", 31 0;
v000001b775d70530_0 .var "reg_iscratch", 31 0;
v000001b775d703f0_0 .var "reg_istatus", 7 0;
v000001b775d71b10_0 .var "reg_status", 7 0;
v000001b775d6ff90_0 .var "reg_timer", 31 0;
v000001b775d705d0_0 .net "reset", 0 0, v000001b775ddb540_0;  alias, 1 drivers
v000001b775d71890_0 .var "result", 31 0;
v000001b775d707b0_0 .net "supervisor_mode", 0 0, L_000001b775dce3e0;  alias, 1 drivers
v000001b775d70710_0 .var "sys_reg_d", 4 0;
v000001b775d70df0_0 .var "sys_result", 31 0;
v000001b775d717f0_0 .var "sys_valid", 0 0;
v000001b775d71930_0 .var "timer_interrupt", 0 0;
E_000001b775ce73f0/0 .event anyedge, v000001b775d716b0_0, v000001b775d70490_0, v000001b775d70cb0_0, v000001b775d6fe50_0;
E_000001b775ce73f0/1 .event anyedge, v000001b775d71750_0, v000001b775d71b10_0, v000001b775d70b70_0, v000001b775d70210_0;
E_000001b775ce73f0/2 .event anyedge, v000001b775d703f0_0, v000001b775d6fef0_0, v000001b775d70530_0, v000001b775d6ff90_0;
E_000001b775ce73f0/3 .event anyedge, v000001b775d0ad20_0, v000001b7757c44b0_0, v000001b7757c3d30_0, v000001b7757c40f0_0;
E_000001b775ce73f0/4 .event anyedge, v000001b7757c40f0_0, v000001b7757c40f0_0, v000001b775d70030_0, v000001b775d6f9f0_0;
E_000001b775ce73f0/5 .event anyedge, v000001b775d0a320_0, v000001b775d70850_0, v000001b775d71d90_0, v000001b775d712f0_0;
E_000001b775ce73f0/6 .event anyedge, v000001b775d72010_0, v000001b775d70990_0, v000001b7757c3d30_0, v000001b775d71b10_0;
E_000001b775ce73f0/7 .event anyedge, v000001b7757c3b50_0, v000001b7757c3d30_0, v000001b7757c3d30_0, v000001b775d0b540_0;
E_000001b775ce73f0/8 .event anyedge, v000001b775d6fdb0_0, v000001b775d71610_0, v000001b775d71110_0, v000001b775d71930_0;
E_000001b775ce73f0/9 .event anyedge, v000001b775d06810_0;
E_000001b775ce73f0 .event/or E_000001b775ce73f0/0, E_000001b775ce73f0/1, E_000001b775ce73f0/2, E_000001b775ce73f0/3, E_000001b775ce73f0/4, E_000001b775ce73f0/5, E_000001b775ce73f0/6, E_000001b775ce73f0/7, E_000001b775ce73f0/8, E_000001b775ce73f0/9;
L_000001b775dce3e0 .part v000001b775d71b10_0, 0, 1;
S_000001b775d0d1a0 .scope module, "cpu_writeback_inst" "cpu_writeback" 7 298, 21 7 0, S_000001b775ccb840;
 .timescale -9 -9;
    .port_info 0 /INPUT 1 "clock";
    .port_info 1 /INPUT 1 "reset";
    .port_info 2 /INPUT 1 "p4_alu_valid";
    .port_info 3 /INPUT 5 "p4_alu_rd";
    .port_info 4 /INPUT 32 "p4_alu_result";
    .port_info 5 /INPUT 1 "aux_wb_valid";
    .port_info 6 /INPUT 5 "aux_wb_rd";
    .port_info 7 /INPUT 32 "aux_wb_result";
    .port_info 8 /INPUT 1 "dcache_rvalid";
    .port_info 9 /INPUT 5 "dcache_rdest";
    .port_info 10 /INPUT 32 "dcache_rdata";
    .port_info 11 /INPUT 1 "mul_valid";
    .port_info 12 /INPUT 5 "mul_rd";
    .port_info 13 /INPUT 32 "mul_result";
    .port_info 14 /INPUT 1 "divider_valid";
    .port_info 15 /INPUT 5 "divider_reg_d";
    .port_info 16 /INPUT 32 "divider_result";
    .port_info 17 /OUTPUT 5 "p4_rd";
    .port_info 18 /OUTPUT 32 "p4_result";
    .port_info 19 /OUTPUT 1 "p4_wren";
    .port_info 20 /OUTPUT 1 "writeback_fault";
v000001b775d719d0_0 .net "aux_wb_rd", 4 0, v000001b775dc5d10_0;  alias, 1 drivers
v000001b775d72790_0 .net "aux_wb_result", 31 0, v000001b775dc54f0_0;  alias, 1 drivers
v000001b775d74450_0 .net "aux_wb_valid", 0 0, v000001b775dc71b0_0;  alias, 1 drivers
v000001b775d72a10_0 .net "clock", 0 0, L_000001b775c06ee0;  alias, 1 drivers
v000001b775d744f0_0 .net "dcache_rdata", 31 0, v000001b775d05050_0;  alias, 1 drivers
v000001b775d72510_0 .net "dcache_rdest", 4 0, v000001b775d06090_0;  alias, 1 drivers
v000001b775d73ff0_0 .net "dcache_rvalid", 0 0, v000001b775d05ff0_0;  alias, 1 drivers
v000001b775d72fb0_0 .net "divider_reg_d", 4 0, v000001b775d09a60_0;  alias, 1 drivers
v000001b775d74630_0 .net "divider_result", 31 0, v000001b775d09b00_0;  alias, 1 drivers
v000001b775d72e70_0 .net "divider_valid", 0 0, v000001b775d09ba0_0;  alias, 1 drivers
v000001b775d73910_0 .net "mul_rd", 4 0, v000001b7757c3fb0_0;  alias, 1 drivers
v000001b775d72b50_0 .net "mul_result", 31 0, v000001b7757c3ab0_0;  alias, 1 drivers
v000001b775d72650_0 .net "mul_valid", 0 0, v000001b7757c3470_0;  alias, 1 drivers
v000001b775d73230_0 .var "next_queue0", 37 0;
v000001b775d739b0_0 .var "next_queue1", 37 0;
v000001b775d74770_0 .var "next_queue2", 37 0;
v000001b775d73870_0 .var "next_writeback_fault", 0 0;
v000001b775d72150_0 .net "p4_alu_rd", 4 0, v000001b7757c2f70_0;  alias, 1 drivers
v000001b775d73e10_0 .net "p4_alu_result", 31 0, v000001b7757c3010_0;  alias, 1 drivers
v000001b775d74270_0 .net "p4_alu_valid", 0 0, v000001b7757c3970_0;  alias, 1 drivers
v000001b775d72830_0 .var "p4_rd", 4 0;
v000001b775d73eb0_0 .var "p4_result", 31 0;
v000001b775d741d0_0 .var "p4_wren", 0 0;
v000001b775d746d0_0 .var "queue0", 37 0;
v000001b775d74590_0 .var "queue1", 37 0;
v000001b775d721f0_0 .var "queue2", 37 0;
v000001b775d743b0_0 .net "reset", 0 0, v000001b775ddb540_0;  alias, 1 drivers
v000001b775d72290_0 .var "writeback_fault", 0 0;
E_000001b775ce6c30/0 .event anyedge, v000001b7757c3970_0, v000001b775d05ff0_0, v000001b775d74590_0, v000001b775d721f0_0;
E_000001b775ce6c30/1 .event anyedge, v000001b775d746d0_0, v000001b775d73230_0, v000001b775d06090_0, v000001b775d05050_0;
E_000001b775ce6c30/2 .event anyedge, v000001b775d739b0_0, v000001b775d74770_0, v000001b7757c3470_0, v000001b7757c3fb0_0;
E_000001b775ce6c30/3 .event anyedge, v000001b7757c3ab0_0, v000001b775d09ba0_0, v000001b775d09a60_0, v000001b775d09b00_0;
E_000001b775ce6c30/4 .event anyedge, v000001b775d74450_0, v000001b775d719d0_0, v000001b775d72790_0, v000001b7757c2f70_0;
E_000001b775ce6c30/5 .event anyedge, v000001b7757c3010_0, v000001b775d746d0_0, v000001b775d746d0_0, v000001b775d746d0_0;
E_000001b775ce6c30/6 .event anyedge, v000001b775d06810_0;
E_000001b775ce6c30 .event/or E_000001b775ce6c30/0, E_000001b775ce6c30/1, E_000001b775ce6c30/2, E_000001b775ce6c30/3, E_000001b775ce6c30/4, E_000001b775ce6c30/5, E_000001b775ce6c30/6;
S_000001b775d0db00 .scope module, "iris_inst" "iris" 6 233, 22 23 0, S_000001b7756ee9f0;
 .timescale -9 -9;
    .port_info 0 /INPUT 1 "clock";
    .port_info 1 /INPUT 1 "reset";
    .port_info 2 /INPUT 3 "KEY";
    .port_info 3 /INPUT 1 "aux_iris_req";
    .port_info 4 /INPUT 16 "aux_iris_addr";
    .port_info 5 /INPUT 32 "aux_iris_wdata";
    .port_info 6 /OUTPUT 1 "VGA_BLANK_N";
    .port_info 7 /OUTPUT 8 "VGA_B";
    .port_info 8 /OUTPUT 1 "VGA_CLK";
    .port_info 9 /OUTPUT 8 "VGA_G";
    .port_info 10 /OUTPUT 1 "VGA_HS";
    .port_info 11 /OUTPUT 8 "VGA_R";
    .port_info 12 /OUTPUT 1 "VGA_SYNC_N";
    .port_info 13 /OUTPUT 1 "VGA_VS";
L_000001b775c07e30 .functor AND 1, v000001b775dc6a30_0, L_000001b775dd1fe0, C4<1>, C4<1>;
L_000001b775c072d0 .functor AND 1, v000001b775dc6a30_0, L_000001b775dd3980, C4<1>, C4<1>;
v000001b775d90c90_0 .net "KEY", 2 0, L_000001b775dd3ac0;  1 drivers
v000001b775d914b0_0 .var "VGA_B", 7 0;
v000001b775d8fc50_0 .var "VGA_BLANK_N", 0 0;
v000001b775d8f250_0 .var "VGA_CLK", 0 0;
v000001b775d91550_0 .var "VGA_G", 7 0;
v000001b775d8fa70_0 .var "VGA_HS", 0 0;
v000001b775d8fed0_0 .var "VGA_R", 7 0;
v000001b775d903d0_0 .var "VGA_SYNC_N", 0 0;
v000001b775d90d30_0 .var "VGA_VS", 0 0;
v000001b775d915f0_0 .net *"_ivl_1", 1 0, L_000001b775dd1040;  1 drivers
v000001b775d8f070_0 .net *"_ivl_13", 3 0, L_000001b775dd3fc0;  1 drivers
L_000001b775dded68 .functor BUFT 1, C4<0100>, C4<0>, C4<0>, C4<0>;
v000001b775d90010_0 .net/2u *"_ivl_14", 3 0, L_000001b775dded68;  1 drivers
v000001b775d90fb0_0 .net *"_ivl_16", 0 0, L_000001b775dd3980;  1 drivers
L_000001b775dde8e8 .functor BUFT 1, C4<00>, C4<0>, C4<0>, C4<0>;
v000001b775d8f390_0 .net/2u *"_ivl_2", 1 0, L_000001b775dde8e8;  1 drivers
v000001b775d90bf0_0 .net *"_ivl_25", 3 0, L_000001b775dd37a0;  1 drivers
v000001b775d90a10_0 .net *"_ivl_27", 1 0, L_000001b775dd35c0;  1 drivers
v000001b775d8f930_0 .net *"_ivl_28", 5 0, L_000001b775dd38e0;  1 drivers
v000001b775d91370_0 .net *"_ivl_4", 0 0, L_000001b775dd1fe0;  1 drivers
v000001b775d90e70_0 .net "aux_iris_addr", 15 0, v000001b775dc63f0_0;  alias, 1 drivers
v000001b775d90b50_0 .net "aux_iris_req", 0 0, v000001b775dc6a30_0;  alias, 1 drivers
v000001b775d8fb10_0 .net "aux_iris_wdata", 31 0, v000001b775dc5590_0;  alias, 1 drivers
v000001b775d90470_0 .net "bri_brightness", 8 0, v000001b775d77780_0;  1 drivers
v000001b775d90330_0 .net "bri_color", 23 0, v000001b775d757a0_0;  1 drivers
v000001b775d91410_0 .net "bri_valid", 0 0, v000001b775d75f20_0;  1 drivers
v000001b775d8fbb0_0 .net "bri_x", 9 0, v000001b775d76240_0;  1 drivers
v000001b775d90510_0 .net "bri_z", 19 0, v000001b775d77640_0;  1 drivers
v000001b775d8f2f0_0 .net "clock", 0 0, L_000001b775c06ee0;  alias, 1 drivers
v000001b775d91050_0 .net "gourand_color", 23 0, v000001b775d75ca0_0;  1 drivers
v000001b775d8ff70_0 .net "gourand_ready", 0 0, L_000001b775c076c0;  1 drivers
v000001b775d910f0_0 .net "gourand_valid", 0 0, v000001b775d75a20_0;  1 drivers
v000001b775d90f10_0 .net "gourand_x", 9 0, v000001b775d76d80_0;  1 drivers
v000001b775d8fe30_0 .net "gourand_z", 19 0, v000001b775d776e0_0;  1 drivers
v000001b775d91190_0 .net "hsync", 0 0, v000001b775d7f510_0;  1 drivers
v000001b775d90150_0 .var "pal_brightness", 8 0;
v000001b775d90dd0_0 .var "pal_color_index", 7 0;
v000001b775d91230_0 .var "pal_flags", 7 0;
v000001b775d91690_0 .net "pal_ready", 0 0, L_000001b775c07f80;  1 drivers
v000001b775d91730_0 .var "pal_valid", 0 0;
v000001b775d8fcf0_0 .var "pal_x", 9 0;
v000001b775d8f1b0_0 .var "pal_z", 19 0;
v000001b775d917d0_0 .net "pixel_b", 23 0, v000001b775d84d30_0;  1 drivers
v000001b775d8f430_0 .net "pixel_flags", 7 0, v000001b775d84ab0_0;  1 drivers
v000001b775d90650_0 .net "pixel_g", 23 0, v000001b775d84f10_0;  1 drivers
v000001b775d901f0_0 .net "pixel_r", 23 0, v000001b775d7f790_0;  1 drivers
v000001b775d8f4d0_0 .net "pixel_ready_gourand", 0 0, L_000001b775c07810;  1 drivers
v000001b775d90830_0 .var "pixel_ready_texture", 0 0;
v000001b775d905b0_0 .net "pixel_valid_gourand", 0 0, L_000001b775c07b90;  1 drivers
v000001b775d8f570_0 .net "pixel_valid_texture", 0 0, L_000001b775c07ea0;  1 drivers
v000001b775d908d0_0 .net "pixel_x", 9 0, v000001b775d7ea70_0;  1 drivers
v000001b775d8fd90_0 .net "pixel_z", 23 0, v000001b775d7d990_0;  1 drivers
v000001b775d8f7f0_0 .net "ram_color", 23 0, v000001b775d7d5d0_0;  1 drivers
v000001b775d8f610_0 .net "ram_wren", 0 0, v000001b775d7d670_0;  1 drivers
v000001b775d906f0_0 .net "ram_xpos", 9 0, v000001b775d7ebb0_0;  1 drivers
v000001b775d8f6b0_0 .net "reset", 0 0, v000001b775ddb540_0;  alias, 1 drivers
v000001b775d8f750_0 .net "span_b", 23 0, v000001b775d81b30_0;  1 drivers
v000001b775d8f890_0 .net "span_dbdx", 23 0, v000001b775d81c70_0;  1 drivers
v000001b775d900b0_0 .net "span_dgdx", 23 0, v000001b775d80eb0_0;  1 drivers
v000001b775d90290_0 .net "span_drdx", 23 0, v000001b775d80d70_0;  1 drivers
v000001b775d90790_0 .net "span_dzdx", 23 0, v000001b775d82030_0;  1 drivers
v000001b775d90970_0 .net "span_flags", 7 0, v000001b775d81d10_0;  1 drivers
v000001b775d90ab0_0 .net "span_g", 23 0, v000001b775d800f0_0;  1 drivers
v000001b775d93df0_0 .net "span_r", 23 0, v000001b775d81db0_0;  1 drivers
v000001b775d932b0_0 .net "span_ready", 0 0, L_000001b775dd2da0;  1 drivers
v000001b775d93710_0 .net "span_texaddr", 25 0, v000001b775d80870_0;  1 drivers
v000001b775d91e10_0 .net "span_texstride", 15 0, v000001b775d80e10_0;  1 drivers
v000001b775d91ff0_0 .net "span_valid", 0 0, v000001b775d813b0_0;  1 drivers
v000001b775d929f0_0 .net "span_x1", 9 0, v000001b775d80ff0_0;  1 drivers
v000001b775d937b0_0 .net "span_x2", 9 0, v000001b775d811d0_0;  1 drivers
v000001b775d92bd0_0 .net "span_z", 23 0, v000001b775d81270_0;  1 drivers
v000001b775d93850_0 .net "start_of_frame", 0 0, v000001b775d7d3f0_0;  1 drivers
v000001b775d93210_0 .net "start_of_line", 0 0, v000001b775d7d170_0;  1 drivers
v000001b775d92310_0 .net "start_of_pixel", 0 0, v000001b775d7e070_0;  1 drivers
v000001b775d93f30_0 .net "texpath_brightness", 8 0, v000001b775d83750_0;  1 drivers
v000001b775d93170_0 .net "texpath_color", 23 0, v000001b775d83c50_0;  1 drivers
v000001b775d92630_0 .net "texpath_ready", 0 0, L_000001b775c07960;  1 drivers
v000001b775d92db0_0 .net "texpath_valid", 0 0, v000001b775d831b0_0;  1 drivers
v000001b775d91af0_0 .net "texpath_x", 9 0, v000001b775d841f0_0;  1 drivers
v000001b775d919b0_0 .net "texpath_z", 19 0, v000001b775d82990_0;  1 drivers
v000001b775d924f0_0 .net "unused", 0 0, L_000001b775dd4ec0;  1 drivers
v000001b775d93350_0 .net "vga_b", 7 0, v000001b775d84470_0;  1 drivers
v000001b775d933f0_0 .net "vga_clk", 0 0, v000001b775d7de90_0;  1 drivers
v000001b775d93490_0 .net "vga_g", 7 0, v000001b775d83f70_0;  1 drivers
v000001b775d93530_0 .net "vga_r", 7 0, v000001b775d84330_0;  1 drivers
v000001b775d93670_0 .net "vsync", 0 0, v000001b775d7e110_0;  1 drivers
v000001b775d926d0_0 .net "xpos", 10 0, v000001b775d7d710_0;  1 drivers
v000001b775d91cd0_0 .net "ypos", 9 0, v000001b775d7d490_0;  1 drivers
v000001b775d928b0_0 .net "zbuf_color", 23 0, v000001b775d7cd20_0;  1 drivers
v000001b775d93e90_0 .net "zbuf_valid", 0 0, v000001b775d7cdc0_0;  1 drivers
v000001b775d935d0_0 .net "zbuf_x", 9 0, v000001b775d7cf00_0;  1 drivers
v000001b775d93fd0_0 .net "zbuf_z", 19 0, v000001b775d7c8c0_0;  1 drivers
L_000001b775dd1040 .part v000001b775dc63f0_0, 14, 2;
L_000001b775dd1fe0 .cmp/eq 2, L_000001b775dd1040, L_000001b775dde8e8;
L_000001b775dd10e0 .part v000001b775dc63f0_0, 2, 12;
L_000001b775dd4ce0 .part v000001b775d7d990_0, 4, 20;
L_000001b775dd3fc0 .part v000001b775dc63f0_0, 12, 4;
L_000001b775dd3980 .cmp/eq 4, L_000001b775dd3fc0, L_000001b775dded68;
L_000001b775dd32a0 .part v000001b775dc63f0_0, 2, 10;
L_000001b775dd37a0 .part v000001b775d7d990_0, 0, 4;
L_000001b775dd35c0 .part v000001b775dc63f0_0, 0, 2;
L_000001b775dd38e0 .concat [ 2 4 0 0], L_000001b775dd35c0, L_000001b775dd37a0;
L_000001b775dd4ec0 .reduce/and L_000001b775dd38e0;
S_000001b775d0d330 .scope module, "iris_brightness_inst" "iris_brightness" 22 248, 23 3 0, S_000001b775d0db00;
 .timescale -9 -9;
    .port_info 0 /INPUT 1 "clock";
    .port_info 1 /INPUT 1 "bri_valid";
    .port_info 2 /INPUT 10 "bri_x";
    .port_info 3 /INPUT 24 "bri_color";
    .port_info 4 /INPUT 20 "bri_z";
    .port_info 5 /INPUT 9 "bri_brightness";
    .port_info 6 /OUTPUT 1 "out_valid";
    .port_info 7 /OUTPUT 10 "out_x";
    .port_info 8 /OUTPUT 24 "out_color";
    .port_info 9 /OUTPUT 20 "out_z";
v000001b775d7a480_0 .net "bri_brightness", 8 0, v000001b775d77780_0;  alias, 1 drivers
v000001b775d7a8e0_0 .net "bri_color", 23 0, v000001b775d757a0_0;  alias, 1 drivers
v000001b775d7cb40_0 .net "bri_valid", 0 0, v000001b775d75f20_0;  alias, 1 drivers
v000001b775d7cc80_0 .net "bri_x", 9 0, v000001b775d76240_0;  alias, 1 drivers
v000001b775d7cfa0_0 .net "bri_z", 19 0, v000001b775d77640_0;  alias, 1 drivers
v000001b775d7ce60_0 .net "clock", 0 0, L_000001b775c06ee0;  alias, 1 drivers
v000001b775d7cd20_0 .var "out_color", 23 0;
v000001b775d7cdc0_0 .var "out_valid", 0 0;
v000001b775d7cf00_0 .var "out_x", 9 0;
v000001b775d7c8c0_0 .var "out_z", 19 0;
v000001b775d7caa0_0 .var "tmp", 15 0;
S_000001b775d0ec30 .scope module, "iris_combine_inst" "iris_combine" 22 218, 24 3 0, S_000001b775d0db00;
 .timescale -9 -9;
    .port_info 0 /INPUT 1 "clock";
    .port_info 1 /INPUT 1 "src0_valid";
    .port_info 2 /OUTPUT 1 "src0_ready";
    .port_info 3 /INPUT 10 "src0_x";
    .port_info 4 /INPUT 24 "src0_color";
    .port_info 5 /INPUT 20 "src0_z";
    .port_info 6 /INPUT 9 "src0_brightness";
    .port_info 7 /INPUT 1 "src1_valid";
    .port_info 8 /OUTPUT 1 "src1_ready";
    .port_info 9 /INPUT 10 "src1_x";
    .port_info 10 /INPUT 24 "src1_color";
    .port_info 11 /INPUT 20 "src1_z";
    .port_info 12 /INPUT 9 "src1_brightness";
    .port_info 13 /OUTPUT 1 "out_valid";
    .port_info 14 /OUTPUT 10 "out_x";
    .port_info 15 /OUTPUT 24 "out_color";
    .port_info 16 /OUTPUT 20 "out_z";
    .port_info 17 /OUTPUT 9 "out_brightness";
L_000001b775c07960 .functor BUFZ 1, v000001b775d831b0_0, C4<0>, C4<0>, C4<0>;
L_000001b775c076c0 .functor AND 1, v000001b775d75a20_0, L_000001b775dd4920, C4<1>, C4<1>;
v000001b775d7cbe0_0 .net *"_ivl_3", 0 0, L_000001b775dd4920;  1 drivers
v000001b775d7ca00_0 .net "clock", 0 0, L_000001b775c06ee0;  alias, 1 drivers
v000001b775d77780_0 .var "out_brightness", 8 0;
v000001b775d757a0_0 .var "out_color", 23 0;
v000001b775d75f20_0 .var "out_valid", 0 0;
v000001b775d76240_0 .var "out_x", 9 0;
v000001b775d77640_0 .var "out_z", 19 0;
v000001b775d75520_0 .net "src0_brightness", 8 0, v000001b775d83750_0;  alias, 1 drivers
v000001b775d77000_0 .net "src0_color", 23 0, v000001b775d83c50_0;  alias, 1 drivers
v000001b775d770a0_0 .net "src0_ready", 0 0, L_000001b775c07960;  alias, 1 drivers
v000001b775d76ec0_0 .net "src0_valid", 0 0, v000001b775d831b0_0;  alias, 1 drivers
v000001b775d75e80_0 .net "src0_x", 9 0, v000001b775d841f0_0;  alias, 1 drivers
v000001b775d76920_0 .net "src0_z", 19 0, v000001b775d82990_0;  alias, 1 drivers
L_000001b775ddedb0 .functor BUFT 1, C4<100000000>, C4<0>, C4<0>, C4<0>;
v000001b775d75b60_0 .net "src1_brightness", 8 0, L_000001b775ddedb0;  1 drivers
v000001b775d75660_0 .net "src1_color", 23 0, v000001b775d75ca0_0;  alias, 1 drivers
v000001b775d77820_0 .net "src1_ready", 0 0, L_000001b775c076c0;  alias, 1 drivers
v000001b775d769c0_0 .net "src1_valid", 0 0, v000001b775d75a20_0;  alias, 1 drivers
v000001b775d750c0_0 .net "src1_x", 9 0, v000001b775d76d80_0;  alias, 1 drivers
v000001b775d76880_0 .net "src1_z", 19 0, v000001b775d776e0_0;  alias, 1 drivers
L_000001b775dd4920 .reduce/nor v000001b775d831b0_0;
S_000001b775d0de20 .scope module, "iris_gourand_inst" "iris_gourand" 22 160, 25 3 0, S_000001b775d0db00;
 .timescale -9 -9;
    .port_info 0 /INPUT 1 "clock";
    .port_info 1 /INPUT 1 "pixel_valid_gourand";
    .port_info 2 /OUTPUT 1 "pixel_ready_gourand";
    .port_info 3 /INPUT 8 "pixel_flags";
    .port_info 4 /INPUT 10 "pixel_x";
    .port_info 5 /INPUT 24 "pixel_r";
    .port_info 6 /INPUT 24 "pixel_g";
    .port_info 7 /INPUT 24 "pixel_b";
    .port_info 8 /INPUT 20 "pixel_z";
    .port_info 9 /OUTPUT 1 "out_valid";
    .port_info 10 /INPUT 1 "out_ready";
    .port_info 11 /OUTPUT 10 "out_x";
    .port_info 12 /OUTPUT 24 "out_color";
    .port_info 13 /OUTPUT 20 "out_z";
L_000001b775c07810 .functor OR 1, L_000001b775c076c0, L_000001b775dd0c80, C4<0>, C4<0>;
L_000001b775ddea50 .functor BUFT 1, C4<0>, C4<0>, C4<0>, C4<0>;
L_000001b775c07650 .functor XNOR 1, L_000001b775dd49c0, L_000001b775ddea50, C4<0>, C4<0>;
L_000001b775ddeb70 .functor BUFT 1, C4<0>, C4<0>, C4<0>, C4<0>;
L_000001b775c070a0 .functor XNOR 1, L_000001b775dd33e0, L_000001b775ddeb70, C4<0>, C4<0>;
L_000001b775ddec90 .functor BUFT 1, C4<0>, C4<0>, C4<0>, C4<0>;
L_000001b775c08290 .functor XNOR 1, L_000001b775dd3340, L_000001b775ddec90, C4<0>, C4<0>;
v000001b775d7c960_0 .net *"_ivl_1", 0 0, L_000001b775dd0c80;  1 drivers
v000001b775d75c00_0 .net *"_ivl_11", 7 0, L_000001b775dd17c0;  1 drivers
v000001b775d76420_0 .net *"_ivl_13", 0 0, L_000001b775dd49c0;  1 drivers
v000001b775d766a0_0 .net/2u *"_ivl_14", 0 0, L_000001b775ddea50;  1 drivers
v000001b775d77500_0 .net *"_ivl_16", 0 0, L_000001b775c07650;  1 drivers
L_000001b775ddea98 .functor BUFT 1, C4<11111111>, C4<0>, C4<0>, C4<0>;
v000001b775d753e0_0 .net/2u *"_ivl_18", 7 0, L_000001b775ddea98;  1 drivers
L_000001b775ddeae0 .functor BUFT 1, C4<00000000>, C4<0>, C4<0>, C4<0>;
v000001b775d75fc0_0 .net/2u *"_ivl_20", 7 0, L_000001b775ddeae0;  1 drivers
v000001b775d758e0_0 .net *"_ivl_22", 7 0, L_000001b775dd51e0;  1 drivers
v000001b775d75ac0_0 .net *"_ivl_27", 3 0, L_000001b775dd5500;  1 drivers
L_000001b775ddeb28 .functor BUFT 1, C4<0000>, C4<0>, C4<0>, C4<0>;
v000001b775d75d40_0 .net/2u *"_ivl_28", 3 0, L_000001b775ddeb28;  1 drivers
v000001b775d77140_0 .net *"_ivl_30", 0 0, L_000001b775dd3a20;  1 drivers
v000001b775d76a60_0 .net *"_ivl_33", 7 0, L_000001b775dd4420;  1 drivers
v000001b775d75980_0 .net *"_ivl_35", 0 0, L_000001b775dd33e0;  1 drivers
v000001b775d76f60_0 .net/2u *"_ivl_36", 0 0, L_000001b775ddeb70;  1 drivers
v000001b775d75700_0 .net *"_ivl_38", 0 0, L_000001b775c070a0;  1 drivers
L_000001b775ddebb8 .functor BUFT 1, C4<11111111>, C4<0>, C4<0>, C4<0>;
v000001b775d76060_0 .net/2u *"_ivl_40", 7 0, L_000001b775ddebb8;  1 drivers
L_000001b775ddec00 .functor BUFT 1, C4<00000000>, C4<0>, C4<0>, C4<0>;
v000001b775d762e0_0 .net/2u *"_ivl_42", 7 0, L_000001b775ddec00;  1 drivers
v000001b775d77460_0 .net *"_ivl_44", 7 0, L_000001b775dd3480;  1 drivers
v000001b775d75340_0 .net *"_ivl_49", 3 0, L_000001b775dd4a60;  1 drivers
v000001b775d76560_0 .net *"_ivl_5", 3 0, L_000001b775dd0d20;  1 drivers
L_000001b775ddec48 .functor BUFT 1, C4<0000>, C4<0>, C4<0>, C4<0>;
v000001b775d771e0_0 .net/2u *"_ivl_50", 3 0, L_000001b775ddec48;  1 drivers
v000001b775d75200_0 .net *"_ivl_52", 0 0, L_000001b775dd3840;  1 drivers
v000001b775d77320_0 .net *"_ivl_55", 7 0, L_000001b775dd4f60;  1 drivers
v000001b775d76380_0 .net *"_ivl_57", 0 0, L_000001b775dd3340;  1 drivers
v000001b775d75480_0 .net/2u *"_ivl_58", 0 0, L_000001b775ddec90;  1 drivers
L_000001b775ddea08 .functor BUFT 1, C4<0000>, C4<0>, C4<0>, C4<0>;
v000001b775d752a0_0 .net/2u *"_ivl_6", 3 0, L_000001b775ddea08;  1 drivers
v000001b775d75de0_0 .net *"_ivl_60", 0 0, L_000001b775c08290;  1 drivers
L_000001b775ddecd8 .functor BUFT 1, C4<11111111>, C4<0>, C4<0>, C4<0>;
v000001b775d76b00_0 .net/2u *"_ivl_62", 7 0, L_000001b775ddecd8;  1 drivers
L_000001b775dded20 .functor BUFT 1, C4<00000000>, C4<0>, C4<0>, C4<0>;
v000001b775d76ba0_0 .net/2u *"_ivl_64", 7 0, L_000001b775dded20;  1 drivers
v000001b775d76100_0 .net *"_ivl_66", 7 0, L_000001b775dd4ba0;  1 drivers
v000001b775d761a0_0 .net *"_ivl_71", 11 0, L_000001b775dd3700;  1 drivers
v000001b775d764c0_0 .net *"_ivl_73", 11 0, L_000001b775dd4c40;  1 drivers
v000001b775d77280_0 .net *"_ivl_75", 11 0, L_000001b775dd5780;  1 drivers
v000001b775d76600_0 .net *"_ivl_76", 43 0, L_000001b775dd3520;  1 drivers
v000001b775d76740_0 .net *"_ivl_8", 0 0, L_000001b775dd1220;  1 drivers
v000001b775d775a0_0 .net "clock", 0 0, L_000001b775c06ee0;  alias, 1 drivers
v000001b775d76c40_0 .net "color_b", 7 0, L_000001b775dd55a0;  1 drivers
v000001b775d767e0_0 .net "color_g", 7 0, L_000001b775dd56e0;  1 drivers
v000001b775d773c0_0 .net "color_r", 7 0, L_000001b775dd5640;  1 drivers
v000001b775d75ca0_0 .var "out_color", 23 0;
v000001b775d76ce0_0 .net "out_ready", 0 0, L_000001b775c076c0;  alias, 1 drivers
v000001b775d75a20_0 .var "out_valid", 0 0;
v000001b775d76d80_0 .var "out_x", 9 0;
v000001b775d776e0_0 .var "out_z", 19 0;
v000001b775d76e20_0 .net "pixel_b", 23 0, v000001b775d84d30_0;  alias, 1 drivers
v000001b775d75840_0 .net "pixel_flags", 7 0, v000001b775d84ab0_0;  alias, 1 drivers
v000001b775d755c0_0 .net "pixel_g", 23 0, v000001b775d84f10_0;  alias, 1 drivers
v000001b775d794e0_0 .net "pixel_r", 23 0, v000001b775d7f790_0;  alias, 1 drivers
v000001b775d79080_0 .net "pixel_ready_gourand", 0 0, L_000001b775c07810;  alias, 1 drivers
v000001b775d78d60_0 .net "pixel_valid_gourand", 0 0, L_000001b775c07b90;  alias, 1 drivers
v000001b775d77a00_0 .net "pixel_x", 9 0, v000001b775d7ea70_0;  alias, 1 drivers
v000001b775d79bc0_0 .net "pixel_z", 19 0, L_000001b775dd4ce0;  1 drivers
v000001b775d79d00_0 .net "unused", 0 0, L_000001b775dd44c0;  1 drivers
L_000001b775dd0c80 .reduce/nor v000001b775d75a20_0;
L_000001b775dd0d20 .part v000001b775d7f790_0, 20, 4;
L_000001b775dd1220 .cmp/eq 4, L_000001b775dd0d20, L_000001b775ddea08;
L_000001b775dd17c0 .part v000001b775d7f790_0, 12, 8;
L_000001b775dd49c0 .part v000001b775d7f790_0, 23, 1;
L_000001b775dd51e0 .functor MUXZ 8, L_000001b775ddeae0, L_000001b775ddea98, L_000001b775c07650, C4<>;
L_000001b775dd5640 .functor MUXZ 8, L_000001b775dd51e0, L_000001b775dd17c0, L_000001b775dd1220, C4<>;
L_000001b775dd5500 .part v000001b775d84f10_0, 20, 4;
L_000001b775dd3a20 .cmp/eq 4, L_000001b775dd5500, L_000001b775ddeb28;
L_000001b775dd4420 .part v000001b775d84f10_0, 12, 8;
L_000001b775dd33e0 .part v000001b775d84f10_0, 23, 1;
L_000001b775dd3480 .functor MUXZ 8, L_000001b775ddec00, L_000001b775ddebb8, L_000001b775c070a0, C4<>;
L_000001b775dd56e0 .functor MUXZ 8, L_000001b775dd3480, L_000001b775dd4420, L_000001b775dd3a20, C4<>;
L_000001b775dd4a60 .part v000001b775d84d30_0, 20, 4;
L_000001b775dd3840 .cmp/eq 4, L_000001b775dd4a60, L_000001b775ddec48;
L_000001b775dd4f60 .part v000001b775d84d30_0, 12, 8;
L_000001b775dd3340 .part v000001b775d84d30_0, 23, 1;
L_000001b775dd4ba0 .functor MUXZ 8, L_000001b775dded20, L_000001b775ddecd8, L_000001b775c08290, C4<>;
L_000001b775dd55a0 .functor MUXZ 8, L_000001b775dd4ba0, L_000001b775dd4f60, L_000001b775dd3840, C4<>;
L_000001b775dd3700 .part v000001b775d7f790_0, 0, 12;
L_000001b775dd4c40 .part v000001b775d84f10_0, 0, 12;
L_000001b775dd5780 .part v000001b775d84d30_0, 0, 12;
L_000001b775dd3520 .concat [ 8 12 12 12], v000001b775d84ab0_0, L_000001b775dd5780, L_000001b775dd4c40, L_000001b775dd3700;
L_000001b775dd44c0 .reduce/and L_000001b775dd3520;
S_000001b775d0ce80 .scope module, "iris_objwalk_inst" "iris_objwalk" 22 75, 26 47 0, S_000001b775d0db00;
 .timescale -9 -9;
    .port_info 0 /INPUT 1 "clock";
    .port_info 1 /INPUT 1 "reset";
    .port_info 2 /INPUT 1 "start_of_line";
    .port_info 3 /INPUT 10 "ypos";
    .port_info 4 /INPUT 1 "aux_iris_req";
    .port_info 5 /INPUT 12 "aux_iris_addr";
    .port_info 6 /INPUT 32 "aux_iris_wdata";
    .port_info 7 /OUTPUT 1 "span_valid";
    .port_info 8 /INPUT 1 "span_ready";
    .port_info 9 /OUTPUT 8 "span_flags";
    .port_info 10 /OUTPUT 10 "span_x1";
    .port_info 11 /OUTPUT 10 "span_x2";
    .port_info 12 /OUTPUT 24 "span_z";
    .port_info 13 /OUTPUT 24 "span_dzdx";
    .port_info 14 /OUTPUT 24 "span_r";
    .port_info 15 /OUTPUT 24 "span_drdx";
    .port_info 16 /OUTPUT 24 "span_g";
    .port_info 17 /OUTPUT 24 "span_dgdx";
    .port_info 18 /OUTPUT 24 "span_b";
    .port_info 19 /OUTPUT 24 "span_dbdx";
    .port_info 20 /OUTPUT 26 "span_texaddr";
    .port_info 21 /OUTPUT 16 "span_texstride";
v000001b775d78680_0 .net *"_ivl_107", 7 0, L_000001b775dd0b40;  1 drivers
v000001b775d77b40_0 .net *"_ivl_109", 11 0, L_000001b775dd1720;  1 drivers
v000001b775d784a0_0 .net *"_ivl_11", 15 0, L_000001b775dd0f00;  1 drivers
v000001b775d79300_0 .net *"_ivl_111", 7 0, L_000001b775dd1c20;  1 drivers
v000001b775d79580_0 .net *"_ivl_113", 11 0, L_000001b775dd2b20;  1 drivers
v000001b775d79e40_0 .net *"_ivl_114", 39 0, L_000001b775dd2c60;  1 drivers
L_000001b775dde6a8 .functor BUFT 1, C4<00000000>, C4<0>, C4<0>, C4<0>;
v000001b775d77aa0_0 .net/2u *"_ivl_12", 7 0, L_000001b775dde6a8;  1 drivers
v000001b775d7a020_0 .net *"_ivl_17", 15 0, L_000001b775dd2620;  1 drivers
L_000001b775dde6f0 .functor BUFT 1, C4<00000000>, C4<0>, C4<0>, C4<0>;
v000001b775d77d20_0 .net/2u *"_ivl_18", 7 0, L_000001b775dde6f0;  1 drivers
v000001b775d79620_0 .net *"_ivl_23", 15 0, L_000001b775dd2260;  1 drivers
L_000001b775dde738 .functor BUFT 1, C4<00000000>, C4<0>, C4<0>, C4<0>;
v000001b775d796c0_0 .net/2u *"_ivl_24", 7 0, L_000001b775dde738;  1 drivers
v000001b775d79ee0_0 .net *"_ivl_29", 15 0, L_000001b775dd2760;  1 drivers
L_000001b775dde780 .functor BUFT 1, C4<00000000>, C4<0>, C4<0>, C4<0>;
v000001b775d78180_0 .net/2u *"_ivl_30", 7 0, L_000001b775dde780;  1 drivers
v000001b775d77be0_0 .net *"_ivl_35", 15 0, L_000001b775dd1ae0;  1 drivers
v000001b775d78ae0_0 .net *"_ivl_39", 15 0, L_000001b775dd1860;  1 drivers
v000001b775d78540_0 .net *"_ivl_43", 15 0, L_000001b775dd2440;  1 drivers
v000001b775d78220_0 .net *"_ivl_47", 15 0, L_000001b775dd1d60;  1 drivers
L_000001b775dde7c8 .functor BUFT 1, C4<00000000>, C4<0>, C4<0>, C4<0>;
v000001b775d78400_0 .net/2u *"_ivl_48", 7 0, L_000001b775dde7c8;  1 drivers
v000001b775d79120_0 .net *"_ivl_53", 15 0, L_000001b775dd1f40;  1 drivers
v000001b775d78860_0 .net *"_ivl_57", 15 0, L_000001b775dd28a0;  1 drivers
v000001b775d79800_0 .net *"_ivl_61", 15 0, L_000001b775dd21c0;  1 drivers
L_000001b775dde810 .functor BUFT 1, C4<00000000>, C4<0>, C4<0>, C4<0>;
v000001b775d77f00_0 .net/2u *"_ivl_62", 7 0, L_000001b775dde810;  1 drivers
v000001b775d77c80_0 .net *"_ivl_67", 15 0, L_000001b775dd12c0;  1 drivers
v000001b775d78cc0_0 .net *"_ivl_71", 15 0, L_000001b775dd0fa0;  1 drivers
v000001b775d77fa0_0 .net *"_ivl_75", 15 0, L_000001b775dd1a40;  1 drivers
L_000001b775dde858 .functor BUFT 1, C4<00000000>, C4<0>, C4<0>, C4<0>;
v000001b775d798a0_0 .net/2u *"_ivl_76", 7 0, L_000001b775dde858;  1 drivers
v000001b775d799e0_0 .net *"_ivl_81", 15 0, L_000001b775dd29e0;  1 drivers
v000001b775d77960_0 .net *"_ivl_85", 15 0, L_000001b775dd3020;  1 drivers
v000001b775d780e0_0 .net *"_ivl_89", 15 0, L_000001b775dd24e0;  1 drivers
L_000001b775dde8a0 .functor BUFT 1, C4<00000000>, C4<0>, C4<0>, C4<0>;
v000001b775d78b80_0 .net/2u *"_ivl_90", 7 0, L_000001b775dde8a0;  1 drivers
v000001b775d79f80_0 .net *"_ivl_95", 15 0, L_000001b775dd2bc0;  1 drivers
v000001b775d782c0_0 .net *"_ivl_99", 15 0, L_000001b775dd2a80;  1 drivers
v000001b775d78a40_0 .net "aux_iris_addr", 11 0, L_000001b775dd10e0;  1 drivers
v000001b775d77dc0_0 .net "aux_iris_req", 0 0, L_000001b775c07e30;  1 drivers
v000001b775d778c0_0 .net "aux_iris_wdata", 31 0, v000001b775dc5590_0;  alias, 1 drivers
v000001b775d79940_0 .net "clock", 0 0, L_000001b775c06ee0;  alias, 1 drivers
v000001b775d78360_0 .var/s "lat_mult_a1", 23 0;
v000001b775d785e0_0 .var/s "lat_mult_a2", 23 0;
v000001b775d78720_0 .var/s "lat_mult_b1", 23 0;
v000001b775d787c0_0 .var/s "lat_mult_b2", 23 0;
v000001b775d78c20_0 .var/s "mac_out", 27 0;
v000001b775d77e60_0 .var/s "mult_a1", 23 0;
v000001b775d78900_0 .var/s "mult_a2", 23 0;
v000001b775d79a80_0 .var/s "mult_b1", 23 0;
v000001b775d78e00_0 .var/s "mult_b2", 23 0;
v000001b775d79b20_0 .var/s "mult_c", 23 0;
v000001b775d78ea0_0 .var/s "mult_c_dly", 23 0;
v000001b775d78f40_0 .var/s "mult_p1", 47 0;
v000001b775d78fe0_0 .var/s "mult_p2", 47 0;
v000001b775d81bd0_0 .var/s "next_dx1", 23 0;
v000001b775d804b0_0 .var/s "next_dy1", 23 0;
v000001b775d81f90_0 .var/s "next_dy2", 23 0;
v000001b775d81090_0 .var "next_obj_index", 8 0;
v000001b775d7f970_0 .var "next_span_b", 23 0;
v000001b775d81630_0 .var "next_span_dbdx", 23 0;
v000001b775d7fab0_0 .var "next_span_dgdx", 23 0;
v000001b775d80af0_0 .var "next_span_drdx", 23 0;
v000001b775d80550_0 .var "next_span_dzdx", 23 0;
v000001b775d80190_0 .var "next_span_flags", 7 0;
v000001b775d81a90_0 .var "next_span_g", 23 0;
v000001b775d7fbf0_0 .var "next_span_r", 23 0;
v000001b775d80230_0 .var "next_span_texaddr", 25 0;
v000001b775d80690_0 .var "next_span_texstride", 15 0;
v000001b775d7fa10_0 .var "next_span_valid", 0 0;
v000001b775d80f50_0 .var "next_span_x1", 9 0;
v000001b775d81e50_0 .var "next_span_x2", 9 0;
v000001b775d80050_0 .var "next_span_z", 23 0;
v000001b775d80cd0_0 .var "next_state", 3 0;
v000001b775d81450_0 .net "obj_data", 255 0, v000001b775d79c60_0;  1 drivers
v000001b775d814f0_0 .var "obj_index", 8 0;
v000001b775d81950_0 .net "ram0_clip_x1", 15 0, L_000001b775dd1680;  1 drivers
v000001b775d802d0_0 .net "ram0_clip_x2", 15 0, L_000001b775dd2300;  1 drivers
v000001b775d80910_0 .net "ram0_clip_y1", 9 0, L_000001b775dd0a00;  1 drivers
v000001b775d818b0_0 .net "ram0_clip_y2", 9 0, L_000001b775dd1540;  1 drivers
v000001b775d80370_0 .net "ram0_dx1_dy", 23 0, L_000001b775dd2580;  1 drivers
v000001b775d80c30_0 .net "ram0_dx2_dy", 23 0, L_000001b775dd23a0;  1 drivers
v000001b775d7fdd0_0 .net "ram0_dx3_dy", 23 0, L_000001b775dd2ee0;  1 drivers
v000001b775d7fe70_0 .net "ram0_dz_dx", 23 0, L_000001b775dd2120;  1 drivers
v000001b775d80410_0 .net "ram0_dz_dy", 23 0, L_000001b775dd1360;  1 drivers
v000001b775d805f0_0 .net "ram0_flags", 15 0, L_000001b775dd08c0;  1 drivers
v000001b775d7ffb0_0 .net "ram0_x1", 23 0, L_000001b775dd1900;  1 drivers
v000001b775d80730_0 .net "ram0_x2", 23 0, L_000001b775dd1e00;  1 drivers
v000001b775d80a50_0 .net "ram0_y1", 23 0, L_000001b775dd1cc0;  1 drivers
v000001b775d81ef0_0 .net "ram0_y2", 23 0, L_000001b775dd1180;  1 drivers
v000001b775d7fd30_0 .net "ram0_z1", 23 0, L_000001b775dd2800;  1 drivers
v000001b775d81810_0 .net "ram1_b1", 23 0, L_000001b775dd1400;  1 drivers
v000001b775d80b90_0 .net "ram1_db_dx", 23 0, L_000001b775dd26c0;  1 drivers
v000001b775d816d0_0 .net "ram1_db_dy", 23 0, L_000001b775dd14a0;  1 drivers
v000001b775d807d0_0 .net "ram1_dg_dx", 23 0, L_000001b775dd15e0;  1 drivers
v000001b775d819f0_0 .net "ram1_dg_dy", 23 0, L_000001b775dd0e60;  1 drivers
v000001b775d809b0_0 .net "ram1_dr_dx", 23 0, L_000001b775dd2f80;  1 drivers
v000001b775d81590_0 .net "ram1_dr_dy", 23 0, L_000001b775dd1b80;  1 drivers
v000001b775d81770_0 .net "ram1_g1", 23 0, L_000001b775dd2e40;  1 drivers
v000001b775d81130_0 .net "ram1_r1", 23 0, L_000001b775dd2940;  1 drivers
v000001b775d7fb50_0 .net "ram1_tex_addr", 25 0, L_000001b775dd1ea0;  1 drivers
v000001b775d7ff10_0 .net "ram1_tex_stride", 15 0, L_000001b775dd2080;  1 drivers
v000001b775d7fc90_0 .net "reset", 0 0, v000001b775ddb540_0;  alias, 1 drivers
v000001b775d81b30_0 .var "span_b", 23 0;
v000001b775d81c70_0 .var "span_dbdx", 23 0;
v000001b775d80eb0_0 .var "span_dgdx", 23 0;
v000001b775d80d70_0 .var "span_drdx", 23 0;
v000001b775d82030_0 .var "span_dzdx", 23 0;
v000001b775d81d10_0 .var "span_flags", 7 0;
v000001b775d800f0_0 .var "span_g", 23 0;
v000001b775d81db0_0 .var "span_r", 23 0;
v000001b775d7f8d0_0 .net "span_ready", 0 0, L_000001b775dd2da0;  alias, 1 drivers
v000001b775d80870_0 .var "span_texaddr", 25 0;
v000001b775d80e10_0 .var "span_texstride", 15 0;
v000001b775d813b0_0 .var "span_valid", 0 0;
v000001b775d80ff0_0 .var "span_x1", 9 0;
v000001b775d811d0_0 .var "span_x2", 9 0;
v000001b775d81270_0 .var "span_z", 23 0;
v000001b775d81310_0 .net "start_of_line", 0 0, v000001b775d7d170_0;  alias, 1 drivers
v000001b775d840b0_0 .var "state", 3 0;
v000001b775d83bb0_0 .var/s "this_dx1", 23 0;
v000001b775d845b0_0 .var/s "this_dy1", 23 0;
v000001b775d82cb0_0 .var/s "this_dy2", 23 0;
v000001b775d82c10_0 .var/s "tmp", 15 0;
v000001b775d82170_0 .net "unused_ok", 0 0, L_000001b775dd2d00;  1 drivers
v000001b775d843d0_0 .net "ypos", 9 0, v000001b775d7d490_0;  alias, 1 drivers
E_000001b775ce6a70/0 .event anyedge, v000001b775d814f0_0, v000001b775d845b0_0, v000001b775d82cb0_0, v000001b775d83bb0_0;
E_000001b775ce6a70/1 .event anyedge, v000001b775d81d10_0, v000001b775d813b0_0, v000001b775d80ff0_0, v000001b775d811d0_0;
E_000001b775ce6a70/2 .event anyedge, v000001b775d81270_0, v000001b775d82030_0, v000001b775d81db0_0, v000001b775d80d70_0;
E_000001b775ce6a70/3 .event anyedge, v000001b775d800f0_0, v000001b775d80eb0_0, v000001b775d81b30_0, v000001b775d81c70_0;
E_000001b775ce6a70/4 .event anyedge, v000001b775d80870_0, v000001b775d80e10_0, v000001b775d840b0_0, v000001b775d843d0_0;
E_000001b775ce6a70/5 .event anyedge, v000001b775d80910_0, v000001b775d818b0_0, v000001b775d805f0_0, v000001b775d80a50_0;
E_000001b775ce6a70/6 .event anyedge, v000001b775d81ef0_0, v000001b775d805f0_0, v000001b775d80370_0, v000001b775d7ffb0_0;
E_000001b775ce6a70/7 .event anyedge, v000001b775d7fdd0_0, v000001b775d80730_0, v000001b775d80c30_0, v000001b775d78c20_0;
E_000001b775ce6a70/8 .event anyedge, v000001b775d802d0_0, v000001b775d81950_0, v000001b775d82c10_0, v000001b775d7fe70_0;
E_000001b775ce6a70/9 .event anyedge, v000001b775d80410_0, v000001b775d7fd30_0, v000001b775d809b0_0, v000001b775d81590_0;
E_000001b775ce6a70/10 .event anyedge, v000001b775d81130_0, v000001b775d807d0_0, v000001b775d819f0_0, v000001b775d81770_0;
E_000001b775ce6a70/11 .event anyedge, v000001b775d78c20_0, v000001b775d80b90_0, v000001b775d816d0_0, v000001b775d81810_0;
E_000001b775ce6a70/12 .event anyedge, v000001b775d7fb50_0, v000001b775d7ff10_0, v000001b775d7f8d0_0, v000001b775d06810_0;
E_000001b775ce6a70/13 .event anyedge, v000001b775d81310_0;
E_000001b775ce6a70 .event/or E_000001b775ce6a70/0, E_000001b775ce6a70/1, E_000001b775ce6a70/2, E_000001b775ce6a70/3, E_000001b775ce6a70/4, E_000001b775ce6a70/5, E_000001b775ce6a70/6, E_000001b775ce6a70/7, E_000001b775ce6a70/8, E_000001b775ce6a70/9, E_000001b775ce6a70/10, E_000001b775ce6a70/11, E_000001b775ce6a70/12, E_000001b775ce6a70/13;
L_000001b775dd08c0 .part v000001b775d79c60_0, 0, 16;
L_000001b775dd1680 .part v000001b775d79c60_0, 16, 16;
L_000001b775dd2300 .part v000001b775d79c60_0, 32, 16;
L_000001b775dd0a00 .part v000001b775d79c60_0, 48, 10;
L_000001b775dd1540 .part v000001b775d79c60_0, 64, 10;
L_000001b775dd0f00 .part v000001b775d79c60_0, 80, 16;
L_000001b775dd1900 .concat [ 8 16 0 0], L_000001b775dde6a8, L_000001b775dd0f00;
L_000001b775dd2620 .part v000001b775d79c60_0, 96, 16;
L_000001b775dd1cc0 .concat [ 8 16 0 0], L_000001b775dde6f0, L_000001b775dd2620;
L_000001b775dd2260 .part v000001b775d79c60_0, 112, 16;
L_000001b775dd1e00 .concat [ 8 16 0 0], L_000001b775dde738, L_000001b775dd2260;
L_000001b775dd2760 .part v000001b775d79c60_0, 128, 16;
L_000001b775dd1180 .concat [ 8 16 0 0], L_000001b775dde780, L_000001b775dd2760;
L_000001b775dd1ae0 .part v000001b775d79c60_0, 144, 16;
L_000001b775dd2580 .ufunc/vec4 TD_tb.neoami_inst.iris_inst.iris_objwalk_inst.fp16_to_s12_12, 24, L_000001b775dd1ae0 (v000001b775d793a0_0) S_000001b775d0e780;
L_000001b775dd1860 .part v000001b775d79c60_0, 160, 16;
L_000001b775dd23a0 .ufunc/vec4 TD_tb.neoami_inst.iris_inst.iris_objwalk_inst.fp16_to_s12_12, 24, L_000001b775dd1860 (v000001b775d793a0_0) S_000001b775d0e780;
L_000001b775dd2440 .part v000001b775d79c60_0, 176, 16;
L_000001b775dd2ee0 .ufunc/vec4 TD_tb.neoami_inst.iris_inst.iris_objwalk_inst.fp16_to_s12_12, 24, L_000001b775dd2440 (v000001b775d793a0_0) S_000001b775d0e780;
L_000001b775dd1d60 .part v000001b775d79c60_0, 192, 16;
L_000001b775dd2800 .concat [ 8 16 0 0], L_000001b775dde7c8, L_000001b775dd1d60;
L_000001b775dd1f40 .part v000001b775d79c60_0, 208, 16;
L_000001b775dd2120 .ufunc/vec4 TD_tb.neoami_inst.iris_inst.iris_objwalk_inst.fp16_to_s12_12, 24, L_000001b775dd1f40 (v000001b775d793a0_0) S_000001b775d0e780;
L_000001b775dd28a0 .part v000001b775d79c60_0, 224, 16;
L_000001b775dd1360 .ufunc/vec4 TD_tb.neoami_inst.iris_inst.iris_objwalk_inst.fp16_to_s12_12, 24, L_000001b775dd28a0 (v000001b775d793a0_0) S_000001b775d0e780;
L_000001b775dd21c0 .part v000001b775d79c60_0, 0, 16;
L_000001b775dd2940 .concat [ 8 16 0 0], L_000001b775dde810, L_000001b775dd21c0;
L_000001b775dd12c0 .part v000001b775d79c60_0, 16, 16;
L_000001b775dd2f80 .ufunc/vec4 TD_tb.neoami_inst.iris_inst.iris_objwalk_inst.fp16_to_s12_12, 24, L_000001b775dd12c0 (v000001b775d793a0_0) S_000001b775d0e780;
L_000001b775dd0fa0 .part v000001b775d79c60_0, 32, 16;
L_000001b775dd1b80 .ufunc/vec4 TD_tb.neoami_inst.iris_inst.iris_objwalk_inst.fp16_to_s12_12, 24, L_000001b775dd0fa0 (v000001b775d793a0_0) S_000001b775d0e780;
L_000001b775dd1a40 .part v000001b775d79c60_0, 48, 16;
L_000001b775dd2e40 .concat [ 8 16 0 0], L_000001b775dde858, L_000001b775dd1a40;
L_000001b775dd29e0 .part v000001b775d79c60_0, 64, 16;
L_000001b775dd15e0 .ufunc/vec4 TD_tb.neoami_inst.iris_inst.iris_objwalk_inst.fp16_to_s12_12, 24, L_000001b775dd29e0 (v000001b775d793a0_0) S_000001b775d0e780;
L_000001b775dd3020 .part v000001b775d79c60_0, 80, 16;
L_000001b775dd0e60 .ufunc/vec4 TD_tb.neoami_inst.iris_inst.iris_objwalk_inst.fp16_to_s12_12, 24, L_000001b775dd3020 (v000001b775d793a0_0) S_000001b775d0e780;
L_000001b775dd24e0 .part v000001b775d79c60_0, 96, 16;
L_000001b775dd1400 .concat [ 8 16 0 0], L_000001b775dde8a0, L_000001b775dd24e0;
L_000001b775dd2bc0 .part v000001b775d79c60_0, 112, 16;
L_000001b775dd26c0 .ufunc/vec4 TD_tb.neoami_inst.iris_inst.iris_objwalk_inst.fp16_to_s12_12, 24, L_000001b775dd2bc0 (v000001b775d793a0_0) S_000001b775d0e780;
L_000001b775dd2a80 .part v000001b775d79c60_0, 128, 16;
L_000001b775dd14a0 .ufunc/vec4 TD_tb.neoami_inst.iris_inst.iris_objwalk_inst.fp16_to_s12_12, 24, L_000001b775dd2a80 (v000001b775d793a0_0) S_000001b775d0e780;
L_000001b775dd2080 .part v000001b775d79c60_0, 144, 16;
L_000001b775dd1ea0 .part v000001b775d79c60_0, 160, 26;
L_000001b775dd0b40 .part v000001b775d78f40_0, 40, 8;
L_000001b775dd1720 .part v000001b775d78f40_0, 0, 12;
L_000001b775dd1c20 .part v000001b775d78fe0_0, 40, 8;
L_000001b775dd2b20 .part v000001b775d78fe0_0, 0, 12;
L_000001b775dd2c60 .concat [ 12 8 12 8], L_000001b775dd2b20, L_000001b775dd1c20, L_000001b775dd1720, L_000001b775dd0b40;
L_000001b775dd2d00 .reduce/and L_000001b775dd2c60;
S_000001b775d0e780 .scope autofunction.vec4.s24, "fp16_to_s12_12" "fp16_to_s12_12" 26 101, 26 101 0, S_000001b775d0ce80;
 .timescale -9 -9;
v000001b775d793a0_0 .var "fp16", 15 0;
; Variable fp16_to_s12_12 is vec4 return value of scope S_000001b775d0e780
TD_tb.neoami_inst.iris_inst.iris_objwalk_inst.fp16_to_s12_12 ;
    %load/vec4 v000001b775d793a0_0;
    %parti/s 2, 14, 5;
    %cmpi/e 0, 0, 2;
    %jmp/0xz  T_1.28, 4;
    %load/vec4 v000001b775d793a0_0;
    %parti/s 1, 13, 5;
    %replicate 10;
    %load/vec4 v000001b775d793a0_0;
    %parti/s 14, 0, 2;
    %concat/vec4; draw_concat_vec4
    %ret/vec4 0, 0, 24;  Assign to fp16_to_s12_12 (store_vec4_to_lval)
    %disable/flow S_000001b775d0e780;
    %jmp T_1.29;
T_1.28 ;
    %load/vec4 v000001b775d793a0_0;
    %parti/s 2, 14, 5;
    %cmpi/e 1, 0, 2;
    %jmp/0xz  T_1.30, 4;
    %load/vec4 v000001b775d793a0_0;
    %parti/s 1, 13, 5;
    %replicate 7;
    %load/vec4 v000001b775d793a0_0;
    %parti/s 14, 0, 2;
    %concat/vec4; draw_concat_vec4
    %concati/vec4 4, 0, 3;
    %ret/vec4 0, 0, 24;  Assign to fp16_to_s12_12 (store_vec4_to_lval)
    %disable/flow S_000001b775d0e780;
    %jmp T_1.31;
T_1.30 ;
    %load/vec4 v000001b775d793a0_0;
    %parti/s 2, 14, 5;
    %cmpi/e 2, 0, 2;
    %jmp/0xz  T_1.32, 4;
    %load/vec4 v000001b775d793a0_0;
    %parti/s 1, 13, 5;
    %replicate 4;
    %load/vec4 v000001b775d793a0_0;
    %parti/s 14, 0, 2;
    %concat/vec4; draw_concat_vec4
    %concati/vec4 32, 0, 6;
    %ret/vec4 0, 0, 24;  Assign to fp16_to_s12_12 (store_vec4_to_lval)
    %disable/flow S_000001b775d0e780;
    %jmp T_1.33;
T_1.32 ;
    %load/vec4 v000001b775d793a0_0;
    %parti/s 1, 13, 5;
    %load/vec4 v000001b775d793a0_0;
    %parti/s 14, 0, 2;
    %concat/vec4; draw_concat_vec4
    %concati/vec4 256, 0, 9;
    %ret/vec4 0, 0, 24;  Assign to fp16_to_s12_12 (store_vec4_to_lval)
    %disable/flow S_000001b775d0e780;
T_1.33 ;
T_1.31 ;
T_1.29 ;
    %end;
S_000001b775d0d010 .scope module, "iris_obj_mem_inst" "iris_obj_mem" 26 466, 27 3 0, S_000001b775d0ce80;
 .timescale -12 -12;
    .port_info 0 /INPUT 1 "clock";
    .port_info 1 /INPUT 32 "data";
    .port_info 2 /INPUT 9 "rdaddress";
    .port_info 3 /INPUT 12 "wraddress";
    .port_info 4 /INPUT 1 "wren";
    .port_info 5 /OUTPUT 256 "q";
v000001b775d79760_0 .net "clock", 0 0, L_000001b775c06ee0;  alias, 1 drivers
v000001b775d791c0_0 .net "data", 31 0, v000001b775dc5590_0;  alias, 1 drivers
v000001b775d78040 .array "mem", 511 0, 255 0;
v000001b775d79c60_0 .var "q", 255 0;
v000001b775d79da0_0 .net "rdaddress", 8 0, v000001b775d81090_0;  1 drivers
v000001b775d789a0_0 .net "wraddress", 11 0, L_000001b775dd10e0;  alias, 1 drivers
v000001b775d79260_0 .net "wren", 0 0, L_000001b775c07e30;  alias, 1 drivers
S_000001b775d0d4c0 .scope module, "iris_palette_inst" "iris_palette" 22 188, 28 3 0, S_000001b775d0db00;
 .timescale -9 -9;
    .port_info 0 /INPUT 1 "clock";
    .port_info 1 /INPUT 1 "pal_valid";
    .port_info 2 /OUTPUT 1 "pal_ready";
    .port_info 3 /INPUT 8 "pal_flags";
    .port_info 4 /INPUT 10 "pal_x";
    .port_info 5 /INPUT 8 "pal_color_index";
    .port_info 6 /INPUT 20 "pal_z";
    .port_info 7 /INPUT 9 "pal_brightness";
    .port_info 8 /OUTPUT 1 "out_valid";
    .port_info 9 /INPUT 1 "out_ready";
    .port_info 10 /OUTPUT 10 "out_x";
    .port_info 11 /OUTPUT 24 "out_color";
    .port_info 12 /OUTPUT 20 "out_z";
    .port_info 13 /OUTPUT 9 "out_brightness";
    .port_info 14 /INPUT 1 "aux_iris_palette_req";
    .port_info 15 /INPUT 10 "aux_iris_addr";
    .port_info 16 /INPUT 32 "aux_iris_wdata";
L_000001b775c07f80 .functor OR 1, L_000001b775c07960, L_000001b775dd3f20, C4<0>, C4<0>;
v000001b775d83b10_0 .net *"_ivl_1", 0 0, L_000001b775dd3f20;  1 drivers
v000001b775d84650_0 .net *"_ivl_11", 0 0, L_000001b775dd3d40;  1 drivers
v000001b775d82d50_0 .net *"_ivl_12", 12 0, L_000001b775dd4d80;  1 drivers
v000001b775d84790_0 .net *"_ivl_5", 7 0, L_000001b775dd4b00;  1 drivers
v000001b775d83cf0_0 .net *"_ivl_7", 1 0, L_000001b775dd4880;  1 drivers
v000001b775d83070_0 .net *"_ivl_9", 1 0, L_000001b775dd3200;  1 drivers
v000001b775d82e90_0 .net "aux_iris_addr", 9 0, L_000001b775dd32a0;  1 drivers
v000001b775d84150_0 .net "aux_iris_palette_req", 0 0, L_000001b775c072d0;  1 drivers
v000001b775d834d0_0 .net "aux_iris_wdata", 31 0, v000001b775dc5590_0;  alias, 1 drivers
v000001b775d846f0_0 .net "clock", 0 0, L_000001b775c06ee0;  alias, 1 drivers
v000001b775d83750_0 .var "out_brightness", 8 0;
v000001b775d83c50_0 .var "out_color", 23 0;
v000001b775d83110_0 .net "out_ready", 0 0, L_000001b775c07960;  alias, 1 drivers
v000001b775d831b0_0 .var "out_valid", 0 0;
v000001b775d841f0_0 .var "out_x", 9 0;
v000001b775d82990_0 .var "out_z", 19 0;
v000001b775d83250_0 .net "pal_brightness", 8 0, v000001b775d90150_0;  1 drivers
v000001b775d83930_0 .net "pal_color_index", 7 0, v000001b775d90dd0_0;  1 drivers
v000001b775d832f0_0 .net "pal_flags", 7 0, v000001b775d91230_0;  1 drivers
v000001b775d839d0_0 .net "pal_ready", 0 0, L_000001b775c07f80;  alias, 1 drivers
v000001b775d825d0_0 .net "pal_valid", 0 0, v000001b775d91730_0;  1 drivers
v000001b775d84510_0 .net "pal_x", 9 0, v000001b775d8fcf0_0;  1 drivers
v000001b775d83d90_0 .net "pal_z", 19 0, v000001b775d8f1b0_0;  1 drivers
v000001b775d84830 .array "palette", 1023 0, 23 0;
v000001b775d82a30_0 .net "unused", 0 0, L_000001b775dd4e20;  1 drivers
L_000001b775dd3f20 .reduce/nor v000001b775d831b0_0;
L_000001b775dd4b00 .part v000001b775dc5590_0, 24, 8;
L_000001b775dd4880 .part v000001b775d91230_0, 0, 2;
L_000001b775dd3200 .part v000001b775d91230_0, 6, 2;
L_000001b775dd3d40 .part v000001b775d91230_0, 4, 1;
L_000001b775dd4d80 .concat [ 1 2 2 8], L_000001b775dd3d40, L_000001b775dd3200, L_000001b775dd4880, L_000001b775dd4b00;
L_000001b775dd4e20 .reduce/and L_000001b775dd4d80;
S_000001b775d0e460 .scope module, "iris_scanline_ram_inst" "iris_scanline_ram" 22 285, 29 10 0, S_000001b775d0db00;
 .timescale -9 -9;
    .port_info 0 /INPUT 1 "clock";
    .port_info 1 /INPUT 1 "ram_wren";
    .port_info 2 /INPUT 10 "ram_xpos";
    .port_info 3 /INPUT 24 "ram_color";
    .port_info 4 /INPUT 11 "xpos";
    .port_info 5 /INPUT 10 "ypos";
    .port_info 6 /INPUT 1 "start_of_pixel";
    .port_info 7 /OUTPUT 8 "vga_r";
    .port_info 8 /OUTPUT 8 "vga_g";
    .port_info 9 /OUTPUT 8 "vga_b";
v000001b775d82530_0 .net "clock", 0 0, L_000001b775c06ee0;  alias, 1 drivers
v000001b775d84010_0 .var "next_pixel_valid", 0 0;
v000001b775d83390_0 .var "pixel_valid", 0 0;
v000001b775d83e30_0 .var "ram0_addr", 9 0;
v000001b775d83ed0_0 .var "ram0_rdata", 23 0;
v000001b775d820d0_0 .var "ram0_rden", 0 0;
v000001b775d822b0_0 .var "ram0_wdata", 23 0;
v000001b775d82670_0 .var "ram0_wren", 0 0;
v000001b775d836b0_0 .var "ram1_addr", 9 0;
v000001b775d83a70_0 .var "ram1_rdata", 23 0;
v000001b775d82850_0 .var "ram1_rden", 0 0;
v000001b775d83430_0 .var "ram1_wdata", 23 0;
v000001b775d84290_0 .var "ram1_wren", 0 0;
v000001b775d82210 .array "ram_0", 1023 0, 23 0;
v000001b775d83890 .array "ram_1", 1023 0, 23 0;
v000001b775d83570_0 .net "ram_color", 23 0, v000001b775d7d5d0_0;  alias, 1 drivers
v000001b775d82df0_0 .net "ram_wren", 0 0, v000001b775d7d670_0;  alias, 1 drivers
v000001b775d82350_0 .net "ram_xpos", 9 0, v000001b775d7ebb0_0;  alias, 1 drivers
v000001b775d82fd0_0 .var "second_cycle", 0 0;
v000001b775d83610_0 .net "start_of_pixel", 0 0, v000001b775d7e070_0;  alias, 1 drivers
v000001b775d84470_0 .var "vga_b", 7 0;
v000001b775d83f70_0 .var "vga_g", 7 0;
v000001b775d84330_0 .var "vga_r", 7 0;
v000001b775d823f0_0 .net/s "xpos", 10 0, v000001b775d7d710_0;  alias, 1 drivers
v000001b775d82490_0 .net/s "ypos", 9 0, v000001b775d7d490_0;  alias, 1 drivers
E_000001b775ce6930/0 .event anyedge, v000001b775d83390_0, v000001b775d82df0_0, v000001b775d843d0_0, v000001b775d82350_0;
E_000001b775ce6930/1 .event anyedge, v000001b775d83570_0, v000001b775d83610_0, v000001b775d823f0_0, v000001b775d823f0_0;
E_000001b775ce6930/2 .event anyedge, v000001b775d843d0_0, v000001b775d82fd0_0, v000001b775d83a70_0, v000001b775d83a70_0;
E_000001b775ce6930/3 .event anyedge, v000001b775d83a70_0, v000001b775d83ed0_0, v000001b775d83ed0_0, v000001b775d83ed0_0;
E_000001b775ce6930 .event/or E_000001b775ce6930/0, E_000001b775ce6930/1, E_000001b775ce6930/2, E_000001b775ce6930/3;
S_000001b775d0eaa0 .scope module, "iris_span_inst" "iris_span" 22 114, 30 3 0, S_000001b775d0db00;
 .timescale -9 -9;
    .port_info 0 /INPUT 1 "clock";
    .port_info 1 /INPUT 1 "reset";
    .port_info 2 /INPUT 1 "span_valid";
    .port_info 3 /OUTPUT 1 "span_ready";
    .port_info 4 /INPUT 8 "span_flags";
    .port_info 5 /INPUT 10 "span_x1";
    .port_info 6 /INPUT 10 "span_x2";
    .port_info 7 /INPUT 24 "span_z";
    .port_info 8 /INPUT 24 "span_dzdx";
    .port_info 9 /INPUT 24 "span_r";
    .port_info 10 /INPUT 24 "span_drdx";
    .port_info 11 /INPUT 24 "span_g";
    .port_info 12 /INPUT 24 "span_dgdx";
    .port_info 13 /INPUT 24 "span_b";
    .port_info 14 /INPUT 24 "span_dbdx";
    .port_info 15 /OUTPUT 1 "pixel_valid_gourand";
    .port_info 16 /OUTPUT 1 "pixel_valid_texture";
    .port_info 17 /INPUT 1 "pixel_ready_gourand";
    .port_info 18 /INPUT 1 "pixel_ready_texture";
    .port_info 19 /OUTPUT 10 "pixel_x";
    .port_info 20 /OUTPUT 8 "pixel_flags";
    .port_info 21 /OUTPUT 24 "pixel_z";
    .port_info 22 /OUTPUT 24 "pixel_r";
    .port_info 23 /OUTPUT 24 "pixel_g";
    .port_info 24 /OUTPUT 24 "pixel_b";
L_000001b775c07b90 .functor AND 1, v000001b775d84fb0_0, L_000001b775dd0aa0, C4<1>, C4<1>;
L_000001b775dde978 .functor BUFT 1, C4<0>, C4<0>, C4<0>, C4<0>;
L_000001b775c08530 .functor XNOR 1, L_000001b775dd0dc0, L_000001b775dde978, C4<0>, C4<0>;
L_000001b775c07ea0 .functor AND 1, v000001b775d84fb0_0, L_000001b775c08530, C4<1>, C4<1>;
L_000001b775c08990 .functor AND 1, L_000001b775c07b90, L_000001b775c07810, C4<1>, C4<1>;
L_000001b775c08ae0 .functor AND 1, L_000001b775c07ea0, v000001b775d90830_0, C4<1>, C4<1>;
L_000001b775c086f0 .functor OR 1, L_000001b775c08990, L_000001b775c08ae0, C4<0>, C4<0>;
v000001b775d82f30_0 .net *"_ivl_11", 0 0, L_000001b775dd0dc0;  1 drivers
v000001b775d82710_0 .net/2u *"_ivl_12", 0 0, L_000001b775dde978;  1 drivers
v000001b775d837f0_0 .net *"_ivl_14", 0 0, L_000001b775c08530;  1 drivers
v000001b775d827b0_0 .net *"_ivl_19", 0 0, L_000001b775c08990;  1 drivers
v000001b775d828f0_0 .net *"_ivl_21", 0 0, L_000001b775c08ae0;  1 drivers
L_000001b775dde9c0 .functor BUFT 1, C4<0000000001>, C4<0>, C4<0>, C4<0>;
v000001b775d82ad0_0 .net/2u *"_ivl_24", 9 0, L_000001b775dde9c0;  1 drivers
v000001b775d82b70_0 .net *"_ivl_3", 1 0, L_000001b775dd0960;  1 drivers
L_000001b775dde930 .functor BUFT 1, C4<10>, C4<0>, C4<0>, C4<0>;
v000001b775d84c90_0 .net/2u *"_ivl_4", 1 0, L_000001b775dde930;  1 drivers
v000001b775d84e70_0 .net *"_ivl_6", 0 0, L_000001b775dd0aa0;  1 drivers
v000001b775d848d0_0 .net "advance", 0 0, L_000001b775c086f0;  1 drivers
v000001b775d84fb0_0 .var "busy", 0 0;
v000001b775d84bf0_0 .net "clock", 0 0, L_000001b775c06ee0;  alias, 1 drivers
v000001b775d84d30_0 .var "pixel_b", 23 0;
v000001b775d84970_0 .var "pixel_dbdx", 23 0;
v000001b775d84a10_0 .var "pixel_dgdx", 23 0;
v000001b775d84dd0_0 .var "pixel_drdx", 23 0;
v000001b775d84b50_0 .var "pixel_dzdx", 23 0;
v000001b775d84ab0_0 .var "pixel_flags", 7 0;
v000001b775d84f10_0 .var "pixel_g", 23 0;
v000001b775d7f790_0 .var "pixel_r", 23 0;
v000001b775d7e890_0 .net "pixel_ready_gourand", 0 0, L_000001b775c07810;  alias, 1 drivers
v000001b775d7e4d0_0 .net "pixel_ready_texture", 0 0, v000001b775d90830_0;  1 drivers
v000001b775d7ddf0_0 .net "pixel_valid_gourand", 0 0, L_000001b775c07b90;  alias, 1 drivers
v000001b775d7f650_0 .net "pixel_valid_texture", 0 0, L_000001b775c07ea0;  alias, 1 drivers
v000001b775d7ea70_0 .var "pixel_x", 9 0;
v000001b775d7f6f0_0 .var "pixel_x2", 9 0;
v000001b775d7d990_0 .var "pixel_z", 23 0;
v000001b775d7d2b0_0 .net "reset", 0 0, v000001b775ddb540_0;  alias, 1 drivers
v000001b775d7f3d0_0 .net "span_b", 23 0, v000001b775d81b30_0;  alias, 1 drivers
v000001b775d7d350_0 .net "span_dbdx", 23 0, v000001b775d81c70_0;  alias, 1 drivers
v000001b775d7d8f0_0 .net "span_dgdx", 23 0, v000001b775d80eb0_0;  alias, 1 drivers
v000001b775d7da30_0 .net "span_drdx", 23 0, v000001b775d80d70_0;  alias, 1 drivers
v000001b775d7dc10_0 .net "span_dzdx", 23 0, v000001b775d82030_0;  alias, 1 drivers
v000001b775d7f470_0 .net "span_flags", 7 0, v000001b775d81d10_0;  alias, 1 drivers
v000001b775d7f0b0_0 .net "span_g", 23 0, v000001b775d800f0_0;  alias, 1 drivers
v000001b775d7dfd0_0 .net "span_r", 23 0, v000001b775d81db0_0;  alias, 1 drivers
v000001b775d7e750_0 .net "span_ready", 0 0, L_000001b775dd2da0;  alias, 1 drivers
v000001b775d7d210_0 .net "span_valid", 0 0, v000001b775d813b0_0;  alias, 1 drivers
v000001b775d7f830_0 .net "span_x1", 9 0, v000001b775d80ff0_0;  alias, 1 drivers
v000001b775d7f150_0 .net "span_x2", 9 0, v000001b775d811d0_0;  alias, 1 drivers
v000001b775d7e390_0 .net "span_z", 23 0, v000001b775d81270_0;  alias, 1 drivers
v000001b775d7ef70_0 .net "x_inc", 9 0, L_000001b775dd0be0;  1 drivers
L_000001b775dd2da0 .reduce/nor v000001b775d84fb0_0;
L_000001b775dd0960 .part v000001b775d84ab0_0, 0, 2;
L_000001b775dd0aa0 .cmp/eq 2, L_000001b775dd0960, L_000001b775dde930;
L_000001b775dd0dc0 .part v000001b775d84ab0_0, 1, 1;
L_000001b775dd0be0 .arith/sum 10, v000001b775d7ea70_0, L_000001b775dde9c0;
S_000001b775d0d650 .scope module, "iris_timing_generator_inst" "iris_timing_generator" 22 302, 31 7 0, S_000001b775d0db00;
 .timescale -9 -9;
    .port_info 0 /INPUT 1 "clock";
    .port_info 1 /INPUT 1 "reset";
    .port_info 2 /INPUT 3 "KEY";
    .port_info 3 /OUTPUT 1 "start_of_pixel";
    .port_info 4 /OUTPUT 1 "start_of_line";
    .port_info 5 /OUTPUT 1 "start_of_frame";
    .port_info 6 /OUTPUT 10 "ypos";
    .port_info 7 /OUTPUT 11 "xpos";
    .port_info 8 /OUTPUT 1 "vga_clk";
    .port_info 9 /OUTPUT 1 "hsync";
    .port_info 10 /OUTPUT 1 "vsync";
P_000001b7756ce310 .param/l "H_ACTIVE" 1 31 23, +C4<00000000000000000000001010000000>;
P_000001b7756ce348 .param/l "H_BACK_PORCH" 1 31 26, +C4<00000000000000000000000000110000>;
P_000001b7756ce380 .param/l "H_FRONT_PORCH" 1 31 24, +C4<00000000000000000000000000010000>;
P_000001b7756ce3b8 .param/l "H_SYNC" 1 31 25, +C4<00000000000000000000000001100000>;
P_000001b7756ce3f0 .param/l "V_ACTIVE" 1 31 27, +C4<00000000000000000000000111100000>;
P_000001b7756ce428 .param/l "V_BACK_PORCH" 1 31 30, +C4<00000000000000000000000000100001>;
P_000001b7756ce460 .param/l "V_FRONT_PORCH" 1 31 28, +C4<00000000000000000000000000001010>;
P_000001b7756ce498 .param/l "V_SYNC" 1 31 29, +C4<00000000000000000000000000000010>;
v000001b775d7e570_0 .net/s "KEY", 2 0, L_000001b775dd3ac0;  alias, 1 drivers
v000001b775d7d0d0_0 .net "clock", 0 0, L_000001b775c06ee0;  alias, 1 drivers
v000001b775d7eb10_0 .var "count", 2 0;
v000001b775d7f510_0 .var "hsync", 0 0;
v000001b775d7dad0_0 .var "next_count", 2 0;
v000001b775d7f5b0_0 .var "next_start_of_frame", 0 0;
v000001b775d7e2f0_0 .var "next_start_of_line", 0 0;
v000001b775d7db70_0 .var "next_start_of_pixel", 0 0;
v000001b775d7dcb0_0 .var/s "next_xpos", 10 0;
v000001b775d7e430_0 .var/s "next_ypos", 9 0;
v000001b775d7e1b0_0 .net "reset", 0 0, v000001b775ddb540_0;  alias, 1 drivers
v000001b775d7d3f0_0 .var "start_of_frame", 0 0;
v000001b775d7d170_0 .var "start_of_line", 0 0;
v000001b775d7e070_0 .var "start_of_pixel", 0 0;
v000001b775d7de90_0 .var "vga_clk", 0 0;
v000001b775d7e110_0 .var "vsync", 0 0;
v000001b775d7d710_0 .var/s "xpos", 10 0;
v000001b775d7d490_0 .var/s "ypos", 9 0;
E_000001b775ce7430 .event anyedge, v000001b775d7eb10_0, v000001b775d823f0_0, v000001b775d843d0_0, v000001b775d06810_0;
S_000001b775d0d7e0 .scope module, "iris_zbuf_inst" "iris_zbuf" 22 269, 32 11 0, S_000001b775d0db00;
 .timescale -9 -9;
    .port_info 0 /INPUT 1 "clock";
    .port_info 1 /INPUT 1 "reset";
    .port_info 2 /INPUT 1 "start_of_line";
    .port_info 3 /INPUT 1 "zbuf_valid";
    .port_info 4 /INPUT 10 "zbuf_x";
    .port_info 5 /INPUT 24 "zbuf_color";
    .port_info 6 /INPUT 20 "zbuf_z";
    .port_info 7 /OUTPUT 1 "out_valid";
    .port_info 8 /OUTPUT 24 "out_color";
    .port_info 9 /OUTPUT 10 "out_x";
v000001b775d7d530_0 .var "clear_done", 0 0;
v000001b775d7d7b0_0 .var "clear_index", 9 0;
v000001b775d7e610_0 .net "clock", 0 0, L_000001b775c06ee0;  alias, 1 drivers
v000001b775d7d5d0_0 .var "out_color", 23 0;
v000001b775d7d670_0 .var "out_valid", 0 0;
v000001b775d7ed90_0 .var "out_valid_pre_check", 0 0;
v000001b775d7ebb0_0 .var "out_x", 9 0;
v000001b775d7dd50_0 .var "out_z", 19 0;
v000001b775d7f010_0 .net "reset", 0 0, v000001b775ddb540_0;  alias, 1 drivers
v000001b775d7df30_0 .net "start_of_line", 0 0, v000001b775d7d170_0;  alias, 1 drivers
v000001b775d7f330 .array "zbuf0", 1023 0, 19 0;
v000001b775d7e250_0 .var "zbuf0_rdata", 19 0;
v000001b775d7e6b0_0 .var "zbuf0_waddr", 9 0;
v000001b775d7d850_0 .var "zbuf0_wdata", 19 0;
v000001b775d7e7f0_0 .var "zbuf0_wen", 0 0;
v000001b775d7e930 .array "zbuf1", 1023 0, 19 0;
v000001b775d7e9d0_0 .var "zbuf1_rdata", 19 0;
v000001b775d7ec50_0 .var "zbuf1_waddr", 9 0;
v000001b775d7f1f0_0 .var "zbuf1_wdata", 19 0;
v000001b775d7ecf0_0 .var "zbuf1_wen", 0 0;
v000001b775d7ee30_0 .net "zbuf_color", 23 0, v000001b775d7cd20_0;  alias, 1 drivers
v000001b775d7eed0_0 .var "zbuf_rdata", 19 0;
v000001b775d7f290_0 .var "zbuf_select", 0 0;
v000001b775d912d0_0 .net "zbuf_valid", 0 0, v000001b775d7cdc0_0;  alias, 1 drivers
v000001b775d8f9d0_0 .net "zbuf_x", 9 0, v000001b775d7cf00_0;  alias, 1 drivers
v000001b775d8f110_0 .net "zbuf_z", 19 0, v000001b775d7c8c0_0;  alias, 1 drivers
E_000001b775ce6e70/0 .event anyedge, v000001b775d7f290_0, v000001b775d7e9d0_0, v000001b775d7e250_0, v000001b775d7ed90_0;
E_000001b775ce6e70/1 .event anyedge, v000001b775d7dd50_0, v000001b775d82350_0, v000001b775d7d7b0_0;
E_000001b775ce6e70 .event/or E_000001b775ce6e70/0, E_000001b775ce6e70/1;
S_000001b775d0dc90 .scope module, "pll_inst" "pll" 6 111, 33 3 0, S_000001b7756ee9f0;
 .timescale -9 -9;
    .port_info 0 /INPUT 1 "refclk";
    .port_info 1 /INPUT 1 "rst";
    .port_info 2 /OUTPUT 1 "outclk_0";
    .port_info 3 /OUTPUT 1 "outclk_1";
    .port_info 4 /OUTPUT 1 "locked";
L_000001b775c06ee0 .functor BUFZ 1, v000001b775ddca80_0, C4<0>, C4<0>, C4<0>;
L_000001b775c054a0 .functor BUFZ 1, v000001b775ddca80_0, C4<0>, C4<0>, C4<0>;
v000001b775d938f0_0 .var "counter", 2 0;
v000001b775d91a50_0 .var "locked", 0 0;
v000001b775d93990_0 .net "outclk_0", 0 0, L_000001b775c06ee0;  alias, 1 drivers
v000001b775d91870_0 .net "outclk_1", 0 0, L_000001b775c054a0;  alias, 1 drivers
v000001b775d92c70_0 .net "refclk", 0 0, v000001b775ddca80_0;  alias, 1 drivers
L_000001b775dde468 .functor BUFT 1, C4<0>, C4<0>, C4<0>, C4<0>;
v000001b775d91eb0_0 .net "rst", 0 0, L_000001b775dde468;  1 drivers
E_000001b775ce6730 .event posedge, v000001b775d91eb0_0, v000001b775d92c70_0;
S_000001b775d0dfb0 .scope module, "sdram_inst" "sdram" 6 189, 34 3 0, S_000001b7756ee9f0;
 .timescale -9 -9;
    .port_info 0 /INPUT 1 "clock";
    .port_info 1 /INPUT 1 "reset";
    .port_info 2 /INPUT 1 "dcache_sdramw_req";
    .port_info 3 /OUTPUT 1 "dcache_sdramw_ack";
    .port_info 4 /INPUT 26 "dcache_sdramw_addr";
    .port_info 5 /INPUT 128 "dcache_sdramw_data";
    .port_info 6 /INPUT 16 "dcache_sdramw_strb";
    .port_info 7 /INPUT 1 "dcache_sdramr_req";
    .port_info 8 /OUTPUT 1 "dcache_sdramr_ack";
    .port_info 9 /INPUT 26 "dcache_sdramr_addr";
    .port_info 10 /OUTPUT 2 "dcache_sdramr_rvalid";
    .port_info 11 /OUTPUT 32 "dcache_sdramr_rdata";
    .port_info 12 /INPUT 1 "icache_sdram_req";
    .port_info 13 /OUTPUT 1 "icache_sdram_ack";
    .port_info 14 /INPUT 26 "icache_sdram_addr";
    .port_info 15 /OUTPUT 2 "icache_sdram_rvalid";
    .port_info 16 /OUTPUT 32 "icache_sdram_rdata";
    .port_info 17 /INPUT 1 "vga_sdram_req";
    .port_info 18 /OUTPUT 1 "vga_sdram_ack";
    .port_info 19 /INPUT 26 "vga_sdram_addr";
    .port_info 20 /INPUT 8 "vga_sdram_tag";
    .port_info 21 /OUTPUT 2 "vga_sdram_rvalid";
    .port_info 22 /OUTPUT 32 "vga_sdram_rdata";
    .port_info 23 /OUTPUT 8 "vga_sdram_rtag";
    .port_info 24 /OUTPUT 13 "DRAM_ADDR";
    .port_info 25 /OUTPUT 2 "DRAM_BA";
    .port_info 26 /OUTPUT 1 "DRAM_CAS_N";
    .port_info 27 /OUTPUT 1 "DRAM_CKE";
    .port_info 28 /OUTPUT 1 "DRAM_CS_N";
    .port_info 29 /INOUT 16 "DRAM_DQ";
    .port_info 30 /OUTPUT 1 "DRAM_LDQM";
    .port_info 31 /OUTPUT 1 "DRAM_RAS_N";
    .port_info 32 /OUTPUT 1 "DRAM_UDQM";
    .port_info 33 /OUTPUT 1 "DRAM_WE_N";
v000001b775dc3830_0 .net "DRAM_ADDR", 12 0, v000001b775dc2250_0;  alias, 1 drivers
v000001b775dc4c30_0 .net "DRAM_BA", 1 0, v000001b775dc22f0_0;  alias, 1 drivers
v000001b775dc3fb0_0 .net "DRAM_CAS_N", 0 0, v000001b775dc0db0_0;  alias, 1 drivers
v000001b775dc4690_0 .net "DRAM_CKE", 0 0, L_000001b775dde660;  alias, 1 drivers
v000001b775dc4cd0_0 .net "DRAM_CS_N", 0 0, L_000001b775dde618;  alias, 1 drivers
v000001b775dc2930_0 .net8 "DRAM_DQ", 15 0, RS_000001b775d10748;  alias, 2 drivers
v000001b775dc4d70_0 .net "DRAM_LDQM", 0 0, L_000001b775dcf7e0;  alias, 1 drivers
v000001b775dc3290_0 .net "DRAM_RAS_N", 0 0, v000001b775dc3a10_0;  alias, 1 drivers
v000001b775dc4e10_0 .net "DRAM_UDQM", 0 0, L_000001b775dce480;  alias, 1 drivers
v000001b775dc4f50_0 .net "DRAM_WE_N", 0 0, v000001b775dc3970_0;  alias, 1 drivers
v000001b775dc4ff0_0 .net "clock", 0 0, L_000001b775c06ee0;  alias, 1 drivers
v000001b775dc35b0_0 .net "dcache_sdramr_ack", 0 0, v000001b775d923b0_0;  alias, 1 drivers
v000001b775dc2cf0_0 .net "dcache_sdramr_addr", 25 0, v000001b775d07030_0;  alias, 1 drivers
v000001b775dc33d0_0 .net "dcache_sdramr_rdata", 31 0, v000001b775d93a30_0;  alias, 1 drivers
v000001b775dc2d90_0 .net "dcache_sdramr_req", 0 0, v000001b775d059b0_0;  alias, 1 drivers
v000001b775dc2e30_0 .net "dcache_sdramr_rvalid", 1 0, v000001b775d93c10_0;  alias, 1 drivers
v000001b775dc3330_0 .net "dcache_sdramw_ack", 0 0, v000001b775d93b70_0;  alias, 1 drivers
v000001b775dc5630_0 .net "dcache_sdramw_addr", 25 0, v000001b775d05690_0;  alias, 1 drivers
v000001b775dc6030_0 .net "dcache_sdramw_data", 127 0, v000001b775d04fb0_0;  alias, 1 drivers
v000001b775dc5310_0 .net "dcache_sdramw_req", 0 0, v000001b775d05af0_0;  alias, 1 drivers
v000001b775dc6210_0 .net "dcache_sdramw_strb", 15 0, v000001b775d05b90_0;  alias, 1 drivers
v000001b775dc65d0_0 .net "icache_sdram_ack", 0 0, v000001b775d921d0_0;  alias, 1 drivers
v000001b775dc7430_0 .net "icache_sdram_addr", 25 0, v000001b775ddb040_0;  1 drivers
v000001b775dc53b0_0 .net "icache_sdram_rdata", 31 0, v000001b775d92950_0;  alias, 1 drivers
v000001b775dc6530_0 .net "icache_sdram_req", 0 0, v000001b775ddb2c0_0;  1 drivers
v000001b775dc5b30_0 .net "icache_sdram_rvalid", 1 0, v000001b775d92810_0;  alias, 1 drivers
v000001b775dc60d0_0 .net "reset", 0 0, v000001b775ddb540_0;  alias, 1 drivers
v000001b775dc5090_0 .net "sdram_ack", 0 0, v000001b775dc29d0_0;  1 drivers
v000001b775dc72f0_0 .net "sdram_addr", 25 0, v000001b775d95330_0;  1 drivers
v000001b775dc5e50_0 .net "sdram_rdata", 31 0, v000001b775dc4eb0_0;  1 drivers
v000001b775dc6ad0_0 .net "sdram_req", 0 0, v000001b775d94e30_0;  1 drivers
v000001b775dc5450_0 .net "sdram_rtag", 9 0, v000001b775dc2f70_0;  1 drivers
v000001b775dc51d0_0 .net "sdram_rvalid", 1 0, v000001b775dc3c90_0;  1 drivers
v000001b775dc6990_0 .net "sdram_tag", 9 0, v000001b775d967d0_0;  1 drivers
v000001b775dc7750_0 .net "sdram_wdata", 127 0, v000001b775d94f70_0;  1 drivers
v000001b775dc6cb0_0 .net "sdram_write", 0 0, v000001b775d962d0_0;  1 drivers
v000001b775dc6170_0 .net "sdram_wstrb", 15 0, v000001b775d96190_0;  1 drivers
v000001b775dc7110_0 .net "vga_sdram_ack", 0 0, v000001b775d949d0_0;  alias, 1 drivers
v000001b775dc6e90_0 .net "vga_sdram_addr", 25 0, v000001b775ddb180_0;  1 drivers
v000001b775dc6f30_0 .net "vga_sdram_rdata", 31 0, v000001b775d942f0_0;  alias, 1 drivers
v000001b775dc6490_0 .net "vga_sdram_req", 0 0, v000001b775ddb9a0_0;  1 drivers
v000001b775dc5db0_0 .net "vga_sdram_rtag", 7 0, v000001b775d95010_0;  alias, 1 drivers
v000001b775dc6710_0 .net "vga_sdram_rvalid", 1 0, v000001b775d95150_0;  alias, 1 drivers
v000001b775dc5810_0 .net "vga_sdram_tag", 7 0, v000001b775ddc440_0;  1 drivers
S_000001b775d0e140 .scope module, "sdram_arbiter_inst" "sdram_arbiter" 34 61, 35 7 0, S_000001b775d0dfb0;
 .timescale -9 -9;
    .port_info 0 /INPUT 1 "clock";
    .port_info 1 /INPUT 1 "reset";
    .port_info 2 /INPUT 1 "dcache_sdramw_req";
    .port_info 3 /OUTPUT 1 "dcache_sdramw_ack";
    .port_info 4 /INPUT 26 "dcache_sdramw_addr";
    .port_info 5 /INPUT 128 "dcache_sdramw_data";
    .port_info 6 /INPUT 16 "dcache_sdramw_strb";
    .port_info 7 /INPUT 1 "dcache_sdramr_req";
    .port_info 8 /OUTPUT 1 "dcache_sdramr_ack";
    .port_info 9 /INPUT 26 "dcache_sdramr_addr";
    .port_info 10 /OUTPUT 2 "dcache_sdramr_rvalid";
    .port_info 11 /OUTPUT 32 "dcache_sdramr_rdata";
    .port_info 12 /OUTPUT 1 "icache_sdram_ack";
    .port_info 13 /INPUT 1 "icache_sdram_req";
    .port_info 14 /INPUT 26 "icache_sdram_addr";
    .port_info 15 /OUTPUT 2 "icache_sdram_rvalid";
    .port_info 16 /OUTPUT 32 "icache_sdram_rdata";
    .port_info 17 /INPUT 1 "vga_sdram_req";
    .port_info 18 /OUTPUT 1 "vga_sdram_ack";
    .port_info 19 /INPUT 26 "vga_sdram_addr";
    .port_info 20 /INPUT 8 "vga_sdram_tag";
    .port_info 21 /OUTPUT 2 "vga_sdram_rvalid";
    .port_info 22 /OUTPUT 32 "vga_sdram_rdata";
    .port_info 23 /OUTPUT 8 "vga_sdram_rtag";
    .port_info 24 /OUTPUT 1 "sdram_req";
    .port_info 25 /INPUT 1 "sdram_ack";
    .port_info 26 /OUTPUT 1 "sdram_write";
    .port_info 27 /OUTPUT 26 "sdram_addr";
    .port_info 28 /OUTPUT 128 "sdram_wdata";
    .port_info 29 /OUTPUT 16 "sdram_wstrb";
    .port_info 30 /OUTPUT 10 "sdram_tag";
    .port_info 31 /INPUT 2 "sdram_rvalid";
    .port_info 32 /INPUT 32 "sdram_rdata";
    .port_info 33 /INPUT 10 "sdram_rtag";
v000001b775d930d0_0 .net "clock", 0 0, L_000001b775c06ee0;  alias, 1 drivers
v000001b775d923b0_0 .var "dcache_sdramr_ack", 0 0;
v000001b775d92d10_0 .net "dcache_sdramr_addr", 25 0, v000001b775d07030_0;  alias, 1 drivers
v000001b775d93a30_0 .var "dcache_sdramr_rdata", 31 0;
v000001b775d91910_0 .net "dcache_sdramr_req", 0 0, v000001b775d059b0_0;  alias, 1 drivers
v000001b775d93c10_0 .var "dcache_sdramr_rvalid", 1 0;
v000001b775d93b70_0 .var "dcache_sdramw_ack", 0 0;
v000001b775d92130_0 .net "dcache_sdramw_addr", 25 0, v000001b775d05690_0;  alias, 1 drivers
v000001b775d91b90_0 .net "dcache_sdramw_data", 127 0, v000001b775d04fb0_0;  alias, 1 drivers
v000001b775d91c30_0 .net "dcache_sdramw_req", 0 0, v000001b775d05af0_0;  alias, 1 drivers
v000001b775d92450_0 .net "dcache_sdramw_strb", 15 0, v000001b775d05b90_0;  alias, 1 drivers
v000001b775d921d0_0 .var "icache_sdram_ack", 0 0;
v000001b775d92e50_0 .net "icache_sdram_addr", 25 0, v000001b775ddb040_0;  alias, 1 drivers
v000001b775d92950_0 .var "icache_sdram_rdata", 31 0;
v000001b775d93cb0_0 .net "icache_sdram_req", 0 0, v000001b775ddb2c0_0;  alias, 1 drivers
v000001b775d92810_0 .var "icache_sdram_rvalid", 1 0;
v000001b775d93ad0_0 .var "new_sdram_addr", 25 0;
v000001b775d92ef0_0 .var "new_sdram_req", 0 0;
v000001b775d91d70_0 .var "new_sdram_tag", 9 0;
v000001b775d92f90_0 .var "new_sdram_wdata", 127 0;
v000001b775d91f50_0 .var "new_sdram_wmask", 15 0;
v000001b775d93d50_0 .var "new_sdram_write", 0 0;
v000001b775d92090_0 .var "next_queue_sdram_addr", 25 0;
v000001b775d92a90_0 .var "next_queue_sdram_req", 0 0;
v000001b775d92270_0 .var "next_queue_sdram_tag", 9 0;
v000001b775d92590_0 .var "next_queue_sdram_wdata", 127 0;
v000001b775d92b30_0 .var "next_queue_sdram_wmask", 15 0;
v000001b775d92770_0 .var "next_queue_sdram_write", 0 0;
v000001b775d93030_0 .var "next_sdram_addr", 25 0;
v000001b775d951f0_0 .var "next_sdram_req", 0 0;
v000001b775d958d0_0 .var "next_sdram_tag", 9 0;
v000001b775d960f0_0 .var "next_sdram_wdata", 127 0;
v000001b775d95e70_0 .var "next_sdram_wmask", 15 0;
v000001b775d96730_0 .var "next_sdram_write", 0 0;
v000001b775d94930_0 .var "queue_sdram_addr", 25 0;
v000001b775d95fb0_0 .var "queue_sdram_req", 0 0;
v000001b775d94ed0_0 .var "queue_sdram_tag", 9 0;
v000001b775d95290_0 .var "queue_sdram_wdata", 127 0;
v000001b775d965f0_0 .var "queue_sdram_wmask", 15 0;
v000001b775d944d0_0 .var "queue_sdram_write", 0 0;
v000001b775d96050_0 .net "reset", 0 0, v000001b775ddb540_0;  alias, 1 drivers
v000001b775d94cf0_0 .net "sdram_ack", 0 0, v000001b775dc29d0_0;  alias, 1 drivers
v000001b775d95330_0 .var "sdram_addr", 25 0;
v000001b775d95f10_0 .net "sdram_rdata", 31 0, v000001b775dc4eb0_0;  alias, 1 drivers
v000001b775d94e30_0 .var "sdram_req", 0 0;
v000001b775d95970_0 .net "sdram_rtag", 9 0, v000001b775dc2f70_0;  alias, 1 drivers
v000001b775d94b10_0 .net "sdram_rvalid", 1 0, v000001b775dc3c90_0;  alias, 1 drivers
v000001b775d967d0_0 .var "sdram_tag", 9 0;
v000001b775d94f70_0 .var "sdram_wdata", 127 0;
v000001b775d962d0_0 .var "sdram_write", 0 0;
v000001b775d96190_0 .var "sdram_wstrb", 15 0;
v000001b775d949d0_0 .var "vga_sdram_ack", 0 0;
v000001b775d95830_0 .net "vga_sdram_addr", 25 0, v000001b775ddb180_0;  alias, 1 drivers
v000001b775d942f0_0 .var "vga_sdram_rdata", 31 0;
v000001b775d95a10_0 .net "vga_sdram_req", 0 0, v000001b775ddb9a0_0;  alias, 1 drivers
v000001b775d95010_0 .var "vga_sdram_rtag", 7 0;
v000001b775d95150_0 .var "vga_sdram_rvalid", 1 0;
v000001b775d96230_0 .net "vga_sdram_tag", 7 0, v000001b775ddc440_0;  alias, 1 drivers
E_000001b775ce6ef0 .event anyedge, v000001b775d95970_0, v000001b775d94b10_0, v000001b775d95f10_0, v000001b775d95970_0;
E_000001b775ce6770/0 .event anyedge, v000001b775d94cf0_0, v000001b775d95fb0_0, v000001b775d944d0_0, v000001b775d94930_0;
E_000001b775ce6770/1 .event anyedge, v000001b775d95290_0, v000001b775d965f0_0, v000001b775d94ed0_0, v000001b775d94e30_0;
E_000001b775ce6770/2 .event anyedge, v000001b775d962d0_0, v000001b775d95330_0, v000001b775d94f70_0, v000001b775d96190_0;
E_000001b775ce6770/3 .event anyedge, v000001b775d967d0_0, v000001b775d95a10_0, v000001b775d95830_0, v000001b775d96230_0;
E_000001b775ce6770/4 .event anyedge, v000001b775d05af0_0, v000001b775d05690_0, v000001b775d04fb0_0, v000001b775d05b90_0;
E_000001b775ce6770/5 .event anyedge, v000001b775d059b0_0, v000001b775d07030_0, v000001b775d93cb0_0, v000001b775d92e50_0;
E_000001b775ce6770/6 .event anyedge, v000001b775d06810_0;
E_000001b775ce6770 .event/or E_000001b775ce6770/0, E_000001b775ce6770/1, E_000001b775ce6770/2, E_000001b775ce6770/3, E_000001b775ce6770/4, E_000001b775ce6770/5, E_000001b775ce6770/6;
S_000001b775d0e2d0 .scope module, "sdram_controller_inst" "sdram_controller" 34 98, 36 25 0, S_000001b775d0dfb0;
 .timescale -9 -12;
    .port_info 0 /INPUT 1 "clock";
    .port_info 1 /INPUT 1 "reset";
    .port_info 2 /OUTPUT 1 "sdram_ack";
    .port_info 3 /INPUT 1 "sdram_req";
    .port_info 4 /INPUT 1 "sdram_write";
    .port_info 5 /INPUT 26 "sdram_addr";
    .port_info 6 /INPUT 128 "sdram_wdata";
    .port_info 7 /INPUT 16 "sdram_wstrb";
    .port_info 8 /INPUT 10 "sdram_tag";
    .port_info 9 /OUTPUT 2 "sdram_rvalid";
    .port_info 10 /OUTPUT 32 "sdram_rdata";
    .port_info 11 /OUTPUT 10 "sdram_rtag";
    .port_info 12 /OUTPUT 13 "DRAM_ADDR";
    .port_info 13 /OUTPUT 2 "DRAM_BA";
    .port_info 14 /OUTPUT 1 "DRAM_CAS_N";
    .port_info 15 /OUTPUT 1 "DRAM_CKE";
    .port_info 16 /OUTPUT 1 "DRAM_CS_N";
    .port_info 17 /INOUT 16 "DRAM_DQ";
    .port_info 18 /OUTPUT 1 "DRAM_LDQM";
    .port_info 19 /OUTPUT 1 "DRAM_RAS_N";
    .port_info 20 /OUTPUT 1 "DRAM_UDQM";
    .port_info 21 /OUTPUT 1 "DRAM_WE_N";
P_000001b775d0e5f0 .param/l "CMD_ACTIVATE" 1 36 80, C4<011>;
P_000001b775d0e628 .param/l "CMD_LOAD_MODE" 1 36 84, C4<000>;
P_000001b775d0e660 .param/l "CMD_NOP" 1 36 78, C4<111>;
P_000001b775d0e698 .param/l "CMD_PRECHARGE" 1 36 79, C4<010>;
P_000001b775d0e6d0 .param/l "CMD_READ" 1 36 81, C4<101>;
P_000001b775d0e708 .param/l "CMD_REFRESH" 1 36 83, C4<001>;
P_000001b775d0e740 .param/l "CMD_WRITE" 1 36 82, C4<100>;
v000001b775dc2250_0 .var "DRAM_ADDR", 12 0;
v000001b775dc22f0_0 .var "DRAM_BA", 1 0;
v000001b775dc0db0_0 .var "DRAM_CAS_N", 0 0;
v000001b775dc0ef0_0 .net "DRAM_CKE", 0 0, L_000001b775dde660;  alias, 1 drivers
v000001b775dc10d0_0 .net "DRAM_CS_N", 0 0, L_000001b775dde618;  alias, 1 drivers
v000001b775dc12b0_0 .net8 "DRAM_DQ", 15 0, RS_000001b775d10748;  alias, 2 drivers
v000001b775dc3010_0 .net "DRAM_LDQM", 0 0, L_000001b775dcf7e0;  alias, 1 drivers
v000001b775dc3a10_0 .var "DRAM_RAS_N", 0 0;
v000001b775dc3dd0_0 .net "DRAM_UDQM", 0 0, L_000001b775dce480;  alias, 1 drivers
v000001b775dc3970_0 .var "DRAM_WE_N", 0 0;
v000001b775dc2b10_0 .net *"_ivl_5", 0 0, L_000001b775dceca0;  1 drivers
v000001b775dc3d30_0 .net *"_ivl_7", 15 0, L_000001b775dceb60;  1 drivers
o000001b775d21188 .functor BUFZ 16, C4<zzzzzzzzzzzzzzzz>; HiZ drive
; Elide local net with no drivers, v000001b775dc4730_0 name=_ivl_8
v000001b775dc2890_0 .var "addr", 12 0;
v000001b775dc4370_0 .var "ba", 1 0;
v000001b775dc3e70_0 .net "bank_activate", 3 0, L_000001b775dcfb00;  1 drivers
v000001b775dc4870_0 .net "bank_precharge", 3 0, L_000001b775dcede0;  1 drivers
v000001b775dc2ed0_0 .net "bank_read", 3 0, L_000001b775dcfc40;  1 drivers
v000001b775dc4190_0 .net "bank_write", 3 0, L_000001b775dd19a0;  1 drivers
v000001b775dc4230_0 .var "burst_counter", 3 0;
v000001b775dc38d0_0 .var "bus_write", 0 0;
v000001b775dc4410_0 .net "clock", 0 0, L_000001b775c06ee0;  alias, 1 drivers
v000001b775dc4910_0 .var "cmd", 2 0;
v000001b775dc45f0_0 .net "freeze", 0 0, v000001b775dc0770_0;  1 drivers
v000001b775dc36f0_0 .net "load_mode", 0 0, v000001b775dc1df0_0;  1 drivers
v000001b775dc4050_0 .var "next_burst_counter", 3 0;
v000001b775dc3ab0_0 .var "next_bus_write", 0 0;
v000001b775dc44b0_0 .var "next_oe", 7 0;
v000001b775dc42d0_0 .var "next_read_counter", 2 0;
v000001b775dc47d0_0 .var "next_read_tag", 9 0;
v000001b775dc3150_0 .var "next_sdram_rtag", 9 0;
v000001b775dc2a70_0 .var "next_write_data", 127 0;
v000001b775dc3b50_0 .var "next_write_strobe", 15 0;
v000001b775dc30b0_0 .var "oe", 7 0;
v000001b775dc3510_0 .net "precharge_all", 0 0, v000001b775dc0630_0;  1 drivers
v000001b775dc3bf0_0 .var "read_counter", 2 0;
v000001b775dc40f0_0 .var "read_data", 31 0;
v000001b775dc31f0_0 .var "read_tag", 9 0;
v000001b775dc3650_0 .net "refresh", 0 0, v000001b775dc0b30_0;  1 drivers
v000001b775dc3790_0 .net "reset", 0 0, v000001b775ddb540_0;  alias, 1 drivers
v000001b775dc29d0_0 .var "sdram_ack", 0 0;
v000001b775dc3f10_0 .net "sdram_addr", 25 0, v000001b775d95330_0;  alias, 1 drivers
v000001b775dc2bb0_0 .var "sdram_idle", 0 0;
v000001b775dc4eb0_0 .var "sdram_rdata", 31 0;
v000001b775dc49b0_0 .net "sdram_req", 0 0, v000001b775d94e30_0;  alias, 1 drivers
v000001b775dc2f70_0 .var "sdram_rtag", 9 0;
v000001b775dc3c90_0 .var "sdram_rvalid", 1 0;
v000001b775dc4b90_0 .net "sdram_tag", 9 0, v000001b775d967d0_0;  alias, 1 drivers
v000001b775dc3470_0 .net "sdram_wdata", 127 0, v000001b775d94f70_0;  alias, 1 drivers
v000001b775dc4a50_0 .net "sdram_write", 0 0, v000001b775d962d0_0;  alias, 1 drivers
v000001b775dc4af0_0 .net "sdram_wstrb", 15 0, v000001b775d96190_0;  alias, 1 drivers
v000001b775dc2c50_0 .var "write_data", 127 0;
v000001b775dc4550_0 .var "write_strobe", 15 0;
E_000001b775ce67b0 .event anyedge, v000001b775dc3bf0_0, v000001b775dc40f0_0;
E_000001b775ce6870/0 .event anyedge, v000001b775d95330_0, v000001b775dc30b0_0, v000001b775dc2c50_0, v000001b775dc4550_0;
E_000001b775ce6870/1 .event anyedge, v000001b775dc31f0_0, v000001b775dc38d0_0, v000001b775dc3bf0_0, v000001b775d95970_0;
E_000001b775ce6870/2 .event anyedge, v000001b775dc4230_0, v000001b775d94e30_0, v000001b775dc2ed0_0, v000001b775d95330_0;
E_000001b775ce6870/3 .event anyedge, v000001b775d967d0_0, v000001b775dc4190_0, v000001b775d94f70_0, v000001b775d96190_0;
E_000001b775ce6870/4 .event anyedge, v000001b775dc1df0_0, v000001b775dc0b30_0, v000001b775dc4870_0, v000001b775dc0630_0;
E_000001b775ce6870/5 .event anyedge, v000001b775dc3e70_0, v000001b775d95330_0, v000001b775d06810_0;
E_000001b775ce6870 .event/or E_000001b775ce6870/0, E_000001b775ce6870/1, E_000001b775ce6870/2, E_000001b775ce6870/3, E_000001b775ce6870/4, E_000001b775ce6870/5;
L_000001b775dceca0 .part v000001b775dc30b0_0, 0, 1;
L_000001b775dceb60 .part v000001b775dc2c50_0, 0, 16;
L_000001b775dcf4c0 .functor MUXZ 16, o000001b775d21188, L_000001b775dceb60, L_000001b775dceca0, C4<>;
L_000001b775dcf7e0 .part v000001b775dc4550_0, 0, 1;
L_000001b775dce480 .part v000001b775dc4550_0, 1, 1;
L_000001b775dcede0 .concat8 [ 1 1 1 1], v000001b775d953d0_0, v000001b775d94610_0, v000001b775dc1cb0_0, v000001b775dc0590_0;
L_000001b775dcfb00 .concat8 [ 1 1 1 1], v000001b775d94570_0, v000001b775d94430_0, v000001b775dc1670_0, v000001b775dc1030_0;
L_000001b775dcfc40 .concat8 [ 1 1 1 1], v000001b775d94390_0, v000001b775d94750_0, v000001b775dc2430_0, v000001b775dc26b0_0;
L_000001b775dd19a0 .concat8 [ 1 1 1 1], v000001b775d964b0_0, v000001b775d94890_0, v000001b775dc0c70_0, v000001b775dc2750_0;
S_000001b775d0e910 .scope module, "sdram_bank_inst_0" "sdram_bank" 36 212, 37 5 0, S_000001b775d0e2d0;
 .timescale -9 -9;
    .port_info 0 /INPUT 1 "clock";
    .port_info 1 /INPUT 1 "reset";
    .port_info 2 /INPUT 1 "sdram_req";
    .port_info 3 /INPUT 1 "sdram_write";
    .port_info 4 /INPUT 26 "sdram_addr";
    .port_info 5 /INPUT 3 "cmd";
    .port_info 6 /INPUT 13 "addr";
    .port_info 7 /INPUT 2 "ba";
    .port_info 8 /INPUT 1 "freeze";
    .port_info 9 /OUTPUT 1 "bank_precharge";
    .port_info 10 /OUTPUT 1 "bank_activate";
    .port_info 11 /OUTPUT 1 "bank_read";
    .port_info 12 /OUTPUT 1 "bank_write";
P_000001b775c6cd50 .param/l "BANK_ID" 0 37 6, C4<00>;
P_000001b775c6cd88 .param/l "CMD_ACTIVATE" 1 37 37, C4<011>;
P_000001b775c6cdc0 .param/l "CMD_PRECHARGE" 1 37 36, C4<010>;
P_000001b775c6cdf8 .param/l "CMD_READ" 1 37 38, C4<101>;
P_000001b775c6ce30 .param/l "CMD_WRITE" 1 37 39, C4<100>;
v000001b775d946b0_0 .net *"_ivl_1", 10 0, L_000001b775dce5c0;  1 drivers
v000001b775d95c90_0 .net *"_ivl_2", 10 0, L_000001b775dcf2e0;  1 drivers
v000001b775d96370_0 .net "addr", 12 0, v000001b775dc2890_0;  1 drivers
v000001b775d950b0_0 .net "ba", 1 0, v000001b775dc4370_0;  1 drivers
v000001b775d94570_0 .var "bank_activate", 0 0;
v000001b775d94d90_0 .var "bank_active", 0 0;
v000001b775d953d0_0 .var "bank_precharge", 0 0;
v000001b775d94390_0 .var "bank_read", 0 0;
v000001b775d96410_0 .var "bank_row", 12 0;
v000001b775d964b0_0 .var "bank_write", 0 0;
v000001b775d95470_0 .net "clock", 0 0, L_000001b775c06ee0;  alias, 1 drivers
v000001b775d94070_0 .net "cmd", 2 0, v000001b775dc4910_0;  1 drivers
v000001b775d95b50_0 .net "freeze", 0 0, v000001b775dc0770_0;  alias, 1 drivers
v000001b775d95510_0 .var "next_bank_read", 0 0;
v000001b775d95ab0_0 .var "next_bank_write", 0 0;
v000001b775d96550_0 .net "reset", 0 0, v000001b775ddb540_0;  alias, 1 drivers
v000001b775d96690_0 .net "sdram_addr", 25 0, v000001b775d95330_0;  alias, 1 drivers
v000001b775d955b0_0 .net "sdram_req", 0 0, v000001b775d94e30_0;  alias, 1 drivers
v000001b775d95bf0_0 .net "sdram_write", 0 0, v000001b775d962d0_0;  alias, 1 drivers
v000001b775d94110_0 .var "timer", 3 0;
v000001b775d95d30_0 .var "timer_precharge", 3 0;
v000001b775d95dd0_0 .net "unused", 0 0, L_000001b775dce700;  1 drivers
E_000001b775ce6c70/0 .event anyedge, v000001b775d94110_0, v000001b775d95b50_0, v000001b775d94e30_0, v000001b775d95330_0;
E_000001b775ce6c70/1 .event anyedge, v000001b775d94d90_0, v000001b775d96410_0, v000001b775d95330_0, v000001b775d95d30_0;
E_000001b775ce6c70/2 .event anyedge, v000001b775d962d0_0;
E_000001b775ce6c70 .event/or E_000001b775ce6c70/0, E_000001b775ce6c70/1, E_000001b775ce6c70/2;
L_000001b775dce5c0 .part v000001b775d95330_0, 0, 11;
L_000001b775dcf2e0 .concat [ 11 0 0 0], L_000001b775dce5c0;
L_000001b775dce700 .reduce/and L_000001b775dcf2e0;
S_000001b775d97520 .scope module, "sdram_bank_inst_1" "sdram_bank" 36 228, 37 5 0, S_000001b775d0e2d0;
 .timescale -9 -9;
    .port_info 0 /INPUT 1 "clock";
    .port_info 1 /INPUT 1 "reset";
    .port_info 2 /INPUT 1 "sdram_req";
    .port_info 3 /INPUT 1 "sdram_write";
    .port_info 4 /INPUT 26 "sdram_addr";
    .port_info 5 /INPUT 3 "cmd";
    .port_info 6 /INPUT 13 "addr";
    .port_info 7 /INPUT 2 "ba";
    .port_info 8 /INPUT 1 "freeze";
    .port_info 9 /OUTPUT 1 "bank_precharge";
    .port_info 10 /OUTPUT 1 "bank_activate";
    .port_info 11 /OUTPUT 1 "bank_read";
    .port_info 12 /OUTPUT 1 "bank_write";
P_000001b775c6fc90 .param/l "BANK_ID" 0 37 6, C4<01>;
P_000001b775c6fcc8 .param/l "CMD_ACTIVATE" 1 37 37, C4<011>;
P_000001b775c6fd00 .param/l "CMD_PRECHARGE" 1 37 36, C4<010>;
P_000001b775c6fd38 .param/l "CMD_READ" 1 37 38, C4<101>;
P_000001b775c6fd70 .param/l "CMD_WRITE" 1 37 39, C4<100>;
v000001b775d94a70_0 .net *"_ivl_1", 10 0, L_000001b775dce7a0;  1 drivers
v000001b775d941b0_0 .net *"_ivl_2", 10 0, L_000001b775dcfa60;  1 drivers
v000001b775d956f0_0 .net "addr", 12 0, v000001b775dc2890_0;  alias, 1 drivers
v000001b775d94250_0 .net "ba", 1 0, v000001b775dc4370_0;  alias, 1 drivers
v000001b775d94430_0 .var "bank_activate", 0 0;
v000001b775d95650_0 .var "bank_active", 0 0;
v000001b775d94610_0 .var "bank_precharge", 0 0;
v000001b775d94750_0 .var "bank_read", 0 0;
v000001b775d95790_0 .var "bank_row", 12 0;
v000001b775d94890_0 .var "bank_write", 0 0;
v000001b775d947f0_0 .net "clock", 0 0, L_000001b775c06ee0;  alias, 1 drivers
v000001b775d94bb0_0 .net "cmd", 2 0, v000001b775dc4910_0;  alias, 1 drivers
v000001b775d94c50_0 .net "freeze", 0 0, v000001b775dc0770_0;  alias, 1 drivers
v000001b775d96cd0_0 .var "next_bank_read", 0 0;
v000001b775d96a50_0 .var "next_bank_write", 0 0;
v000001b775d96b90_0 .net "reset", 0 0, v000001b775ddb540_0;  alias, 1 drivers
v000001b775d96c30_0 .net "sdram_addr", 25 0, v000001b775d95330_0;  alias, 1 drivers
v000001b775d96e10_0 .net "sdram_req", 0 0, v000001b775d94e30_0;  alias, 1 drivers
v000001b775d96910_0 .net "sdram_write", 0 0, v000001b775d962d0_0;  alias, 1 drivers
v000001b775d96d70_0 .var "timer", 3 0;
v000001b775d96f50_0 .var "timer_precharge", 3 0;
v000001b775d96eb0_0 .net "unused", 0 0, L_000001b775dcf380;  1 drivers
E_000001b775ce7170/0 .event anyedge, v000001b775d96d70_0, v000001b775d95b50_0, v000001b775d94e30_0, v000001b775d95330_0;
E_000001b775ce7170/1 .event anyedge, v000001b775d95650_0, v000001b775d95790_0, v000001b775d95330_0, v000001b775d96f50_0;
E_000001b775ce7170/2 .event anyedge, v000001b775d962d0_0;
E_000001b775ce7170 .event/or E_000001b775ce7170/0, E_000001b775ce7170/1, E_000001b775ce7170/2;
L_000001b775dce7a0 .part v000001b775d95330_0, 0, 11;
L_000001b775dcfa60 .concat [ 11 0 0 0], L_000001b775dce7a0;
L_000001b775dcf380 .reduce/and L_000001b775dcfa60;
S_000001b775d987e0 .scope module, "sdram_bank_inst_2" "sdram_bank" 36 244, 37 5 0, S_000001b775d0e2d0;
 .timescale -9 -9;
    .port_info 0 /INPUT 1 "clock";
    .port_info 1 /INPUT 1 "reset";
    .port_info 2 /INPUT 1 "sdram_req";
    .port_info 3 /INPUT 1 "sdram_write";
    .port_info 4 /INPUT 26 "sdram_addr";
    .port_info 5 /INPUT 3 "cmd";
    .port_info 6 /INPUT 13 "addr";
    .port_info 7 /INPUT 2 "ba";
    .port_info 8 /INPUT 1 "freeze";
    .port_info 9 /OUTPUT 1 "bank_precharge";
    .port_info 10 /OUTPUT 1 "bank_activate";
    .port_info 11 /OUTPUT 1 "bank_read";
    .port_info 12 /OUTPUT 1 "bank_write";
P_000001b775c6d9b0 .param/l "BANK_ID" 0 37 6, C4<10>;
P_000001b775c6d9e8 .param/l "CMD_ACTIVATE" 1 37 37, C4<011>;
P_000001b775c6da20 .param/l "CMD_PRECHARGE" 1 37 36, C4<010>;
P_000001b775c6da58 .param/l "CMD_READ" 1 37 38, C4<101>;
P_000001b775c6da90 .param/l "CMD_WRITE" 1 37 39, C4<100>;
v000001b775d96870_0 .net *"_ivl_1", 10 0, L_000001b775dce840;  1 drivers
v000001b775d96af0_0 .net *"_ivl_2", 10 0, L_000001b775dcfba0;  1 drivers
v000001b775d969b0_0 .net "addr", 12 0, v000001b775dc2890_0;  alias, 1 drivers
v000001b775dc09f0_0 .net "ba", 1 0, v000001b775dc4370_0;  alias, 1 drivers
v000001b775dc1670_0 .var "bank_activate", 0 0;
v000001b775dc1170_0 .var "bank_active", 0 0;
v000001b775dc1cb0_0 .var "bank_precharge", 0 0;
v000001b775dc2430_0 .var "bank_read", 0 0;
v000001b775dc24d0_0 .var "bank_row", 12 0;
v000001b775dc0c70_0 .var "bank_write", 0 0;
v000001b775dc2390_0 .net "clock", 0 0, L_000001b775c06ee0;  alias, 1 drivers
v000001b775dc0270_0 .net "cmd", 2 0, v000001b775dc4910_0;  alias, 1 drivers
v000001b775dc0f90_0 .net "freeze", 0 0, v000001b775dc0770_0;  alias, 1 drivers
v000001b775dc13f0_0 .var "next_bank_read", 0 0;
v000001b775dc2570_0 .var "next_bank_write", 0 0;
v000001b775dc1710_0 .net "reset", 0 0, v000001b775ddb540_0;  alias, 1 drivers
v000001b775dc1b70_0 .net "sdram_addr", 25 0, v000001b775d95330_0;  alias, 1 drivers
v000001b775dc1d50_0 .net "sdram_req", 0 0, v000001b775d94e30_0;  alias, 1 drivers
v000001b775dc17b0_0 .net "sdram_write", 0 0, v000001b775d962d0_0;  alias, 1 drivers
v000001b775dc03b0_0 .var "timer", 3 0;
v000001b775dc0e50_0 .var "timer_precharge", 3 0;
v000001b775dc08b0_0 .net "unused", 0 0, L_000001b775dceac0;  1 drivers
E_000001b775ce7270/0 .event anyedge, v000001b775dc03b0_0, v000001b775d95b50_0, v000001b775d94e30_0, v000001b775d95330_0;
E_000001b775ce7270/1 .event anyedge, v000001b775dc1170_0, v000001b775dc24d0_0, v000001b775d95330_0, v000001b775dc0e50_0;
E_000001b775ce7270/2 .event anyedge, v000001b775d962d0_0;
E_000001b775ce7270 .event/or E_000001b775ce7270/0, E_000001b775ce7270/1, E_000001b775ce7270/2;
L_000001b775dce840 .part v000001b775d95330_0, 0, 11;
L_000001b775dcfba0 .concat [ 11 0 0 0], L_000001b775dce840;
L_000001b775dceac0 .reduce/and L_000001b775dcfba0;
S_000001b775d984c0 .scope module, "sdram_bank_inst_3" "sdram_bank" 36 260, 37 5 0, S_000001b775d0e2d0;
 .timescale -9 -9;
    .port_info 0 /INPUT 1 "clock";
    .port_info 1 /INPUT 1 "reset";
    .port_info 2 /INPUT 1 "sdram_req";
    .port_info 3 /INPUT 1 "sdram_write";
    .port_info 4 /INPUT 26 "sdram_addr";
    .port_info 5 /INPUT 3 "cmd";
    .port_info 6 /INPUT 13 "addr";
    .port_info 7 /INPUT 2 "ba";
    .port_info 8 /INPUT 1 "freeze";
    .port_info 9 /OUTPUT 1 "bank_precharge";
    .port_info 10 /OUTPUT 1 "bank_activate";
    .port_info 11 /OUTPUT 1 "bank_read";
    .port_info 12 /OUTPUT 1 "bank_write";
P_000001b775c6f4b0 .param/l "BANK_ID" 0 37 6, C4<11>;
P_000001b775c6f4e8 .param/l "CMD_ACTIVATE" 1 37 37, C4<011>;
P_000001b775c6f520 .param/l "CMD_PRECHARGE" 1 37 36, C4<010>;
P_000001b775c6f558 .param/l "CMD_READ" 1 37 38, C4<101>;
P_000001b775c6f590 .param/l "CMD_WRITE" 1 37 39, C4<100>;
v000001b775dc2110_0 .net *"_ivl_1", 10 0, L_000001b775dcec00;  1 drivers
v000001b775dc18f0_0 .net *"_ivl_2", 10 0, L_000001b775dcf880;  1 drivers
v000001b775dc2610_0 .net "addr", 12 0, v000001b775dc2890_0;  alias, 1 drivers
v000001b775dc06d0_0 .net "ba", 1 0, v000001b775dc4370_0;  alias, 1 drivers
v000001b775dc1030_0 .var "bank_activate", 0 0;
v000001b775dc1990_0 .var "bank_active", 0 0;
v000001b775dc0590_0 .var "bank_precharge", 0 0;
v000001b775dc26b0_0 .var "bank_read", 0 0;
v000001b775dc1e90_0 .var "bank_row", 12 0;
v000001b775dc2750_0 .var "bank_write", 0 0;
v000001b775dc0950_0 .net "clock", 0 0, L_000001b775c06ee0;  alias, 1 drivers
v000001b775dc1490_0 .net "cmd", 2 0, v000001b775dc4910_0;  alias, 1 drivers
v000001b775dc1fd0_0 .net "freeze", 0 0, v000001b775dc0770_0;  alias, 1 drivers
v000001b775dc1350_0 .var "next_bank_read", 0 0;
v000001b775dc27f0_0 .var "next_bank_write", 0 0;
v000001b775dc1210_0 .net "reset", 0 0, v000001b775ddb540_0;  alias, 1 drivers
v000001b775dc0a90_0 .net "sdram_addr", 25 0, v000001b775d95330_0;  alias, 1 drivers
v000001b775dc04f0_0 .net "sdram_req", 0 0, v000001b775d94e30_0;  alias, 1 drivers
v000001b775dc0310_0 .net "sdram_write", 0 0, v000001b775d962d0_0;  alias, 1 drivers
v000001b775dc2070_0 .var "timer", 3 0;
v000001b775dc1530_0 .var "timer_precharge", 3 0;
v000001b775dc1f30_0 .net "unused", 0 0, L_000001b775dced40;  1 drivers
E_000001b775ce72b0/0 .event anyedge, v000001b775dc2070_0, v000001b775d95b50_0, v000001b775d94e30_0, v000001b775d95330_0;
E_000001b775ce72b0/1 .event anyedge, v000001b775dc1990_0, v000001b775dc1e90_0, v000001b775d95330_0, v000001b775dc1530_0;
E_000001b775ce72b0/2 .event anyedge, v000001b775d962d0_0;
E_000001b775ce72b0 .event/or E_000001b775ce72b0/0, E_000001b775ce72b0/1, E_000001b775ce72b0/2;
L_000001b775dcec00 .part v000001b775d95330_0, 0, 11;
L_000001b775dcf880 .concat [ 11 0 0 0], L_000001b775dcec00;
L_000001b775dced40 .reduce/and L_000001b775dcf880;
S_000001b775d979d0 .scope module, "sdram_refresh_inst" "sdram_refresh" 36 202, 38 17 0, S_000001b775d0e2d0;
 .timescale -9 -9;
    .port_info 0 /INPUT 1 "clock";
    .port_info 1 /INPUT 1 "reset";
    .port_info 2 /INPUT 1 "sdram_idle";
    .port_info 3 /OUTPUT 1 "precharge_all";
    .port_info 4 /OUTPUT 1 "refresh";
    .port_info 5 /OUTPUT 1 "freeze";
    .port_info 6 /OUTPUT 1 "load_mode";
v000001b775dc1850_0 .net "clock", 0 0, L_000001b775c06ee0;  alias, 1 drivers
v000001b775dc1ad0_0 .var "counter", 6 0;
v000001b775dc0770_0 .var "freeze", 0 0;
v000001b775dc0810_0 .var "init_counter", 6 0;
v000001b775dc21b0_0 .var "init_done", 0 0;
v000001b775dc1df0_0 .var "load_mode", 0 0;
v000001b775dc0090_0 .var "next_init_done", 0 0;
v000001b775dc0130_0 .var "next_refresh_counter", 7 0;
v000001b775dc01d0_0 .var "next_refresh_in_progress", 0 0;
v000001b775dc0450_0 .var "next_refresh_timer", 9 0;
v000001b775dc0630_0 .var "precharge_all", 0 0;
v000001b775dc0b30_0 .var "refresh", 0 0;
v000001b775dc0bd0_0 .var "refresh_counter", 7 0;
v000001b775dc1a30_0 .var "refresh_in_progress", 0 0;
v000001b775dc15d0_0 .var "refresh_timer", 9 0;
v000001b775dc1c10_0 .net "reset", 0 0, v000001b775ddb540_0;  alias, 1 drivers
v000001b775dc0d10_0 .net "sdram_idle", 0 0, v000001b775dc2bb0_0;  1 drivers
E_000001b775ce6cb0/0 .event anyedge, v000001b775dc21b0_0, v000001b775dc1ad0_0, v000001b775dc0bd0_0, v000001b775dc15d0_0;
E_000001b775ce6cb0/1 .event anyedge, v000001b775dc1a30_0, v000001b775dc0d10_0, v000001b775d06810_0;
E_000001b775ce6cb0 .event/or E_000001b775ce6cb0/0, E_000001b775ce6cb0/1;
S_000001b775d98010 .scope module, "sophie_inst" "sophie" 6 258, 39 5 0, S_000001b7756ee9f0;
 .timescale -9 -9;
    .port_info 0 /INPUT 1 "clock";
    .port_info 1 /INPUT 1 "reset";
    .port_info 2 /INPUT 1 "cpu_aux_req";
    .port_info 3 /INPUT 1 "cpu_aux_write";
    .port_info 4 /INPUT 32 "cpu_aux_addr";
    .port_info 5 /INPUT 32 "cpu_aux_wdata";
    .port_info 6 /INPUT 4 "cpu_aux_strb";
    .port_info 7 /INPUT 5 "cpu_aux_dest";
    .port_info 8 /OUTPUT 1 "cpu_aux_rvalid";
    .port_info 9 /OUTPUT 32 "cpu_aux_rdata";
    .port_info 10 /OUTPUT 5 "cpu_aux_rdest";
    .port_info 11 /OUTPUT 1 "aux_irom_req";
    .port_info 12 /OUTPUT 1 "aux_irom_write";
    .port_info 13 /OUTPUT 16 "aux_irom_addr";
    .port_info 14 /OUTPUT 32 "aux_irom_wdata";
    .port_info 15 /INPUT 32 "aux_irom_rdata";
    .port_info 16 /OUTPUT 1 "aux_iris_req";
    .port_info 17 /OUTPUT 16 "aux_iris_addr";
    .port_info 18 /OUTPUT 32 "aux_iris_wdata";
    .port_info 19 /OUTPUT 7 "HEX0";
    .port_info 20 /OUTPUT 7 "HEX1";
    .port_info 21 /OUTPUT 7 "HEX2";
    .port_info 22 /OUTPUT 7 "HEX3";
    .port_info 23 /OUTPUT 7 "HEX4";
    .port_info 24 /OUTPUT 7 "HEX5";
    .port_info 25 /INPUT 4 "KEY";
    .port_info 26 /OUTPUT 10 "LEDR";
    .port_info 27 /INPUT 10 "SW";
    .port_info 28 /OUTPUT 1 "UART_TX";
    .port_info 29 /INPUT 1 "UART_RX";
    .port_info 30 /INOUT 1 "PS2_CLK";
    .port_info 31 /INOUT 1 "PS2_DAT";
    .port_info 32 /INOUT 1 "PS2_CLK2";
    .port_info 33 /INOUT 1 "PS2_DAT2";
    .port_info 34 /INOUT 1 "SDA";
    .port_info 35 /OUTPUT 1 "SCL";
    .port_info 36 /OUTPUT 10 "mouse_x";
    .port_info 37 /OUTPUT 10 "mouse_y";
    .port_info 38 /INPUT 32 "cpu_pc";
v000001b775dd71c0_0 .net "HEX0", 6 0, L_000001b775dd4100;  alias, 1 drivers
v000001b775dd60e0_0 .net "HEX1", 6 0, L_000001b775dd4240;  alias, 1 drivers
v000001b775dd6ea0_0 .net "HEX2", 6 0, L_000001b775dd3b60;  alias, 1 drivers
v000001b775dd79e0_0 .net "HEX3", 6 0, L_000001b775dd4560;  alias, 1 drivers
v000001b775dd7d00_0 .net "HEX4", 6 0, L_000001b775dd4380;  alias, 1 drivers
v000001b775dd8020_0 .net "HEX5", 6 0, L_000001b775dd3c00;  alias, 1 drivers
v000001b775dd7260_0 .net "KEY", 3 0, v000001b775ddd7a0_0;  alias, 1 drivers
v000001b775dd6400_0 .net "LEDR", 9 0, v000001b775dbf730_0;  alias, 1 drivers
v000001b775dd6040_0 .net "PS2_CLK", 0 0, L_000001b775e3b1e0;  alias, 1 drivers
v000001b775dd7bc0_0 .net "PS2_CLK2", 0 0, o000001b775d22c58;  alias, 0 drivers
v000001b775dd6fe0_0 .net "PS2_DAT", 0 0, L_000001b775e39340;  alias, 1 drivers
v000001b775dd6d60_0 .net "PS2_DAT2", 0 0, o000001b775d22c88;  alias, 0 drivers
v000001b775dd74e0_0 .net "SCL", 0 0, v000001b775dc5130_0;  alias, 1 drivers
v000001b775dd5be0_0 .net "SDA", 0 0, L_000001b775e3a920;  alias, 1 drivers
v000001b775dd7da0_0 .net "SW", 9 0, v000001b775ddd2a0_0;  alias, 1 drivers
v000001b775dd6180_0 .net "UART_RX", 0 0, L_000001b775ddd0c0;  alias, 1 drivers
v000001b775dd6860_0 .net "UART_TX", 0 0, v000001b775dbd070_0;  alias, 1 drivers
v000001b775dd7800_0 .net "aux_hwregs_addr", 15 0, v000001b775dc6d50_0;  1 drivers
v000001b775dd6540_0 .net "aux_hwregs_rdata", 31 0, v000001b775dbd890_0;  1 drivers
v000001b775dd7a80_0 .net "aux_hwregs_req", 0 0, v000001b775dc62b0_0;  1 drivers
v000001b775dd7300_0 .net "aux_hwregs_strb", 3 0, v000001b775dc68f0_0;  1 drivers
v000001b775dd6220_0 .net "aux_hwregs_wdata", 31 0, v000001b775dc6350_0;  1 drivers
v000001b775dd7760_0 .net "aux_hwregs_write", 0 0, v000001b775dc56d0_0;  1 drivers
v000001b775dd73a0_0 .net "aux_iris_addr", 15 0, v000001b775dc63f0_0;  alias, 1 drivers
v000001b775dd69a0_0 .net "aux_iris_req", 0 0, v000001b775dc6a30_0;  alias, 1 drivers
v000001b775dd5b40_0 .net "aux_iris_wdata", 31 0, v000001b775dc5590_0;  alias, 1 drivers
v000001b775dd58c0_0 .net "aux_irom_addr", 15 0, v000001b775dc6fd0_0;  alias, 1 drivers
v000001b775dd7b20_0 .net "aux_irom_rdata", 31 0, L_000001b775dd0000;  alias, 1 drivers
v000001b775dd6ae0_0 .net "aux_irom_req", 0 0, v000001b775dc5950_0;  alias, 1 drivers
v000001b775dd6e00_0 .net "aux_irom_wdata", 31 0, v000001b775dc5770_0;  alias, 1 drivers
v000001b775dd7080_0 .net "aux_irom_write", 0 0, v000001b775dc5ef0_0;  alias, 1 drivers
v000001b775dd5960_0 .net "clock", 0 0, L_000001b775c06ee0;  alias, 1 drivers
v000001b775dd7440_0 .net "cpu_aux_addr", 31 0, v000001b775d665d0_0;  alias, 1 drivers
v000001b775dd5a00_0 .net "cpu_aux_dest", 4 0, v000001b775d65130_0;  alias, 1 drivers
v000001b775dd7620_0 .net "cpu_aux_rdata", 31 0, v000001b775dc54f0_0;  alias, 1 drivers
v000001b775dd76c0_0 .net "cpu_aux_rdest", 4 0, v000001b775dc5d10_0;  alias, 1 drivers
v000001b775dd5aa0_0 .net "cpu_aux_req", 0 0, v000001b775d66990_0;  alias, 1 drivers
v000001b775dd6680_0 .net "cpu_aux_rvalid", 0 0, v000001b775dc71b0_0;  alias, 1 drivers
v000001b775dd5c80_0 .net "cpu_aux_strb", 3 0, v000001b775d65e50_0;  alias, 1 drivers
v000001b775dd5fa0_0 .net "cpu_aux_wdata", 31 0, v000001b775d66df0_0;  alias, 1 drivers
v000001b775dd64a0_0 .net "cpu_aux_write", 0 0, v000001b775d651d0_0;  alias, 1 drivers
v000001b775dd65e0_0 .net "cpu_pc", 31 0, v000001b775d735f0_0;  alias, 1 drivers
v000001b775dd6720_0 .net "mouse_x", 9 0, L_000001b775e3b280;  alias, 1 drivers
v000001b775dd99c0_0 .net "mouse_y", 9 0, L_000001b775e3ab00;  alias, 1 drivers
v000001b775dd9a60_0 .net "reset", 0 0, v000001b775ddb540_0;  alias, 1 drivers
S_000001b775d976b0 .scope module, "sophie_address_decoder_inst" "sophie_address_decoder" 39 63, 40 7 0, S_000001b775d98010;
 .timescale -9 -9;
    .port_info 0 /INPUT 1 "clock";
    .port_info 1 /INPUT 1 "reset";
    .port_info 2 /INPUT 1 "cpu_aux_req";
    .port_info 3 /INPUT 1 "cpu_aux_write";
    .port_info 4 /INPUT 32 "cpu_aux_addr";
    .port_info 5 /INPUT 32 "cpu_aux_wdata";
    .port_info 6 /INPUT 4 "cpu_aux_strb";
    .port_info 7 /INPUT 5 "cpu_aux_dest";
    .port_info 8 /OUTPUT 1 "cpu_aux_rvalid";
    .port_info 9 /OUTPUT 32 "cpu_aux_rdata";
    .port_info 10 /OUTPUT 5 "cpu_aux_rdest";
    .port_info 11 /OUTPUT 1 "aux_hwregs_req";
    .port_info 12 /OUTPUT 1 "aux_hwregs_write";
    .port_info 13 /OUTPUT 16 "aux_hwregs_addr";
    .port_info 14 /OUTPUT 32 "aux_hwregs_wdata";
    .port_info 15 /OUTPUT 4 "aux_hwregs_strb";
    .port_info 16 /INPUT 32 "aux_hwregs_rdata";
    .port_info 17 /OUTPUT 1 "aux_iris_req";
    .port_info 18 /OUTPUT 16 "aux_iris_addr";
    .port_info 19 /OUTPUT 32 "aux_iris_wdata";
    .port_info 20 /OUTPUT 1 "aux_irom_req";
    .port_info 21 /OUTPUT 1 "aux_irom_write";
    .port_info 22 /OUTPUT 16 "aux_irom_addr";
    .port_info 23 /OUTPUT 32 "aux_irom_wdata";
    .port_info 24 /INPUT 32 "aux_irom_rdata";
v000001b775dc6d50_0 .var "aux_hwregs_addr", 15 0;
v000001b775dc6c10_0 .net "aux_hwregs_rdata", 31 0, v000001b775dbd890_0;  alias, 1 drivers
v000001b775dc62b0_0 .var "aux_hwregs_req", 0 0;
v000001b775dc68f0_0 .var "aux_hwregs_strb", 3 0;
v000001b775dc6350_0 .var "aux_hwregs_wdata", 31 0;
v000001b775dc56d0_0 .var "aux_hwregs_write", 0 0;
v000001b775dc63f0_0 .var "aux_iris_addr", 15 0;
v000001b775dc6a30_0 .var "aux_iris_req", 0 0;
v000001b775dc5590_0 .var "aux_iris_wdata", 31 0;
v000001b775dc6fd0_0 .var "aux_irom_addr", 15 0;
v000001b775dc6b70_0 .net "aux_irom_rdata", 31 0, L_000001b775dd0000;  alias, 1 drivers
v000001b775dc5950_0 .var "aux_irom_req", 0 0;
v000001b775dc5770_0 .var "aux_irom_wdata", 31 0;
v000001b775dc5ef0_0 .var "aux_irom_write", 0 0;
v000001b775dc7390_0 .net "clock", 0 0, L_000001b775c06ee0;  alias, 1 drivers
v000001b775dc6670_0 .net "cpu_aux_addr", 31 0, v000001b775d665d0_0;  alias, 1 drivers
v000001b775dc7610_0 .net "cpu_aux_dest", 4 0, v000001b775d65130_0;  alias, 1 drivers
v000001b775dc54f0_0 .var "cpu_aux_rdata", 31 0;
v000001b775dc5d10_0 .var "cpu_aux_rdest", 4 0;
v000001b775dc7070_0 .net "cpu_aux_req", 0 0, v000001b775d66990_0;  alias, 1 drivers
v000001b775dc71b0_0 .var "cpu_aux_rvalid", 0 0;
v000001b775dc5f90_0 .net "cpu_aux_strb", 3 0, v000001b775d65e50_0;  alias, 1 drivers
v000001b775dc6df0_0 .net "cpu_aux_wdata", 31 0, v000001b775d66df0_0;  alias, 1 drivers
v000001b775dc5a90_0 .net "cpu_aux_write", 0 0, v000001b775d651d0_0;  alias, 1 drivers
v000001b775dc77f0_0 .var "dest_dly1", 4 0;
v000001b775dc67b0_0 .var "dest_dly2", 4 0;
v000001b775dc6850_0 .var "rdata", 31 0;
v000001b775dc74d0_0 .net "reset", 0 0, v000001b775ddb540_0;  alias, 1 drivers
v000001b775dc7250_0 .var "rvalid_dly1", 0 0;
v000001b775dc7570_0 .var "rvalid_dly2", 0 0;
v000001b775dc76b0_0 .var "strb_dly1", 3 0;
v000001b775dc58b0_0 .var "strb_dly2", 3 0;
S_000001b775d98b00 .scope module, "sophie_hwregs_inst" "sophie_hwregs" 39 91, 41 26 0, S_000001b775d98010;
 .timescale -9 -12;
    .port_info 0 /INPUT 1 "clock";
    .port_info 1 /INPUT 1 "reset";
    .port_info 2 /INPUT 1 "aux_hwregs_req";
    .port_info 3 /INPUT 1 "aux_hwregs_write";
    .port_info 4 /INPUT 16 "aux_hwregs_addr";
    .port_info 5 /INPUT 4 "aux_hwregs_strb";
    .port_info 6 /INPUT 32 "aux_hwregs_wdata";
    .port_info 7 /OUTPUT 32 "aux_hwregs_rdata";
    .port_info 8 /OUTPUT 7 "HEX0";
    .port_info 9 /OUTPUT 7 "HEX1";
    .port_info 10 /OUTPUT 7 "HEX2";
    .port_info 11 /OUTPUT 7 "HEX3";
    .port_info 12 /OUTPUT 7 "HEX4";
    .port_info 13 /OUTPUT 7 "HEX5";
    .port_info 14 /INPUT 4 "KEY";
    .port_info 15 /OUTPUT 10 "LEDR";
    .port_info 16 /INPUT 10 "SW";
    .port_info 17 /OUTPUT 1 "UART_TX";
    .port_info 18 /INPUT 1 "UART_RX";
    .port_info 19 /INOUT 1 "PS2_CLK";
    .port_info 20 /INOUT 1 "PS2_DAT";
    .port_info 21 /INOUT 1 "PS2_CLK2";
    .port_info 22 /INOUT 1 "PS2_DAT2";
    .port_info 23 /INOUT 1 "SDA";
    .port_info 24 /OUTPUT 1 "SCL";
    .port_info 25 /OUTPUT 10 "mouse_x";
    .port_info 26 /OUTPUT 10 "mouse_y";
    .port_info 27 /INPUT 32 "cpu_pc";
L_000001b775c08920 .functor AND 1, v000001b775dc62b0_0, v000001b775dc56d0_0, C4<1>, C4<1>;
L_000001b775c07730 .functor AND 1, L_000001b775c08920, L_000001b775dd5140, C4<1>, C4<1>;
L_000001b775c08a00 .functor AND 1, v000001b775dc62b0_0, L_000001b775dd5280, C4<1>, C4<1>;
L_000001b775c080d0 .functor AND 1, L_000001b775c08a00, L_000001b775dd47e0, C4<1>, C4<1>;
L_000001b775c07c00 .functor AND 1, v000001b775dc62b0_0, L_000001b775e3a4c0, C4<1>, C4<1>;
L_000001b775c078f0 .functor AND 1, L_000001b775c07c00, L_000001b775e39200, C4<1>, C4<1>;
v000001b775dbf7d0_0 .net "HEX0", 6 0, L_000001b775dd4100;  alias, 1 drivers
v000001b775dbfd70_0 .net "HEX1", 6 0, L_000001b775dd4240;  alias, 1 drivers
v000001b775dbf230_0 .net "HEX2", 6 0, L_000001b775dd3b60;  alias, 1 drivers
v000001b775dbf2d0_0 .net "HEX3", 6 0, L_000001b775dd4560;  alias, 1 drivers
v000001b775dbfcd0_0 .net "HEX4", 6 0, L_000001b775dd4380;  alias, 1 drivers
v000001b775dbe830_0 .net "HEX5", 6 0, L_000001b775dd3c00;  alias, 1 drivers
v000001b775dbea10_0 .net "KEY", 3 0, v000001b775ddd7a0_0;  alias, 1 drivers
v000001b775dbf730_0 .var "LEDR", 9 0;
v000001b775dbebf0_0 .net "PS2_CLK", 0 0, L_000001b775e3b1e0;  alias, 1 drivers
v000001b775dbf870_0 .net "PS2_CLK2", 0 0, o000001b775d22c58;  alias, 0 drivers
v000001b775dbf410_0 .net "PS2_DAT", 0 0, L_000001b775e39340;  alias, 1 drivers
v000001b775dbf910_0 .net "PS2_DAT2", 0 0, o000001b775d22c88;  alias, 0 drivers
v000001b775dbe8d0_0 .net "SCL", 0 0, v000001b775dc5130_0;  alias, 1 drivers
v000001b775dbf190_0 .net "SDA", 0 0, L_000001b775e3a920;  alias, 1 drivers
v000001b775dbf5f0_0 .net "SW", 9 0, v000001b775ddd2a0_0;  alias, 1 drivers
v000001b775dbedd0_0 .net "UART_RX", 0 0, L_000001b775ddd0c0;  alias, 1 drivers
v000001b775dbdb10_0 .net "UART_TX", 0 0, v000001b775dbd070_0;  alias, 1 drivers
v000001b775dbd9d0_0 .net *"_ivl_1", 0 0, L_000001b775dd41a0;  1 drivers
v000001b775dbe510_0 .net *"_ivl_17", 0 0, L_000001b775dd5280;  1 drivers
v000001b775dbf9b0_0 .net *"_ivl_19", 0 0, L_000001b775c08a00;  1 drivers
L_000001b775ddef18 .functor BUFT 1, C4<0000000000010100>, C4<0>, C4<0>, C4<0>;
v000001b775dbff50_0 .net/2u *"_ivl_20", 15 0, L_000001b775ddef18;  1 drivers
v000001b775dbfa50_0 .net *"_ivl_22", 0 0, L_000001b775dd47e0;  1 drivers
v000001b775dbfe10_0 .net *"_ivl_29", 0 0, L_000001b775e3a4c0;  1 drivers
v000001b775dbfaf0_0 .net *"_ivl_31", 0 0, L_000001b775c07c00;  1 drivers
L_000001b775ddf1a0 .functor BUFT 1, C4<0000000000101100>, C4<0>, C4<0>, C4<0>;
v000001b775dbfeb0_0 .net/2u *"_ivl_32", 15 0, L_000001b775ddf1a0;  1 drivers
v000001b775dbfff0_0 .net *"_ivl_34", 0 0, L_000001b775e39200;  1 drivers
v000001b775dbdcf0_0 .net *"_ivl_42", 7 0, L_000001b775e397a0;  1 drivers
v000001b775dbe5b0_0 .net *"_ivl_43", 7 0, L_000001b775e3a060;  1 drivers
v000001b775dbef10_0 .net *"_ivl_5", 0 0, L_000001b775c08920;  1 drivers
L_000001b775ddee88 .functor BUFT 1, C4<0000000000010000>, C4<0>, C4<0>, C4<0>;
v000001b775dbe6f0_0 .net/2u *"_ivl_6", 15 0, L_000001b775ddee88;  1 drivers
v000001b775dbee70_0 .net *"_ivl_8", 0 0, L_000001b775dd5140;  1 drivers
v000001b775dbe150_0 .net "aux_hwregs_addr", 15 0, v000001b775dc6d50_0;  alias, 1 drivers
v000001b775dbd890_0 .var "aux_hwregs_rdata", 31 0;
v000001b775dbe1f0_0 .net "aux_hwregs_req", 0 0, v000001b775dc62b0_0;  alias, 1 drivers
v000001b775dbe790_0 .net "aux_hwregs_strb", 3 0, v000001b775dc68f0_0;  alias, 1 drivers
v000001b775dbefb0_0 .net "aux_hwregs_wdata", 31 0, v000001b775dc6350_0;  alias, 1 drivers
v000001b775dbd930_0 .net "aux_hwregs_write", 0 0, v000001b775dc56d0_0;  alias, 1 drivers
v000001b775dbdbb0_0 .var "captured_pc", 23 0;
v000001b775dbf050_0 .net "clock", 0 0, L_000001b775c06ee0;  alias, 1 drivers
v000001b775dbe290_0 .net "cpu_pc", 31 0, v000001b775d735f0_0;  alias, 1 drivers
v000001b775dbdc50_0 .var/i "fh", 31 0;
v000001b775dbe650_0 .net "fifo_overflow", 2 0, L_000001b775e39980;  1 drivers
v000001b775dbe3d0_0 .net "fifo_rx_data", 7 0, v000001b775dbc210_0;  1 drivers
v000001b775dbf0f0_0 .net "fifo_rx_not_empty", 0 0, L_000001b775dd5320;  1 drivers
v000001b775dbe970_0 .net "fifo_tx_complete", 0 0, v000001b775dbb6d0_0;  1 drivers
v000001b775dbdd90_0 .net "fifo_tx_data", 7 0, v000001b775dbed30_0;  1 drivers
v000001b775dbeab0_0 .net "fifo_tx_not_empty", 0 0, L_000001b775dd5460;  1 drivers
v000001b775dbded0_0 .net "fifo_tx_slots_free", 11 0, L_000001b775dd4740;  1 drivers
v000001b775dbde30_0 .net "i2c_ack_error", 0 0, v000001b775dc5c70_0;  1 drivers
v000001b775dbdf70_0 .net "i2c_busy", 0 0, L_000001b775e38e40;  1 drivers
v000001b775dbe0b0_0 .var "i2c_data", 23 0;
v000001b775dbec90_0 .var "i2c_start", 0 0;
v000001b775dbeb50_0 .net "key_read_data", 7 0, v000001b775dc8ab0_0;  1 drivers
v000001b775dd7ee0_0 .net "key_read_strobe", 0 0, L_000001b775c078f0;  1 drivers
v000001b775dd5e60_0 .net "key_read_valid", 0 0, L_000001b775e3a100;  1 drivers
v000001b775dd6f40_0 .net "keyboard_code", 7 0, v000001b775dc9f50_0;  1 drivers
v000001b775dd7120_0 .net "keyboard_strobe", 0 0, v000001b775dc94b0_0;  1 drivers
v000001b775dd6900_0 .var "latched_fifo_overflow", 2 0;
v000001b775dd78a0_0 .var "milli_counter", 17 0;
v000001b775dd6360_0 .net "mouse_buttons", 2 0, v000001b775dcaa90_0;  1 drivers
v000001b775dd6c20_0 .net "mouse_x", 9 0, L_000001b775e3b280;  alias, 1 drivers
v000001b775dd5dc0_0 .net "mouse_y", 9 0, L_000001b775e3ab00;  alias, 1 drivers
v000001b775dd5f00_0 .var "prev_key0", 0 0;
v000001b775dd7580_0 .net "reset", 0 0, v000001b775ddb540_0;  alias, 1 drivers
v000001b775dd62c0_0 .net "rx_strobe", 0 0, L_000001b775c080d0;  1 drivers
v000001b775dd7f80_0 .var "seven_seg", 23 0;
v000001b775dd6cc0_0 .var "timer", 31 0;
v000001b775dd6b80_0 .net "tx_strobe", 0 0, L_000001b775c07730;  1 drivers
v000001b775dd7c60 .array "uart_input", 65535 0, 7 0;
v000001b775dd6a40_0 .var/i "uart_input_index", 31 0;
v000001b775dd7e40_0 .var/i "uart_input_len", 31 0;
v000001b775dd5d20_0 .net "uart_rx_complete", 0 0, v000001b775dbc530_0;  1 drivers
v000001b775dd7940_0 .net "uart_rx_data", 7 0, v000001b775dbcd50_0;  1 drivers
v000001b775dd67c0_0 .net "unused", 0 0, L_000001b775e3a7e0;  1 drivers
L_000001b775dd41a0 .part v000001b775ddd7a0_0, 1, 1;
L_000001b775dd5820 .functor MUXZ 24, v000001b775dbdbb0_0, v000001b775dd7f80_0, L_000001b775dd41a0, C4<>;
L_000001b775dd5140 .cmp/eq 16, v000001b775dc6d50_0, L_000001b775ddee88;
L_000001b775dd30c0 .part v000001b775dc6350_0, 0, 8;
L_000001b775dd5280 .reduce/nor v000001b775dc56d0_0;
L_000001b775dd47e0 .cmp/eq 16, v000001b775dc6d50_0, L_000001b775ddef18;
L_000001b775e3a4c0 .reduce/nor v000001b775dc56d0_0;
L_000001b775e39200 .cmp/eq 16, v000001b775dc6d50_0, L_000001b775ddf1a0;
L_000001b775e39980 .concat8 [ 1 1 1 0], v000001b775dbf4b0_0, v000001b775dbcfd0_0, v000001b775dc9af0_0;
L_000001b775e397a0 .part v000001b775d735f0_0, 24, 8;
L_000001b775e3a060 .concat [ 8 0 0 0], L_000001b775e397a0;
L_000001b775e3a7e0 .reduce/and L_000001b775e3a060;
S_000001b775d97070 .scope module, "i2c_master_inst" "i2c_master" 41 278, 42 3 0, S_000001b775d98b00;
 .timescale -9 -12;
    .port_info 0 /INPUT 1 "clock";
    .port_info 1 /INPUT 1 "reset";
    .port_info 2 /INOUT 1 "SDA";
    .port_info 3 /OUTPUT 1 "SCL";
    .port_info 4 /INPUT 1 "start";
    .port_info 5 /INPUT 24 "data_in";
    .port_info 6 /OUTPUT 1 "busy";
    .port_info 7 /OUTPUT 1 "ack_error";
P_000001b77565a400 .param/l "CLOCK_DIV" 1 42 19, C4<11111010>;
P_000001b77565a438 .param/l "IDLE" 1 42 21, C4<000>;
P_000001b77565a470 .param/l "SEND_BYTE" 1 42 23, C4<010>;
P_000001b77565a4a8 .param/l "START" 1 42 22, C4<001>;
P_000001b77565a4e0 .param/l "STOP" 1 42 25, C4<100>;
P_000001b77565a518 .param/l "WAIT_ACK" 1 42 24, C4<011>;
v000001b775dc5130_0 .var "SCL", 0 0;
v000001b775dc5270_0 .net "SDA", 0 0, L_000001b775e3a920;  alias, 1 drivers
o000001b775d22778 .functor BUFZ 1, C4<z>; HiZ drive
; Elide local net with no drivers, v000001b775dc59f0_0 name=_ivl_0
L_000001b775ddf230 .functor BUFT 1, C4<000>, C4<0>, C4<0>, C4<0>;
v000001b775dc5bd0_0 .net/2u *"_ivl_4", 2 0, L_000001b775ddf230;  1 drivers
v000001b775dc5c70_0 .var "ack_error", 0 0;
v000001b775dc7bb0_0 .var "bit_counter", 4 0;
v000001b775dc8650_0 .net "busy", 0 0, L_000001b775e38e40;  alias, 1 drivers
v000001b775dc80b0_0 .var "clk_div_counter", 7 0;
v000001b775dc9870_0 .net "clock", 0 0, L_000001b775c06ee0;  alias, 1 drivers
v000001b775dc97d0_0 .net "data_in", 23 0, v000001b775dbe0b0_0;  1 drivers
v000001b775dc8510_0 .var "next_ack_error", 0 0;
v000001b775dc9410_0 .var "next_bit_counter", 4 0;
v000001b775dc9230_0 .var "next_clk_div_counter", 7 0;
v000001b775dc8150_0 .var "next_scl", 0 0;
v000001b775dc7930_0 .var "next_sda_enable", 0 0;
v000001b775dc9b90_0 .var "next_sda_out", 0 0;
v000001b775dc7e30_0 .var "next_state", 2 0;
v000001b775dc7b10_0 .net "reset", 0 0, v000001b775ddb540_0;  alias, 1 drivers
v000001b775dc8a10_0 .var "sda_enable", 0 0;
v000001b775dc8dd0_0 .var "sda_out", 0 0;
v000001b775dc9c30_0 .net "start", 0 0, v000001b775dbec90_0;  1 drivers
v000001b775dc8bf0_0 .var "state", 2 0;
E_000001b775ce6970/0 .event anyedge, v000001b775dc8bf0_0, v000001b775dc80b0_0, v000001b775dc7bb0_0, v000001b775dc8dd0_0;
E_000001b775ce6970/1 .event anyedge, v000001b775dc8a10_0, v000001b775dc5c70_0, v000001b775dc9c30_0, v000001b775dc97d0_0;
E_000001b775ce6970/2 .event anyedge, v000001b775dc5270_0, v000001b775d06810_0;
E_000001b775ce6970 .event/or E_000001b775ce6970/0, E_000001b775ce6970/1, E_000001b775ce6970/2;
L_000001b775e3a920 .functor MUXZ 1, o000001b775d22778, v000001b775dc8dd0_0, v000001b775dc8a10_0, C4<>;
L_000001b775e38e40 .cmp/ne 3, v000001b775dc8bf0_0, L_000001b775ddf230;
S_000001b775d98c90 .scope module, "keyboard_if_inst" "keyboard_if" 41 255, 43 3 0, S_000001b775d98b00;
 .timescale -9 -9;
    .port_info 0 /INPUT 1 "clock";
    .port_info 1 /INPUT 1 "reset";
    .port_info 2 /INPUT 1 "PS2_CLK2";
    .port_info 3 /INPUT 1 "PS2_DAT2";
    .port_info 4 /OUTPUT 8 "keyboard_code";
    .port_info 5 /OUTPUT 1 "keyboard_strobe";
v000001b775dc9d70_0 .net "PS2_CLK2", 0 0, o000001b775d22c58;  alias, 0 drivers
v000001b775dc7ed0_0 .net "PS2_DAT2", 0 0, o000001b775d22c88;  alias, 0 drivers
v000001b775dc9190_0 .net "clock", 0 0, L_000001b775c06ee0;  alias, 1 drivers
v000001b775dc9f50_0 .var "keyboard_code", 7 0;
v000001b775dc94b0_0 .var "keyboard_strobe", 0 0;
v000001b775dc9550_0 .var "next_count", 3 0;
v000001b775dc9690_0 .var "next_keyboard_code", 7 0;
v000001b775dc9730_0 .var "next_keyboard_strobe", 0 0;
v000001b775dc7cf0_0 .var "next_shift_reg", 7 0;
v000001b775dc95f0_0 .var "next_timeout", 13 0;
v000001b775dc92d0_0 .var "prev_ps2_clk", 0 0;
v000001b775dc8010_0 .net "reset", 0 0, v000001b775ddb540_0;  alias, 1 drivers
v000001b775dc9910_0 .var "this_count", 3 0;
v000001b775dc81f0_0 .var "this_ps2_clk", 0 0;
v000001b775dc8290_0 .var "this_ps2_dat", 0 0;
v000001b775dc9cd0_0 .var "this_shift_reg", 7 0;
v000001b775dc7a70_0 .var "this_timeout", 13 0;
E_000001b775ce71b0/0 .event anyedge, v000001b775dc9cd0_0, v000001b775dc9f50_0, v000001b775dc7a70_0, v000001b775dc9910_0;
E_000001b775ce71b0/1 .event anyedge, v000001b775d06810_0, v000001b775dc81f0_0, v000001b775dc92d0_0, v000001b775dc8290_0;
E_000001b775ce71b0 .event/or E_000001b775ce71b0/0, E_000001b775ce71b0/1;
S_000001b775d98330 .scope module, "keyboard_rx_fifo" "byte_fifo" 41 266, 44 12 0, S_000001b775d98b00;
 .timescale -9 -9;
    .port_info 0 /INPUT 1 "clk";
    .port_info 1 /INPUT 1 "reset";
    .port_info 2 /INPUT 1 "write_enable";
    .port_info 3 /INPUT 8 "write_data";
    .port_info 4 /INPUT 1 "read_enable";
    .port_info 5 /OUTPUT 8 "read_data";
    .port_info 6 /OUTPUT 12 "slots_free";
    .port_info 7 /OUTPUT 1 "not_empty";
    .port_info 8 /OUTPUT 1 "overflow";
P_000001b775ce6f30 .param/l "FIFO_DEPTH" 0 44 25, +C4<00000000000000000001000000000000>;
v000001b775dc7f70_0 .net *"_ivl_0", 11 0, L_000001b775e39ac0;  1 drivers
L_000001b775ddf1e8 .functor BUFT 1, C4<000000000001>, C4<0>, C4<0>, C4<0>;
v000001b775dc9e10_0 .net/2u *"_ivl_2", 11 0, L_000001b775ddf1e8;  1 drivers
v000001b775dc99b0_0 .net "clk", 0 0, L_000001b775c06ee0;  alias, 1 drivers
v000001b775dc8c90 .array "memory", 4095 0, 7 0;
v000001b775dc9a50_0 .net "not_empty", 0 0, L_000001b775e3a100;  alias, 1 drivers
v000001b775dc9af0_0 .var "overflow", 0 0;
v000001b775dc88d0_0 .var "prev_wptr", 11 0;
v000001b775dc8ab0_0 .var "read_data", 7 0;
v000001b775dc90f0_0 .net "read_enable", 0 0, L_000001b775c078f0;  alias, 1 drivers
v000001b775dc8970_0 .net "reset", 0 0, v000001b775ddb540_0;  alias, 1 drivers
v000001b775dc9eb0_0 .var "rptr", 11 0;
v000001b775dc8330_0 .net "slots_free", 11 0, L_000001b775e39840;  1 drivers
v000001b775dc8b50_0 .var "wptr", 11 0;
v000001b775dc9ff0_0 .net "write_data", 7 0, v000001b775dc9f50_0;  alias, 1 drivers
v000001b775dc7890_0 .net "write_enable", 0 0, v000001b775dc94b0_0;  alias, 1 drivers
L_000001b775e39ac0 .arith/sub 12, v000001b775dc9eb0_0, v000001b775dc8b50_0;
L_000001b775e39840 .arith/sub 12, L_000001b775e39ac0, L_000001b775ddf1e8;
L_000001b775e3a100 .cmp/ne 12, v000001b775dc9eb0_0, v000001b775dc88d0_0;
S_000001b775d97840 .scope module, "mouse_interface_inst" "mouse_interface" 41 245, 45 3 0, S_000001b775d98b00;
 .timescale -9 -9;
    .port_info 0 /INPUT 1 "clock";
    .port_info 1 /INPUT 1 "reset";
    .port_info 2 /INOUT 1 "PS2_CLK";
    .port_info 3 /INOUT 1 "PS2_DAT";
    .port_info 4 /OUTPUT 10 "mouse_x";
    .port_info 5 /OUTPUT 10 "mouse_y";
    .port_info 6 /OUTPUT 3 "mouse_buttons";
P_000001b775c6d770 .param/l "INTERPACKET_TIMEOUT" 0 45 15, C4<001001001001111100000>;
P_000001b775c6d7a8 .param/l "REQUEST_TO_SEND_TIMER" 0 45 17, C4<000000010000000000000>;
P_000001b775c6d7e0 .param/l "STATE_RECEIVING" 0 45 21, C4<011>;
P_000001b775c6d818 .param/l "STATE_RESET" 0 45 19, C4<000>;
P_000001b775c6d850 .param/l "STATE_TRANSMIT_BIT" 0 45 20, C4<001>;
L_000001b775c08370 .functor AND 1, L_000001b775dd3160, L_000001b775e3b3c0, C4<1>, C4<1>;
v000001b775dc7c50_0 .net "PS2_CLK", 0 0, L_000001b775e3b1e0;  alias, 1 drivers
v000001b775dc83d0_0 .net "PS2_DAT", 0 0, L_000001b775e39340;  alias, 1 drivers
v000001b775dc8d30_0 .net *"_ivl_10", 31 0, L_000001b775e39160;  1 drivers
L_000001b775ddf080 .functor BUFT 1, C4<0000000000000000000000000000000>, C4<0>, C4<0>, C4<0>;
v000001b775dc7d90_0 .net *"_ivl_13", 30 0, L_000001b775ddf080;  1 drivers
L_000001b775ddf0c8 .functor BUFT 1, C4<00000000000000000000000000000001>, C4<0>, C4<0>, C4<0>;
v000001b775dc8790_0 .net/2u *"_ivl_14", 31 0, L_000001b775ddf0c8;  1 drivers
v000001b775dc8470_0 .net *"_ivl_16", 0 0, L_000001b775e3b3c0;  1 drivers
v000001b775dc8830_0 .net *"_ivl_2", 31 0, L_000001b775dd53c0;  1 drivers
L_000001b775ddf110 .functor BUFT 1, C4<0>, C4<0>, C4<0>, C4<0>;
v000001b775dc9370_0 .net/2u *"_ivl_20", 0 0, L_000001b775ddf110;  1 drivers
o000001b775d23558 .functor BUFZ 1, C4<z>; HiZ drive
; Elide local net with no drivers, v000001b775dc85b0_0 name=_ivl_22
L_000001b775ddf158 .functor BUFT 1, C4<0>, C4<0>, C4<0>, C4<0>;
v000001b775dc8e70_0 .net/2u *"_ivl_26", 0 0, L_000001b775ddf158;  1 drivers
o000001b775d235b8 .functor BUFZ 1, C4<z>; HiZ drive
; Elide local net with no drivers, v000001b775dc8f10_0 name=_ivl_28
L_000001b775ddeff0 .functor BUFT 1, C4<0000000000000000000000000000000>, C4<0>, C4<0>, C4<0>;
v000001b775dc8fb0_0 .net *"_ivl_5", 30 0, L_000001b775ddeff0;  1 drivers
L_000001b775ddf038 .functor BUFT 1, C4<00000000000000000000000000000000>, C4<0>, C4<0>, C4<0>;
v000001b775dc9050_0 .net/2u *"_ivl_6", 31 0, L_000001b775ddf038;  1 drivers
v000001b775dca950_0 .net *"_ivl_8", 0 0, L_000001b775dd3160;  1 drivers
v000001b775dca9f0_0 .net "clock", 0 0, L_000001b775c06ee0;  alias, 1 drivers
v000001b775dca810_0 .net "clock_falling_edge", 0 0, L_000001b775c08370;  1 drivers
v000001b775dca130_0 .var "dx", 13 0;
v000001b775dca310_0 .var "dy", 13 0;
L_000001b775ddefa8 .functor BUFT 1, C4<00010111101>, C4<0>, C4<0>, C4<0>;
v000001b775dcabd0_0 .net "message", 10 0, L_000001b775ddefa8;  1 drivers
v000001b775dcaa90_0 .var "mouse_buttons", 2 0;
v000001b775dcab30_0 .net "mouse_x", 9 0, L_000001b775e3b280;  alias, 1 drivers
v000001b775dcae50_0 .net "mouse_y", 9 0, L_000001b775e3ab00;  alias, 1 drivers
v000001b775dcac70_0 .var "next_bit_number", 3 0;
v000001b775dca450_0 .var "next_drive_clock", 0 0;
v000001b775dca630_0 .var "next_drive_data", 0 0;
v000001b775dca770_0 .var "next_mouse_buttons", 2 0;
v000001b775dca590_0 .var "next_shift_count", 5 0;
v000001b775dca8b0_0 .var "next_shift_reg", 32 0;
v000001b775dcad10_0 .var "next_state", 2 0;
v000001b775dcaef0_0 .var "next_timer", 20 0;
v000001b775dca3b0_0 .var/s "next_x", 13 0;
v000001b775dcadb0_0 .var/s "next_y", 13 0;
v000001b775dca090_0 .var "prev2_clk", 0 0;
v000001b775dca1d0_0 .var "prev_clk", 0 0;
v000001b775dca270_0 .net "reset", 0 0, v000001b775ddb540_0;  alias, 1 drivers
v000001b775dca4f0_0 .var "this_bit_number", 3 0;
v000001b775dca6d0_0 .var "this_drive_clock", 0 0;
v000001b775dbcad0_0 .var "this_drive_data", 0 0;
v000001b775dbcf30_0 .var "this_shift_count", 5 0;
v000001b775dbb630_0 .var "this_shift_reg", 32 0;
v000001b775dbb810_0 .var "this_state", 2 0;
v000001b775dbd430_0 .var "this_timer", 20 0;
v000001b775dbd4d0_0 .var/s "this_x", 13 0;
v000001b775dbb310_0 .var/s "this_y", 13 0;
E_000001b775ce7470/0 .event anyedge, v000001b775dbb810_0, v000001b775dbd430_0, v000001b775dca4f0_0, v000001b775dbd4d0_0;
E_000001b775ce7470/1 .event anyedge, v000001b775dbb310_0, v000001b775dbb630_0, v000001b775dcaa90_0, v000001b775dcabd0_0;
E_000001b775ce7470/2 .event anyedge, v000001b775dca810_0, v000001b775dc7c50_0, v000001b775dc83d0_0, v000001b775dbcf30_0;
E_000001b775ce7470/3 .event anyedge, v000001b775dca590_0, v000001b775dca130_0, v000001b775dca310_0, v000001b775dca3b0_0;
E_000001b775ce7470/4 .event anyedge, v000001b775dcadb0_0, v000001b775d06810_0;
E_000001b775ce7470 .event/or E_000001b775ce7470/0, E_000001b775ce7470/1, E_000001b775ce7470/2, E_000001b775ce7470/3, E_000001b775ce7470/4;
L_000001b775dd53c0 .concat [ 1 31 0 0], v000001b775dca1d0_0, L_000001b775ddeff0;
L_000001b775dd3160 .cmp/eq 32, L_000001b775dd53c0, L_000001b775ddf038;
L_000001b775e39160 .concat [ 1 31 0 0], v000001b775dca090_0, L_000001b775ddf080;
L_000001b775e3b3c0 .cmp/eq 32, L_000001b775e39160, L_000001b775ddf0c8;
L_000001b775e3b1e0 .functor MUXZ 1, o000001b775d23558, L_000001b775ddf110, v000001b775dca6d0_0, C4<>;
L_000001b775e39340 .functor MUXZ 1, o000001b775d235b8, L_000001b775ddf158, v000001b775dbcad0_0, C4<>;
L_000001b775e3b280 .part v000001b775dbd4d0_0, 2, 10;
L_000001b775e3ab00 .part v000001b775dbb310_0, 2, 10;
S_000001b775d98e20 .scope module, "seven_seg_inst" "seven_seg" 41 195, 46 3 0, S_000001b775d98b00;
 .timescale -9 -9;
    .port_info 0 /INPUT 24 "seven_seg_data";
    .port_info 1 /OUTPUT 7 "HEX0";
    .port_info 2 /OUTPUT 7 "HEX1";
    .port_info 3 /OUTPUT 7 "HEX2";
    .port_info 4 /OUTPUT 7 "HEX3";
    .port_info 5 /OUTPUT 7 "HEX4";
    .port_info 6 /OUTPUT 7 "HEX5";
v000001b775dbd750_0 .net "HEX0", 6 0, L_000001b775dd4100;  alias, 1 drivers
v000001b775dbc0d0_0 .net "HEX1", 6 0, L_000001b775dd4240;  alias, 1 drivers
v000001b775dbb4f0_0 .net "HEX2", 6 0, L_000001b775dd3b60;  alias, 1 drivers
v000001b775dbce90_0 .net "HEX3", 6 0, L_000001b775dd4560;  alias, 1 drivers
v000001b775dbc490_0 .net "HEX4", 6 0, L_000001b775dd4380;  alias, 1 drivers
v000001b775dbd610_0 .net "HEX5", 6 0, L_000001b775dd3c00;  alias, 1 drivers
v000001b775dbbef0_0 .net *"_ivl_1", 3 0, L_000001b775dd42e0;  1 drivers
v000001b775dbc5d0_0 .net *"_ivl_13", 3 0, L_000001b775dd50a0;  1 drivers
v000001b775dbd6b0_0 .net *"_ivl_17", 3 0, L_000001b775dd4060;  1 drivers
v000001b775dbb3b0_0 .net *"_ivl_21", 3 0, L_000001b775dd4600;  1 drivers
v000001b775dbb950_0 .net *"_ivl_5", 3 0, L_000001b775dd5000;  1 drivers
v000001b775dbd7f0_0 .net *"_ivl_9", 3 0, L_000001b775dd3660;  1 drivers
v000001b775dbc2b0_0 .net "seven_seg_data", 23 0, L_000001b775dd5820;  1 drivers
L_000001b775dd42e0 .part L_000001b775dd5820, 0, 4;
L_000001b775dd4100 .ufunc/vec4 TD_tb.neoami_inst.sophie_inst.sophie_hwregs_inst.seven_seg_inst.hex_to_seg, 7, L_000001b775dd42e0 (v000001b775dbd570_0) S_000001b775d98650;
L_000001b775dd5000 .part L_000001b775dd5820, 4, 4;
L_000001b775dd4240 .ufunc/vec4 TD_tb.neoami_inst.sophie_inst.sophie_hwregs_inst.seven_seg_inst.hex_to_seg, 7, L_000001b775dd5000 (v000001b775dbd570_0) S_000001b775d98650;
L_000001b775dd3660 .part L_000001b775dd5820, 8, 4;
L_000001b775dd3b60 .ufunc/vec4 TD_tb.neoami_inst.sophie_inst.sophie_hwregs_inst.seven_seg_inst.hex_to_seg, 7, L_000001b775dd3660 (v000001b775dbd570_0) S_000001b775d98650;
L_000001b775dd50a0 .part L_000001b775dd5820, 12, 4;
L_000001b775dd4560 .ufunc/vec4 TD_tb.neoami_inst.sophie_inst.sophie_hwregs_inst.seven_seg_inst.hex_to_seg, 7, L_000001b775dd50a0 (v000001b775dbd570_0) S_000001b775d98650;
L_000001b775dd4060 .part L_000001b775dd5820, 16, 4;
L_000001b775dd4380 .ufunc/vec4 TD_tb.neoami_inst.sophie_inst.sophie_hwregs_inst.seven_seg_inst.hex_to_seg, 7, L_000001b775dd4060 (v000001b775dbd570_0) S_000001b775d98650;
L_000001b775dd4600 .part L_000001b775dd5820, 20, 4;
L_000001b775dd3c00 .ufunc/vec4 TD_tb.neoami_inst.sophie_inst.sophie_hwregs_inst.seven_seg_inst.hex_to_seg, 7, L_000001b775dd4600 (v000001b775dbd570_0) S_000001b775d98650;
S_000001b775d98650 .scope function.vec4.s7, "hex_to_seg" "hex_to_seg" 46 14, 46 14 0, S_000001b775d98e20;
 .timescale -9 -9;
v000001b775dbd570_0 .var "hex", 3 0;
; Variable hex_to_seg is vec4 return value of scope S_000001b775d98650
TD_tb.neoami_inst.sophie_inst.sophie_hwregs_inst.seven_seg_inst.hex_to_seg ;
    %load/vec4 v000001b775dbd570_0;
    %dup/vec4;
    %pushi/vec4 0, 0, 4;
    %cmp/u;
    %jmp/1 T_2.34, 6;
    %dup/vec4;
    %pushi/vec4 1, 0, 4;
    %cmp/u;
    %jmp/1 T_2.35, 6;
    %dup/vec4;
    %pushi/vec4 2, 0, 4;
    %cmp/u;
    %jmp/1 T_2.36, 6;
    %dup/vec4;
    %pushi/vec4 3, 0, 4;
    %cmp/u;
    %jmp/1 T_2.37, 6;
    %dup/vec4;
    %pushi/vec4 4, 0, 4;
    %cmp/u;
    %jmp/1 T_2.38, 6;
    %dup/vec4;
    %pushi/vec4 5, 0, 4;
    %cmp/u;
    %jmp/1 T_2.39, 6;
    %dup/vec4;
    %pushi/vec4 6, 0, 4;
    %cmp/u;
    %jmp/1 T_2.40, 6;
    %dup/vec4;
    %pushi/vec4 7, 0, 4;
    %cmp/u;
    %jmp/1 T_2.41, 6;
    %dup/vec4;
    %pushi/vec4 8, 0, 4;
    %cmp/u;
    %jmp/1 T_2.42, 6;
    %dup/vec4;
    %pushi/vec4 9, 0, 4;
    %cmp/u;
    %jmp/1 T_2.43, 6;
    %dup/vec4;
    %pushi/vec4 10, 0, 4;
    %cmp/u;
    %jmp/1 T_2.44, 6;
    %dup/vec4;
    %pushi/vec4 11, 0, 4;
    %cmp/u;
    %jmp/1 T_2.45, 6;
    %dup/vec4;
    %pushi/vec4 12, 0, 4;
    %cmp/u;
    %jmp/1 T_2.46, 6;
    %dup/vec4;
    %pushi/vec4 13, 0, 4;
    %cmp/u;
    %jmp/1 T_2.47, 6;
    %dup/vec4;
    %pushi/vec4 14, 0, 4;
    %cmp/u;
    %jmp/1 T_2.48, 6;
    %dup/vec4;
    %pushi/vec4 15, 0, 4;
    %cmp/u;
    %jmp/1 T_2.49, 6;
    %jmp T_2.50;
T_2.34 ;
    %pushi/vec4 64, 0, 7;
    %ret/vec4 0, 0, 7;  Assign to hex_to_seg (store_vec4_to_lval)
    %jmp T_2.50;
T_2.35 ;
    %pushi/vec4 121, 0, 7;
    %ret/vec4 0, 0, 7;  Assign to hex_to_seg (store_vec4_to_lval)
    %jmp T_2.50;
T_2.36 ;
    %pushi/vec4 36, 0, 7;
    %ret/vec4 0, 0, 7;  Assign to hex_to_seg (store_vec4_to_lval)
    %jmp T_2.50;
T_2.37 ;
    %pushi/vec4 48, 0, 7;
    %ret/vec4 0, 0, 7;  Assign to hex_to_seg (store_vec4_to_lval)
    %jmp T_2.50;
T_2.38 ;
    %pushi/vec4 25, 0, 7;
    %ret/vec4 0, 0, 7;  Assign to hex_to_seg (store_vec4_to_lval)
    %jmp T_2.50;
T_2.39 ;
    %pushi/vec4 18, 0, 7;
    %ret/vec4 0, 0, 7;  Assign to hex_to_seg (store_vec4_to_lval)
    %jmp T_2.50;
T_2.40 ;
    %pushi/vec4 2, 0, 7;
    %ret/vec4 0, 0, 7;  Assign to hex_to_seg (store_vec4_to_lval)
    %jmp T_2.50;
T_2.41 ;
    %pushi/vec4 120, 0, 7;
    %ret/vec4 0, 0, 7;  Assign to hex_to_seg (store_vec4_to_lval)
    %jmp T_2.50;
T_2.42 ;
    %pushi/vec4 0, 0, 7;
    %ret/vec4 0, 0, 7;  Assign to hex_to_seg (store_vec4_to_lval)
    %jmp T_2.50;
T_2.43 ;
    %pushi/vec4 16, 0, 7;
    %ret/vec4 0, 0, 7;  Assign to hex_to_seg (store_vec4_to_lval)
    %jmp T_2.50;
T_2.44 ;
    %pushi/vec4 8, 0, 7;
    %ret/vec4 0, 0, 7;  Assign to hex_to_seg (store_vec4_to_lval)
    %jmp T_2.50;
T_2.45 ;
    %pushi/vec4 3, 0, 7;
    %ret/vec4 0, 0, 7;  Assign to hex_to_seg (store_vec4_to_lval)
    %jmp T_2.50;
T_2.46 ;
    %pushi/vec4 70, 0, 7;
    %ret/vec4 0, 0, 7;  Assign to hex_to_seg (store_vec4_to_lval)
    %jmp T_2.50;
T_2.47 ;
    %pushi/vec4 33, 0, 7;
    %ret/vec4 0, 0, 7;  Assign to hex_to_seg (store_vec4_to_lval)
    %jmp T_2.50;
T_2.48 ;
    %pushi/vec4 6, 0, 7;
    %ret/vec4 0, 0, 7;  Assign to hex_to_seg (store_vec4_to_lval)
    %jmp T_2.50;
T_2.49 ;
    %pushi/vec4 14, 0, 7;
    %ret/vec4 0, 0, 7;  Assign to hex_to_seg (store_vec4_to_lval)
    %jmp T_2.50;
T_2.50 ;
    %pop/vec4 1;
    %end;
S_000001b775d98970 .scope module, "uart_inst" "uart" 41 205, 47 3 0, S_000001b775d98b00;
 .timescale -9 -9;
    .port_info 0 /INPUT 1 "clock";
    .port_info 1 /INPUT 1 "reset";
    .port_info 2 /INPUT 1 "UART_RX";
    .port_info 3 /OUTPUT 1 "UART_TX";
    .port_info 4 /OUTPUT 1 "rx_complete";
    .port_info 5 /OUTPUT 8 "rx_data";
    .port_info 6 /INPUT 1 "tx_valid";
    .port_info 7 /INPUT 8 "tx_data";
    .port_info 8 /OUTPUT 1 "tx_complete";
P_000001b775ce69b0 .param/l "UI_COUNTER" 0 47 23, C4<0000000000111110>;
v000001b775dbb130_0 .net "UART_RX", 0 0, L_000001b775ddd0c0;  alias, 1 drivers
v000001b775dbd070_0 .var "UART_TX", 0 0;
L_000001b775ddedf8 .functor BUFT 1, C4<1>, C4<0>, C4<0>, C4<0>;
v000001b775dbc350_0 .net/2u *"_ivl_0", 0 0, L_000001b775ddedf8;  1 drivers
L_000001b775ddee40 .functor BUFT 1, C4<0>, C4<0>, C4<0>, C4<0>;
v000001b775dbd1b0_0 .net/2u *"_ivl_2", 0 0, L_000001b775ddee40;  1 drivers
v000001b775dbb1d0_0 .net "clock", 0 0, L_000001b775c06ee0;  alias, 1 drivers
v000001b775dbc3f0_0 .var "prev_rx_bit", 0 0;
v000001b775dbbf90_0 .net "reset", 0 0, v000001b775ddb540_0;  alias, 1 drivers
v000001b775dbb270_0 .var "rx_active", 0 0;
v000001b775dbbc70_0 .var "rx_bit", 0 0;
v000001b775dbc530_0 .var "rx_complete", 0 0;
v000001b775dbcd50_0 .var "rx_data", 7 0;
v000001b775dbd390_0 .var "rx_index", 3 0;
v000001b775dbd110_0 .var "rx_timer", 15 0;
v000001b775dbc030_0 .var "tx_active", 0 0;
v000001b775dbb6d0_0 .var "tx_complete", 0 0;
v000001b775dbcb70_0 .net "tx_data", 7 0, v000001b775dbed30_0;  alias, 1 drivers
v000001b775dbb450_0 .var "tx_index", 3 0;
v000001b775dbb770_0 .net "tx_message", 9 0, L_000001b775dd46a0;  1 drivers
v000001b775dbcdf0_0 .var "tx_timer", 15 0;
v000001b775dbd250_0 .net "tx_valid", 0 0, L_000001b775dd5460;  alias, 1 drivers
L_000001b775dd46a0 .concat [ 1 8 1 0], L_000001b775ddee40, v000001b775dbed30_0, L_000001b775ddedf8;
S_000001b775d97200 .scope module, "uart_rx_fifo" "byte_fifo" 41 233, 44 12 0, S_000001b775d98b00;
 .timescale -9 -9;
    .port_info 0 /INPUT 1 "clk";
    .port_info 1 /INPUT 1 "reset";
    .port_info 2 /INPUT 1 "write_enable";
    .port_info 3 /INPUT 8 "write_data";
    .port_info 4 /INPUT 1 "read_enable";
    .port_info 5 /OUTPUT 8 "read_data";
    .port_info 6 /OUTPUT 12 "slots_free";
    .port_info 7 /OUTPUT 1 "not_empty";
    .port_info 8 /OUTPUT 1 "overflow";
P_000001b775ce69f0 .param/l "FIFO_DEPTH" 0 44 25, +C4<00000000000000000001000000000000>;
v000001b775dbc8f0_0 .net *"_ivl_0", 11 0, L_000001b775dd3ca0;  1 drivers
L_000001b775ddef60 .functor BUFT 1, C4<000000000001>, C4<0>, C4<0>, C4<0>;
v000001b775dbb590_0 .net/2u *"_ivl_2", 11 0, L_000001b775ddef60;  1 drivers
v000001b775dbba90_0 .net "clk", 0 0, L_000001b775c06ee0;  alias, 1 drivers
v000001b775dbb8b0 .array "memory", 4095 0, 7 0;
v000001b775dbb9f0_0 .net "not_empty", 0 0, L_000001b775dd5320;  alias, 1 drivers
v000001b775dbcfd0_0 .var "overflow", 0 0;
v000001b775dbc170_0 .var "prev_wptr", 11 0;
v000001b775dbc210_0 .var "read_data", 7 0;
v000001b775dbbb30_0 .net "read_enable", 0 0, L_000001b775c080d0;  alias, 1 drivers
v000001b775dbbbd0_0 .net "reset", 0 0, v000001b775ddb540_0;  alias, 1 drivers
v000001b775dbbdb0_0 .var "rptr", 11 0;
v000001b775dbbe50_0 .net "slots_free", 11 0, L_000001b775dd3e80;  1 drivers
v000001b775dbd2f0_0 .var "wptr", 11 0;
v000001b775dbc710_0 .net "write_data", 7 0, v000001b775dbcd50_0;  alias, 1 drivers
v000001b775dbc7b0_0 .net "write_enable", 0 0, v000001b775dbc530_0;  alias, 1 drivers
L_000001b775dd3ca0 .arith/sub 12, v000001b775dbbdb0_0, v000001b775dbd2f0_0;
L_000001b775dd3e80 .arith/sub 12, L_000001b775dd3ca0, L_000001b775ddef60;
L_000001b775dd5320 .cmp/ne 12, v000001b775dbbdb0_0, v000001b775dbc170_0;
S_000001b775d97cf0 .scope module, "uart_tx_fifo" "byte_fifo" 41 219, 44 12 0, S_000001b775d98b00;
 .timescale -9 -9;
    .port_info 0 /INPUT 1 "clk";
    .port_info 1 /INPUT 1 "reset";
    .port_info 2 /INPUT 1 "write_enable";
    .port_info 3 /INPUT 8 "write_data";
    .port_info 4 /INPUT 1 "read_enable";
    .port_info 5 /OUTPUT 8 "read_data";
    .port_info 6 /OUTPUT 12 "slots_free";
    .port_info 7 /OUTPUT 1 "not_empty";
    .port_info 8 /OUTPUT 1 "overflow";
P_000001b775ce6ff0 .param/l "FIFO_DEPTH" 0 44 25, +C4<00000000000000000001000000000000>;
v000001b775dbc990_0 .net *"_ivl_0", 11 0, L_000001b775dd3de0;  1 drivers
L_000001b775ddeed0 .functor BUFT 1, C4<000000000001>, C4<0>, C4<0>, C4<0>;
v000001b775dbca30_0 .net/2u *"_ivl_2", 11 0, L_000001b775ddeed0;  1 drivers
v000001b775dbcc10_0 .net "clk", 0 0, L_000001b775c06ee0;  alias, 1 drivers
v000001b775dbccb0 .array "memory", 4095 0, 7 0;
v000001b775dbf690_0 .net "not_empty", 0 0, L_000001b775dd5460;  alias, 1 drivers
v000001b775dbf4b0_0 .var "overflow", 0 0;
v000001b775dbfc30_0 .var "prev_wptr", 11 0;
v000001b775dbed30_0 .var "read_data", 7 0;
v000001b775dbe470_0 .net "read_enable", 0 0, v000001b775dbb6d0_0;  alias, 1 drivers
v000001b775dbda70_0 .net "reset", 0 0, v000001b775ddb540_0;  alias, 1 drivers
v000001b775dbe330_0 .var "rptr", 11 0;
v000001b775dbe010_0 .net "slots_free", 11 0, L_000001b775dd4740;  alias, 1 drivers
v000001b775dbfb90_0 .var "wptr", 11 0;
v000001b775dbf370_0 .net "write_data", 7 0, L_000001b775dd30c0;  1 drivers
v000001b775dbf550_0 .net "write_enable", 0 0, L_000001b775c07730;  alias, 1 drivers
L_000001b775dd3de0 .arith/sub 12, v000001b775dbe330_0, v000001b775dbfb90_0;
L_000001b775dd4740 .arith/sub 12, L_000001b775dd3de0, L_000001b775ddeed0;
L_000001b775dd5460 .cmp/ne 12, v000001b775dbe330_0, v000001b775dbfc30_0;
    .scope S_000001b775d0dc90;
T_3 ;
    %pushi/vec4 0, 0, 3;
    %store/vec4 v000001b775d938f0_0, 0, 3;
    %pushi/vec4 0, 0, 1;
    %store/vec4 v000001b775d91a50_0, 0, 1;
    %end;
    .thread T_3;
    .scope S_000001b775d0dc90;
T_4 ;
    %wait E_000001b775ce6730;
    %load/vec4 v000001b775d91eb0_0;
    %flag_set/vec4 8;
    %jmp/0xz  T_4.0, 8;
    %pushi/vec4 0, 0, 3;
    %assign/vec4 v000001b775d938f0_0, 0;
    %pushi/vec4 0, 0, 1;
    %assign/vec4 v000001b775d91a50_0, 0;
    %jmp T_4.1;
T_4.0 ;
    %load/vec4 v000001b775d938f0_0;
    %pad/u 32;
    %cmpi/u 5, 0, 32;
    %jmp/0xz  T_4.2, 5;
    %load/vec4 v000001b775d938f0_0;
    %addi 1, 0, 3;
    %assign/vec4 v000001b775d938f0_0, 0;
    %pushi/vec4 0, 0, 1;
    %assign/vec4 v000001b775d91a50_0, 0;
    %jmp T_4.3;
T_4.2 ;
    %pushi/vec4 1, 0, 1;
    %assign/vec4 v000001b775d91a50_0, 0;
T_4.3 ;
T_4.1 ;
    %jmp T_4;
    .thread T_4;
    .scope S_000001b775d649d0;
T_5 ;
Ewait_0 .event/or E_000001b775ce7570, E_0x0;
    %wait Ewait_0;
    %load/vec4 v000001b775d68790_0;
    %flag_set/vec4 8;
    %jmp/0xz  T_5.0, 8;
    %pushi/vec4 4294901760, 0, 32;
    %store/vec4 v000001b775d679d0_0, 0, 32;
    %pushi/vec4 1, 0, 1;
    %store/vec4 v000001b775d68330_0, 0, 1;
    %jmp T_5.1;
T_5.0 ;
    %load/vec4 v000001b775d67bb0_0;
    %flag_set/vec4 8;
    %jmp/0xz  T_5.2, 8;
    %load/vec4 v000001b775d68010_0;
    %store/vec4 v000001b775d679d0_0, 0, 32;
    %pushi/vec4 1, 0, 1;
    %store/vec4 v000001b775d68330_0, 0, 1;
    %jmp T_5.3;
T_5.2 ;
    %load/vec4 v000001b775d686f0_0;
    %flag_set/vec4 8;
    %jmp/0xz  T_5.4, 8;
    %load/vec4 v000001b775d68ab0_0;
    %store/vec4 v000001b775d679d0_0, 0, 32;
    %pushi/vec4 0, 0, 1;
    %store/vec4 v000001b775d68330_0, 0, 1;
    %jmp T_5.5;
T_5.4 ;
    %load/vec4 v000001b775d68ab0_0;
    %addi 4, 0, 32;
    %store/vec4 v000001b775d679d0_0, 0, 32;
    %pushi/vec4 1, 0, 1;
    %store/vec4 v000001b775d68330_0, 0, 1;
T_5.5 ;
T_5.3 ;
T_5.1 ;
    %jmp T_5;
    .thread T_5, $push;
    .scope S_000001b775d649d0;
T_6 ;
    %wait E_000001b775ce6830;
    %load/vec4 v000001b775d679d0_0;
    %assign/vec4 v000001b775d68ab0_0, 0;
    %jmp T_6;
    .thread T_6;
    .scope S_000001b775d649d0;
T_7 ;
    %wait E_000001b775ce6830;
    %load/vec4 v000001b775d67bb0_0;
    %flag_set/vec4 9;
    %flag_get/vec4 9;
    %jmp/0 T_7.2, 9;
    %load/vec4 v000001b775d68010_0;
    %pushi/vec4 0, 0, 32;
    %cmp/e;
    %flag_get/vec4 4;
    %and;
T_7.2;
    %flag_set/vec4 8;
    %jmp/0xz  T_7.0, 8;
    %vpi_call/w 17 47 "$display", "Simulation completed at time %t PC=%h", $time, v000001b775d68ab0_0 {0 0 0};
    %wait E_000001b775ce6830;
    %wait E_000001b775ce6830;
    %wait E_000001b775ce6830;
    %vpi_call/w 17 51 "$finish" {0 0 0};
T_7.0 ;
    %jmp T_7;
    .thread T_7;
    .scope S_000001b775d64e80;
T_8 ;
    %vpi_call/w 15 44 "$readmemh", "asm.hex", v000001b775d66490 {0 0 0};
    %end;
    .thread T_8;
    .scope S_000001b775d64e80;
T_9 ;
    %wait E_000001b775ce6830;
    %load/vec4 v000001b775d66cb0_0;
    %parti/s 14, 2, 3;
    %pad/u 16;
    %ix/vec4 4;
    %load/vec4a v000001b775d66490, 4;
    %assign/vec4 v000001b775d65f90_0, 0;
    %load/vec4 v000001b775d677f0_0;
    %flag_set/vec4 8;
    %flag_get/vec4 8;
    %jmp/0 T_9.0, 8;
    %load/vec4 v000001b775d66cb0_0;
    %parti/s 16, 16, 6;
    %pushi/vec4 65535, 0, 16;
    %cmp/e;
    %flag_get/vec4 4;
    %and;
T_9.0;
    %assign/vec4 v000001b775d66030_0, 0;
    %load/vec4 v000001b775d66cb0_0;
    %assign/vec4 v000001b775d65a90_0, 0;
    %load/vec4 v000001b775d65c70_0;
    %flag_set/vec4 9;
    %flag_get/vec4 9;
    %jmp/0 T_9.3, 9;
    %load/vec4 v000001b775d663f0_0;
    %and;
T_9.3;
    %flag_set/vec4 8;
    %jmp/0xz  T_9.1, 8;
    %load/vec4 v000001b775d676b0_0;
    %load/vec4 v000001b775d671b0_0;
    %parti/s 14, 2, 3;
    %pad/u 16;
    %ix/vec4 4;
    %store/vec4a v000001b775d66490, 4, 0;
T_9.1 ;
    %load/vec4 v000001b775d671b0_0;
    %parti/s 14, 2, 3;
    %pad/u 16;
    %ix/vec4 4;
    %load/vec4a v000001b775d66490, 4;
    %assign/vec4 v000001b775d66530_0, 0;
    %load/vec4 v000001b775d65c70_0;
    %flag_set/vec4 8;
    %flag_get/vec4 8;
    %jmp/0 T_9.4, 8;
    %load/vec4 v000001b775d663f0_0;
    %nor/r;
    %and;
T_9.4;
    %assign/vec4 v000001b775d65270_0, 0;
    %jmp T_9;
    .thread T_9;
    .scope S_000001b775d646b0;
T_10 ;
Ewait_1 .event/or E_000001b775ce6b30, E_0x0;
    %wait Ewait_1;
    %load/vec4 v000001b775d66f30_0;
    %flag_set/vec4 8;
    %flag_get/vec4 8;
    %jmp/1 T_10.0, 8;
    %load/vec4 v000001b775d654f0_0;
    %flag_set/vec4 8;
    %flag_get/vec4 8;
    %jmp/0 T_10.1, 8;
    %load/vec4 v000001b775d67070_0;
    %and;
T_10.1;
    %or;
T_10.0;
    %store/vec4 v000001b775d668f0_0, 0, 1;
    %pushi/vec4 0, 0, 1;
    %store/vec4 v000001b775d0bcc0_0, 0, 1;
    %load/vec4 v000001b775d66d50_0;
    %flag_set/vec4 8;
    %jmp/0xz  T_10.2, 8;
    %load/vec4 v000001b775d654f0_0;
    %store/vec4 v000001b775d0be00_0, 0, 1;
    %load/vec4 v000001b775d672f0_0;
    %store/vec4 v000001b775d0c260_0, 0, 32;
    %load/vec4 v000001b775d67570_0;
    %store/vec4 v000001b775d0b7c0_0, 0, 32;
    %load/vec4 v000001b775d66f30_0;
    %store/vec4 v000001b775d0c760_0, 0, 1;
    %load/vec4 v000001b775d65310_0;
    %store/vec4 v000001b775d0b720_0, 0, 32;
    %load/vec4 v000001b775d66c10_0;
    %store/vec4 v000001b775d0c300_0, 0, 32;
    %pushi/vec4 0, 0, 1;
    %store/vec4 v000001b775d0cc60_0, 0, 1;
    %pushi/vec4 4294967295, 4294967295, 32;
    %store/vec4 v000001b775d0c8a0_0, 0, 32;
    %pushi/vec4 4294967295, 4294967295, 32;
    %store/vec4 v000001b775d0ca80_0, 0, 32;
    %jmp T_10.3;
T_10.2 ;
    %load/vec4 v000001b775d65ef0_0;
    %store/vec4 v000001b775d0be00_0, 0, 1;
    %load/vec4 v000001b775d65950_0;
    %store/vec4 v000001b775d0c260_0, 0, 32;
    %load/vec4 v000001b775d65770_0;
    %store/vec4 v000001b775d0b7c0_0, 0, 32;
    %load/vec4 v000001b775d654f0_0;
    %store/vec4 v000001b775d0c760_0, 0, 1;
    %load/vec4 v000001b775d672f0_0;
    %store/vec4 v000001b775d0b720_0, 0, 32;
    %load/vec4 v000001b775d67570_0;
    %store/vec4 v000001b775d0c300_0, 0, 32;
    %load/vec4 v000001b775d66f30_0;
    %store/vec4 v000001b775d0cc60_0, 0, 1;
    %load/vec4 v000001b775d65310_0;
    %store/vec4 v000001b775d0c8a0_0, 0, 32;
    %load/vec4 v000001b775d66c10_0;
    %store/vec4 v000001b775d0ca80_0, 0, 32;
T_10.3 ;
    %load/vec4 v000001b775d0be00_0;
    %cmpi/e 0, 0, 1;
    %jmp/0xz  T_10.4, 4;
    %load/vec4 v000001b775d67070_0;
    %store/vec4 v000001b775d0be00_0, 0, 1;
    %load/vec4 v000001b775d660d0_0;
    %store/vec4 v000001b775d0c260_0, 0, 32;
    %load/vec4 v000001b775d656d0_0;
    %store/vec4 v000001b775d0b7c0_0, 0, 32;
    %jmp T_10.5;
T_10.4 ;
    %load/vec4 v000001b775d0c760_0;
    %cmpi/e 0, 0, 1;
    %jmp/0xz  T_10.6, 4;
    %load/vec4 v000001b775d67070_0;
    %store/vec4 v000001b775d0c760_0, 0, 1;
    %load/vec4 v000001b775d660d0_0;
    %store/vec4 v000001b775d0b720_0, 0, 32;
    %load/vec4 v000001b775d656d0_0;
    %store/vec4 v000001b775d0c300_0, 0, 32;
    %jmp T_10.7;
T_10.6 ;
    %load/vec4 v000001b775d0cc60_0;
    %cmpi/e 0, 0, 1;
    %jmp/0xz  T_10.8, 4;
    %load/vec4 v000001b775d67070_0;
    %store/vec4 v000001b775d0cc60_0, 0, 1;
    %load/vec4 v000001b775d660d0_0;
    %store/vec4 v000001b775d0c8a0_0, 0, 32;
    %load/vec4 v000001b775d656d0_0;
    %store/vec4 v000001b775d0ca80_0, 0, 32;
    %jmp T_10.9;
T_10.8 ;
    %load/vec4 v000001b775d67070_0;
    %store/vec4 v000001b775d0bcc0_0, 0, 1;
T_10.9 ;
T_10.7 ;
T_10.5 ;
    %load/vec4 v000001b775d66b70_0;
    %flag_set/vec4 8;
    %jmp/1 T_10.12, 8;
    %load/vec4 v000001b775d67430_0;
    %flag_set/vec4 9;
    %flag_or 8, 9;
T_10.12;
    %jmp/0xz  T_10.10, 8;
    %pushi/vec4 0, 0, 1;
    %store/vec4 v000001b775d0be00_0, 0, 1;
    %pushi/vec4 4294967295, 4294967295, 32;
    %store/vec4 v000001b775d0c260_0, 0, 32;
    %pushi/vec4 4294967295, 4294967295, 32;
    %store/vec4 v000001b775d0b7c0_0, 0, 32;
    %pushi/vec4 0, 0, 1;
    %store/vec4 v000001b775d0c760_0, 0, 1;
    %pushi/vec4 4294967295, 4294967295, 32;
    %store/vec4 v000001b775d0b720_0, 0, 32;
    %pushi/vec4 4294967295, 4294967295, 32;
    %store/vec4 v000001b775d0c300_0, 0, 32;
    %pushi/vec4 0, 0, 1;
    %store/vec4 v000001b775d0cc60_0, 0, 1;
    %pushi/vec4 4294967295, 4294967295, 32;
    %store/vec4 v000001b775d0c8a0_0, 0, 32;
    %pushi/vec4 4294967295, 4294967295, 32;
    %store/vec4 v000001b775d0ca80_0, 0, 32;
T_10.10 ;
    %jmp T_10;
    .thread T_10, $push;
    .scope S_000001b775d646b0;
T_11 ;
    %wait E_000001b775ce6830;
    %load/vec4 v000001b775d0be00_0;
    %assign/vec4 v000001b775d65ef0_0, 0;
    %load/vec4 v000001b775d0c260_0;
    %assign/vec4 v000001b775d65950_0, 0;
    %load/vec4 v000001b775d0b7c0_0;
    %assign/vec4 v000001b775d65770_0, 0;
    %load/vec4 v000001b775d0c760_0;
    %assign/vec4 v000001b775d654f0_0, 0;
    %load/vec4 v000001b775d0b720_0;
    %assign/vec4 v000001b775d672f0_0, 0;
    %load/vec4 v000001b775d0c300_0;
    %assign/vec4 v000001b775d67570_0, 0;
    %load/vec4 v000001b775d0cc60_0;
    %assign/vec4 v000001b775d66f30_0, 0;
    %load/vec4 v000001b775d0c8a0_0;
    %assign/vec4 v000001b775d65310_0, 0;
    %load/vec4 v000001b775d0ca80_0;
    %assign/vec4 v000001b775d66c10_0, 0;
    %load/vec4 v000001b775d0bcc0_0;
    %assign/vec4 v000001b775d0b860_0, 0;
    %load/vec4 v000001b775d0bcc0_0;
    %flag_set/vec4 8;
    %jmp/0xz  T_11.0, 8;
    %vpi_call/w 14 117 "$display", "ERROR %t: Instruction FIFO overflow", $time {0 0 0};
T_11.0 ;
    %jmp T_11;
    .thread T_11;
    .scope S_000001b775d64520;
T_12 ;
Ewait_2 .event/or E_000001b775ce72f0, E_0x0;
    %wait Ewait_2;
    %pushi/vec4 0, 0, 1;
    %store/vec4 v000001b775d09ce0_0, 0, 1;
    %pushi/vec4 0, 0, 1;
    %store/vec4 v000001b775d0a640_0, 0, 1;
    %pushi/vec4 0, 0, 1;
    %store/vec4 v000001b775d0b5e0_0, 0, 1;
    %pushi/vec4 0, 0, 1;
    %store/vec4 v000001b775d0a780_0, 0, 1;
    %pushi/vec4 0, 0, 1;
    %store/vec4 v000001b775d092e0_0, 0, 1;
    %pushi/vec4 0, 0, 1;
    %store/vec4 v000001b775d09ec0_0, 0, 1;
    %pushi/vec4 0, 0, 1;
    %store/vec4 v000001b775d0a6e0_0, 0, 1;
    %pushi/vec4 0, 0, 1;
    %store/vec4 v000001b775d0a460_0, 0, 1;
    %pushi/vec4 7, 7, 3;
    %store/vec4 v000001b775d07df0_0, 0, 3;
    %pushi/vec4 7, 7, 3;
    %store/vec4 v000001b775d0b400_0, 0, 3;
    %pushi/vec4 7, 7, 3;
    %store/vec4 v000001b775d07e90_0, 0, 3;
    %pushi/vec4 7, 7, 3;
    %store/vec4 v000001b775d0a820_0, 0, 3;
    %pushi/vec4 0, 0, 1;
    %store/vec4 v000001b775d0a960_0, 0, 1;
    %pushi/vec4 4294967295, 4294967295, 32;
    %store/vec4 v000001b775d07fd0_0, 0, 32;
    %pushi/vec4 0, 0, 1;
    %store/vec4 v000001b775d09060_0, 0, 1;
    %pushi/vec4 0, 0, 1;
    %store/vec4 v000001b775d0abe0_0, 0, 1;
    %pushi/vec4 0, 0, 1;
    %store/vec4 v000001b775d0b220_0, 0, 1;
    %load/vec4 v000001b775d0b180_0;
    %flag_set/vec4 10;
    %flag_get/vec4 10;
    %jmp/0 T_12.3, 10;
    %load/vec4 v000001b775d09920_0;
    %nor/r;
    %and;
T_12.3;
    %flag_set/vec4 9;
    %flag_get/vec4 9;
    %jmp/0 T_12.2, 9;
    %load/vec4 v000001b775d0a3c0_0;
    %nor/r;
    %and;
T_12.2;
    %flag_set/vec4 8;
    %jmp/0xz  T_12.0, 8;
    %load/vec4 v000001b775d07c10_0;
    %dup/vec4;
    %pushi/vec4 16, 0, 6;
    %cmp/u;
    %jmp/1 T_12.4, 6;
    %dup/vec4;
    %pushi/vec4 17, 0, 6;
    %cmp/u;
    %jmp/1 T_12.5, 6;
    %dup/vec4;
    %pushi/vec4 23, 0, 6;
    %cmp/u;
    %jmp/1 T_12.6, 6;
    %dup/vec4;
    %pushi/vec4 24, 0, 6;
    %cmp/u;
    %jmp/1 T_12.7, 6;
    %dup/vec4;
    %pushi/vec4 20, 0, 6;
    %cmp/u;
    %jmp/1 T_12.8, 6;
    %dup/vec4;
    %pushi/vec4 18, 0, 6;
    %cmp/u;
    %jmp/1 T_12.9, 6;
    %dup/vec4;
    %pushi/vec4 19, 0, 6;
    %cmp/u;
    %jmp/1 T_12.10, 6;
    %dup/vec4;
    %pushi/vec4 21, 0, 6;
    %cmp/u;
    %jmp/1 T_12.11, 6;
    %dup/vec4;
    %pushi/vec4 22, 0, 6;
    %cmp/u;
    %jmp/1 T_12.12, 6;
    %dup/vec4;
    %pushi/vec4 25, 0, 6;
    %cmp/u;
    %jmp/1 T_12.13, 6;
    %dup/vec4;
    %pushi/vec4 26, 0, 6;
    %cmp/u;
    %jmp/1 T_12.14, 6;
    %dup/vec4;
    %pushi/vec4 27, 0, 6;
    %cmp/u;
    %jmp/1 T_12.15, 6;
    %jmp T_12.17;
T_12.4 ;
    %load/vec4 v000001b775d07710_0;
    %cmpi/e 3, 0, 3;
    %jmp/0xz  T_12.18, 4;
    %pushi/vec4 1, 0, 1;
    %store/vec4 v000001b775d0a640_0, 0, 1;
    %pushi/vec4 0, 0, 1;
    %load/vec4 v000001b775d07ad0_0;
    %parti/s 2, 0, 2;
    %concat/vec4; draw_concat_vec4
    %store/vec4 v000001b775d0b400_0, 0, 3;
    %pushi/vec4 1, 0, 1;
    %store/vec4 v000001b775d0abe0_0, 0, 1;
    %jmp T_12.19;
T_12.18 ;
    %pushi/vec4 1, 0, 1;
    %store/vec4 v000001b775d09ce0_0, 0, 1;
    %load/vec4 v000001b775d07710_0;
    %store/vec4 v000001b775d07df0_0, 0, 3;
T_12.19 ;
    %pushi/vec4 1, 0, 1;
    %store/vec4 v000001b775d09060_0, 0, 1;
    %jmp T_12.17;
T_12.5 ;
    %load/vec4 v000001b775d07710_0;
    %cmpi/e 3, 0, 3;
    %jmp/0xz  T_12.20, 4;
    %pushi/vec4 1, 0, 1;
    %store/vec4 v000001b775d0a640_0, 0, 1;
    %pushi/vec4 0, 0, 1;
    %load/vec4 v000001b775d07ad0_0;
    %parti/s 2, 0, 2;
    %concat/vec4; draw_concat_vec4
    %store/vec4 v000001b775d0b400_0, 0, 3;
    %pushi/vec4 1, 0, 1;
    %store/vec4 v000001b775d0abe0_0, 0, 1;
    %jmp T_12.21;
T_12.20 ;
    %pushi/vec4 1, 0, 1;
    %store/vec4 v000001b775d09ce0_0, 0, 1;
    %load/vec4 v000001b775d07710_0;
    %store/vec4 v000001b775d07df0_0, 0, 3;
T_12.21 ;
    %pushi/vec4 1, 0, 1;
    %store/vec4 v000001b775d0a960_0, 0, 1;
    %load/vec4 v000001b775d07ad0_0;
    %parti/s 1, 7, 4;
    %replicate 19;
    %load/vec4 v000001b775d07ad0_0;
    %concat/vec4; draw_concat_vec4
    %load/vec4 v000001b775d08cf0_0;
    %concat/vec4; draw_concat_vec4
    %store/vec4 v000001b775d07fd0_0, 0, 32;
    %pushi/vec4 1, 0, 1;
    %store/vec4 v000001b775d09060_0, 0, 1;
    %jmp T_12.17;
T_12.6 ;
    %pushi/vec4 1, 0, 1;
    %store/vec4 v000001b775d09ce0_0, 0, 1;
    %pushi/vec4 1, 0, 1;
    %store/vec4 v000001b775d0a960_0, 0, 1;
    %pushi/vec4 3, 0, 3;
    %store/vec4 v000001b775d07df0_0, 0, 3;
    %load/vec4 v000001b775d07ad0_0;
    %load/vec4 v000001b775d07710_0;
    %concat/vec4; draw_concat_vec4
    %load/vec4 v000001b775d08930_0;
    %concat/vec4; draw_concat_vec4
    %load/vec4 v000001b775d08cf0_0;
    %concat/vec4; draw_concat_vec4
    %concati/vec4 0, 0, 11;
    %store/vec4 v000001b775d07fd0_0, 0, 32;
    %pushi/vec4 1, 0, 1;
    %store/vec4 v000001b775d09060_0, 0, 1;
    %jmp T_12.17;
T_12.7 ;
    %pushi/vec4 1, 0, 1;
    %store/vec4 v000001b775d09ce0_0, 0, 1;
    %pushi/vec4 1, 0, 1;
    %store/vec4 v000001b775d0a960_0, 0, 1;
    %pushi/vec4 3, 0, 3;
    %store/vec4 v000001b775d07df0_0, 0, 3;
    %load/vec4 v000001b775d0a500_0;
    %load/vec4 v000001b775d07ad0_0;
    %parti/s 1, 7, 4;
    %replicate 9;
    %load/vec4 v000001b775d07ad0_0;
    %concat/vec4; draw_concat_vec4
    %load/vec4 v000001b775d07710_0;
    %concat/vec4; draw_concat_vec4
    %load/vec4 v000001b775d08930_0;
    %concat/vec4; draw_concat_vec4
    %load/vec4 v000001b775d08cf0_0;
    %concat/vec4; draw_concat_vec4
    %concati/vec4 0, 0, 2;
    %add;
    %store/vec4 v000001b775d07fd0_0, 0, 32;
    %pushi/vec4 1, 0, 1;
    %store/vec4 v000001b775d09060_0, 0, 1;
    %jmp T_12.17;
T_12.8 ;
    %pushi/vec4 1, 0, 1;
    %store/vec4 v000001b775d0b5e0_0, 0, 1;
    %load/vec4 v000001b775d07710_0;
    %store/vec4 v000001b775d07e90_0, 0, 3;
    %load/vec4 v000001b775d07ad0_0;
    %parti/s 1, 7, 4;
    %replicate 17;
    %load/vec4 v000001b775d07ad0_0;
    %concat/vec4; draw_concat_vec4
    %load/vec4 v000001b775d07670_0;
    %concat/vec4; draw_concat_vec4
    %concati/vec4 0, 0, 2;
    %store/vec4 v000001b775d07fd0_0, 0, 32;
    %jmp T_12.17;
T_12.9 ;
    %pushi/vec4 1, 0, 1;
    %store/vec4 v000001b775d0a780_0, 0, 1;
    %load/vec4 v000001b775d07cb0_0;
    %nor/r;
    %store/vec4 v000001b775d0b220_0, 0, 1;
    %load/vec4 v000001b775d07710_0;
    %store/vec4 v000001b775d0a820_0, 0, 3;
    %pushi/vec4 1, 0, 1;
    %store/vec4 v000001b775d0abe0_0, 0, 1;
    %load/vec4 v000001b775d07ad0_0;
    %parti/s 1, 7, 4;
    %replicate 19;
    %load/vec4 v000001b775d07ad0_0;
    %concat/vec4; draw_concat_vec4
    %load/vec4 v000001b775d08cf0_0;
    %concat/vec4; draw_concat_vec4
    %store/vec4 v000001b775d07fd0_0, 0, 32;
    %pushi/vec4 1, 0, 1;
    %store/vec4 v000001b775d09060_0, 0, 1;
    %jmp T_12.17;
T_12.10 ;
    %load/vec4 v000001b775d07cb0_0;
    %nor/r;
    %store/vec4 v000001b775d0b220_0, 0, 1;
    %pushi/vec4 1, 0, 1;
    %store/vec4 v000001b775d092e0_0, 0, 1;
    %load/vec4 v000001b775d07710_0;
    %store/vec4 v000001b775d0a820_0, 0, 3;
    %load/vec4 v000001b775d07ad0_0;
    %parti/s 1, 7, 4;
    %replicate 19;
    %load/vec4 v000001b775d07ad0_0;
    %concat/vec4; draw_concat_vec4
    %load/vec4 v000001b775d07670_0;
    %concat/vec4; draw_concat_vec4
    %store/vec4 v000001b775d07fd0_0, 0, 32;
    %jmp T_12.17;
T_12.11 ;
    %pushi/vec4 1, 0, 1;
    %store/vec4 v000001b775d0b5e0_0, 0, 1;
    %pushi/vec4 6, 0, 3;
    %store/vec4 v000001b775d07e90_0, 0, 3;
    %load/vec4 v000001b775d07ad0_0;
    %parti/s 1, 7, 4;
    %replicate 9;
    %load/vec4 v000001b775d07ad0_0;
    %concat/vec4; draw_concat_vec4
    %load/vec4 v000001b775d07710_0;
    %concat/vec4; draw_concat_vec4
    %load/vec4 v000001b775d08930_0;
    %concat/vec4; draw_concat_vec4
    %load/vec4 v000001b775d08cf0_0;
    %concat/vec4; draw_concat_vec4
    %concati/vec4 0, 0, 2;
    %store/vec4 v000001b775d07fd0_0, 0, 32;
    %pushi/vec4 1, 0, 1;
    %store/vec4 v000001b775d0a640_0, 0, 1;
    %pushi/vec4 4, 0, 3;
    %store/vec4 v000001b775d0b400_0, 0, 3;
    %pushi/vec4 1, 0, 1;
    %store/vec4 v000001b775d09060_0, 0, 1;
    %pushi/vec4 1, 0, 1;
    %store/vec4 v000001b775d0abe0_0, 0, 1;
    %jmp T_12.17;
T_12.12 ;
    %pushi/vec4 1, 0, 1;
    %store/vec4 v000001b775d0b5e0_0, 0, 1;
    %pushi/vec4 7, 0, 3;
    %store/vec4 v000001b775d07e90_0, 0, 3;
    %load/vec4 v000001b775d07ad0_0;
    %parti/s 1, 7, 4;
    %replicate 17;
    %load/vec4 v000001b775d07ad0_0;
    %concat/vec4; draw_concat_vec4
    %load/vec4 v000001b775d08cf0_0;
    %concat/vec4; draw_concat_vec4
    %concati/vec4 0, 0, 2;
    %store/vec4 v000001b775d07fd0_0, 0, 32;
    %pushi/vec4 1, 0, 1;
    %store/vec4 v000001b775d0a640_0, 0, 1;
    %pushi/vec4 4, 0, 3;
    %store/vec4 v000001b775d0b400_0, 0, 3;
    %pushi/vec4 1, 0, 1;
    %store/vec4 v000001b775d09060_0, 0, 1;
    %pushi/vec4 1, 0, 1;
    %store/vec4 v000001b775d0abe0_0, 0, 1;
    %jmp T_12.17;
T_12.13 ;
    %load/vec4 v000001b775d07710_0;
    %store/vec4 v000001b775d07df0_0, 0, 3;
    %pushi/vec4 1, 0, 1;
    %store/vec4 v000001b775d09060_0, 0, 1;
    %pushi/vec4 1, 0, 1;
    %store/vec4 v000001b775d0abe0_0, 0, 1;
    %load/vec4 v000001b775d07710_0;
    %parti/s 1, 2, 3;
    %cmpi/e 0, 0, 1;
    %jmp/0xz  T_12.22, 4;
    %pushi/vec4 1, 0, 1;
    %store/vec4 v000001b775d09ec0_0, 0, 1;
    %jmp T_12.23;
T_12.22 ;
    %load/vec4 v000001b775d08c50_0;
    %store/vec4 v000001b775d0a6e0_0, 0, 1;
    %load/vec4 v000001b775d08c50_0;
    %nor/r;
    %store/vec4 v000001b775d0b220_0, 0, 1;
T_12.23 ;
    %jmp T_12.17;
T_12.14 ;
    %load/vec4 v000001b775d07710_0;
    %store/vec4 v000001b775d07df0_0, 0, 3;
    %pushi/vec4 1, 0, 1;
    %store/vec4 v000001b775d0a960_0, 0, 1;
    %load/vec4 v000001b775d07ad0_0;
    %parti/s 1, 7, 4;
    %replicate 19;
    %load/vec4 v000001b775d07ad0_0;
    %concat/vec4; draw_concat_vec4
    %load/vec4 v000001b775d08cf0_0;
    %concat/vec4; draw_concat_vec4
    %store/vec4 v000001b775d07fd0_0, 0, 32;
    %pushi/vec4 1, 0, 1;
    %store/vec4 v000001b775d09060_0, 0, 1;
    %pushi/vec4 1, 0, 1;
    %store/vec4 v000001b775d0abe0_0, 0, 1;
    %load/vec4 v000001b775d07710_0;
    %parti/s 1, 2, 3;
    %cmpi/e 0, 0, 1;
    %jmp/0xz  T_12.24, 4;
    %pushi/vec4 1, 0, 1;
    %store/vec4 v000001b775d09ec0_0, 0, 1;
    %jmp T_12.25;
T_12.24 ;
    %load/vec4 v000001b775d08c50_0;
    %store/vec4 v000001b775d0a6e0_0, 0, 1;
    %load/vec4 v000001b775d08c50_0;
    %nor/r;
    %store/vec4 v000001b775d0b220_0, 0, 1;
T_12.25 ;
    %jmp T_12.17;
T_12.15 ;
    %pushi/vec4 1, 0, 1;
    %store/vec4 v000001b775d0a460_0, 0, 1;
    %load/vec4 v000001b775d07710_0;
    %store/vec4 v000001b775d07df0_0, 0, 3;
    %load/vec4 v000001b775d07710_0;
    %cmpi/e 0, 0, 3;
    %flag_get/vec4 4;
    %jmp/1 T_12.26, 4;
    %load/vec4 v000001b775d07710_0;
    %pushi/vec4 1, 0, 3;
    %cmp/e;
    %flag_get/vec4 4;
    %or;
T_12.26;
    %store/vec4 v000001b775d09060_0, 0, 1;
    %load/vec4 v000001b775d09060_0;
    %store/vec4 v000001b775d0abe0_0, 0, 1;
    %load/vec4 v000001b775d07ad0_0;
    %parti/s 1, 7, 4;
    %replicate 19;
    %load/vec4 v000001b775d07ad0_0;
    %concat/vec4; draw_concat_vec4
    %load/vec4 v000001b775d08cf0_0;
    %concat/vec4; draw_concat_vec4
    %store/vec4 v000001b775d07fd0_0, 0, 32;
    %pushi/vec4 1, 0, 1;
    %store/vec4 v000001b775d0a960_0, 0, 1;
    %jmp T_12.17;
T_12.17 ;
    %pop/vec4 1;
T_12.0 ;
    %load/vec4 v000001b775d09100_0;
    %store/vec4 v000001b775d07d50_0, 0, 32;
    %load/vec4 v000001b775d09c40_0;
    %flag_set/vec4 8;
    %jmp/0xz  T_12.27, 8;
    %pushi/vec4 0, 0, 1;
    %ix/getv 4, v000001b775d0b0e0_0;
    %store/vec4 v000001b775d07d50_0, 4, 1;
T_12.27 ;
    %load/vec4 v000001b775d09920_0;
    %flag_set/vec4 9;
    %flag_get/vec4 9;
    %jmp/0 T_12.31, 9;
    %load/vec4 v000001b775d0af00_0;
    %and;
T_12.31;
    %flag_set/vec4 8;
    %jmp/0xz  T_12.29, 8;
    %pushi/vec4 0, 0, 1;
    %ix/getv 4, v000001b775d0afa0_0;
    %store/vec4 v000001b775d07d50_0, 4, 1;
T_12.29 ;
    %pushi/vec4 0, 0, 1;
    %ix/load 4, 0, 0;
    %flag_set/imm 4, 0;
    %store/vec4 v000001b775d07d50_0, 4, 1;
    %load/vec4 v000001b775d09100_0;
    %load/vec4 v000001b775d08930_0;
    %part/u 1;
    %flag_set/vec4 8;
    %jmp/1 T_12.33, 8;
    %load/vec4 v000001b775d09100_0;
    %load/vec4 v000001b775d08cf0_0;
    %part/u 1;
    %flag_set/vec4 9;
    %flag_or 8, 9;
T_12.33;
    %flag_get/vec4 8;
    %jmp/1 T_12.32, 8;
    %load/vec4 v000001b775d09100_0;
    %load/vec4 v000001b775d07670_0;
    %part/u 1;
    %or;
T_12.32;
    %store/vec4 v000001b775d094c0_0, 0, 1;
    %load/vec4 v000001b775d094c0_0;
    %flag_set/vec4 8;
    %flag_get/vec4 8;
    %jmp/1 T_12.34, 8;
    %load/vec4 v000001b775d0b220_0;
    %or;
T_12.34;
    %store/vec4 v000001b775d08fc0_0, 0, 1;
    %load/vec4 v000001b775d08fc0_0;
    %flag_set/vec4 8;
    %jmp/0xz  T_12.35, 8;
    %pushi/vec4 0, 0, 1;
    %store/vec4 v000001b775d09ce0_0, 0, 1;
    %pushi/vec4 0, 0, 1;
    %store/vec4 v000001b775d0a640_0, 0, 1;
    %pushi/vec4 0, 0, 1;
    %store/vec4 v000001b775d0b5e0_0, 0, 1;
    %pushi/vec4 0, 0, 1;
    %store/vec4 v000001b775d0a780_0, 0, 1;
    %pushi/vec4 0, 0, 1;
    %store/vec4 v000001b775d092e0_0, 0, 1;
    %pushi/vec4 0, 0, 1;
    %store/vec4 v000001b775d09ec0_0, 0, 1;
    %pushi/vec4 0, 0, 1;
    %store/vec4 v000001b775d0a6e0_0, 0, 1;
    %pushi/vec4 0, 0, 1;
    %store/vec4 v000001b775d0a460_0, 0, 1;
    %pushi/vec4 0, 0, 1;
    %store/vec4 v000001b775d09060_0, 0, 1;
T_12.35 ;
    %load/vec4 v000001b775d09060_0;
    %flag_set/vec4 9;
    %flag_get/vec4 9;
    %jmp/0 T_12.39, 9;
    %load/vec4 v000001b775d0abe0_0;
    %and;
T_12.39;
    %flag_set/vec4 8;
    %jmp/0xz  T_12.37, 8;
    %pushi/vec4 1, 0, 1;
    %ix/getv 4, v000001b775d07670_0;
    %store/vec4 v000001b775d07d50_0, 4, 1;
T_12.37 ;
    %load/vec4 v000001b775d0a3c0_0;
    %flag_set/vec4 8;
    %jmp/0xz  T_12.40, 8;
    %pushi/vec4 0, 0, 32;
    %store/vec4 v000001b775d07d50_0, 0, 32;
T_12.40 ;
    %load/vec4 v000001b775d08fc0_0;
    %nor/r;
    %store/vec4 v000001b775d09f60_0, 0, 1;
    %jmp T_12;
    .thread T_12, $push;
    .scope S_000001b775d64520;
T_13 ;
    %wait E_000001b775ce6830;
    %load/vec4 v000001b775d07d50_0;
    %assign/vec4 v000001b775d09100_0, 0;
    %load/vec4 v000001b775d09ce0_0;
    %assign/vec4 v000001b775d0ab40_0, 0;
    %load/vec4 v000001b775d0a640_0;
    %assign/vec4 v000001b775d0a5a0_0, 0;
    %load/vec4 v000001b775d0b5e0_0;
    %assign/vec4 v000001b775d0b360_0, 0;
    %load/vec4 v000001b775d0a780_0;
    %assign/vec4 v000001b775d0adc0_0, 0;
    %load/vec4 v000001b775d092e0_0;
    %assign/vec4 v000001b775d0aa00_0, 0;
    %load/vec4 v000001b775d09ec0_0;
    %assign/vec4 v000001b775d0b4a0_0, 0;
    %load/vec4 v000001b775d0a6e0_0;
    %assign/vec4 v000001b775d096a0_0, 0;
    %load/vec4 v000001b775d0a460_0;
    %assign/vec4 v000001b775d0ac80_0, 0;
    %load/vec4 v000001b775d07df0_0;
    %assign/vec4 v000001b775d0b2c0_0, 0;
    %load/vec4 v000001b775d0b400_0;
    %assign/vec4 v000001b775d0b040_0, 0;
    %load/vec4 v000001b775d07e90_0;
    %assign/vec4 v000001b775d0a1e0_0, 0;
    %load/vec4 v000001b775d0a820_0;
    %assign/vec4 v000001b775d09600_0, 0;
    %load/vec4 v000001b775d0a500_0;
    %assign/vec4 v000001b775d09380_0, 0;
    %load/vec4 v000001b775d09380_0;
    %assign/vec4 v000001b775d0b540_0, 0;
    %load/vec4 v000001b775d07670_0;
    %assign/vec4 v000001b775d0afa0_0, 0;
    %load/vec4 v000001b775d07fd0_0;
    %assign/vec4 v000001b775d09d80_0, 0;
    %load/vec4 v000001b775d0abe0_0;
    %assign/vec4 v000001b775d0af00_0, 0;
    %load/vec4 v000001b775d08f20_0;
    %assign/vec4 v000001b775d0a320_0, 0;
    %jmp T_13;
    .thread T_13;
    .scope S_000001b775d64cf0;
T_14 ;
    %pushi/vec4 0, 0, 32;
    %ix/load 4, 0, 0;
    %flag_set/imm 4, 0;
    %store/vec4a v000001b775d67f70, 4, 0;
    %pushi/vec4 1, 0, 32;
    %store/vec4 v000001b775d68510_0, 0, 32;
T_14.0 ;
    %load/vec4 v000001b775d68510_0;
    %cmpi/s 30, 0, 32;
    %jmp/0xz T_14.1, 5;
    %pushi/vec4 3735931554, 0, 32;
    %ix/getv/s 4, v000001b775d68510_0;
    %store/vec4a v000001b775d67f70, 4, 0;
    %load/vec4 v000001b775d68510_0;
    %addi 1, 0, 32;
    %store/vec4 v000001b775d68510_0, 0, 32;
    %jmp T_14.0;
T_14.1 ;
    %pushi/vec4 0, 0, 32;
    %ix/load 4, 29, 0;
    %flag_set/imm 4, 0;
    %store/vec4a v000001b775d67f70, 4, 0;
    %pushi/vec4 0, 0, 32;
    %ix/load 4, 30, 0;
    %flag_set/imm 4, 0;
    %store/vec4a v000001b775d67f70, 4, 0;
    %end;
    .thread T_14;
    .scope S_000001b775d64cf0;
T_15 ;
    %wait E_000001b775ce6830;
    %load/vec4 v000001b775d67cf0_0;
    %flag_set/vec4 8;
    %jmp/0xz  T_15.0, 8;
    %load/vec4 v000001b775d68f10_0;
    %load/vec4 v000001b775d68a10_0;
    %pad/u 7;
    %ix/vec4 3;
    %ix/load 4, 0, 0; Constant delay
    %assign/vec4/a/d v000001b775d67f70, 0, 4;
T_15.0 ;
    %jmp T_15;
    .thread T_15;
    .scope S_000001b775d64200;
T_16 ;
    %pushi/vec4 0, 0, 32;
    %ix/load 4, 0, 0;
    %flag_set/imm 4, 0;
    %store/vec4a v000001b775d6e050, 4, 0;
    %pushi/vec4 1, 0, 32;
    %store/vec4 v000001b775d6e9b0_0, 0, 32;
T_16.0 ;
    %load/vec4 v000001b775d6e9b0_0;
    %cmpi/s 30, 0, 32;
    %jmp/0xz T_16.1, 5;
    %pushi/vec4 3735931554, 0, 32;
    %ix/getv/s 4, v000001b775d6e9b0_0;
    %store/vec4a v000001b775d6e050, 4, 0;
    %load/vec4 v000001b775d6e9b0_0;
    %addi 1, 0, 32;
    %store/vec4 v000001b775d6e9b0_0, 0, 32;
    %jmp T_16.0;
T_16.1 ;
    %pushi/vec4 0, 0, 32;
    %ix/load 4, 29, 0;
    %flag_set/imm 4, 0;
    %store/vec4a v000001b775d6e050, 4, 0;
    %pushi/vec4 0, 0, 32;
    %ix/load 4, 30, 0;
    %flag_set/imm 4, 0;
    %store/vec4a v000001b775d6e050, 4, 0;
    %end;
    .thread T_16;
    .scope S_000001b775d64200;
T_17 ;
    %wait E_000001b775ce6830;
    %load/vec4 v000001b775d6eff0_0;
    %flag_set/vec4 8;
    %jmp/0xz  T_17.0, 8;
    %load/vec4 v000001b775d6eaf0_0;
    %load/vec4 v000001b775d6f090_0;
    %pad/u 7;
    %ix/vec4 3;
    %ix/load 4, 0, 0; Constant delay
    %assign/vec4/a/d v000001b775d6e050, 0, 4;
T_17.0 ;
    %jmp T_17;
    .thread T_17;
    .scope S_000001b775d64b60;
T_18 ;
    %wait E_000001b775ce6830;
    %load/vec4 v000001b775d6d790_0;
    %flag_set/vec4 10;
    %flag_get/vec4 10;
    %jmp/0 T_18.3, 10;
    %load/vec4 v000001b775d6ea50_0;
    %load/vec4 v000001b775d6f810_0;
    %cmp/e;
    %flag_get/vec4 4;
    %and;
T_18.3;
    %flag_set/vec4 9;
    %flag_get/vec4 9;
    %jmp/0 T_18.2, 9;
    %load/vec4 v000001b775d6f810_0;
    %pushi/vec4 0, 0, 5;
    %cmp/ne;
    %flag_get/vec4 4;
    %and;
T_18.2;
    %flag_set/vec4 8;
    %jmp/0xz  T_18.0, 8;
    %load/vec4 v000001b775d6de70_0;
    %assign/vec4 v000001b775d6eb90_0, 0;
    %jmp T_18.1;
T_18.0 ;
    %load/vec4 v000001b775d6d5b0_0;
    %flag_set/vec4 10;
    %flag_get/vec4 10;
    %jmp/0 T_18.7, 10;
    %load/vec4 v000001b775d6d0b0_0;
    %load/vec4 v000001b775d6f810_0;
    %cmp/e;
    %flag_get/vec4 4;
    %and;
T_18.7;
    %flag_set/vec4 9;
    %flag_get/vec4 9;
    %jmp/0 T_18.6, 9;
    %load/vec4 v000001b775d6f810_0;
    %pushi/vec4 0, 0, 5;
    %cmp/ne;
    %flag_get/vec4 4;
    %and;
T_18.6;
    %flag_set/vec4 8;
    %jmp/0xz  T_18.4, 8;
    %load/vec4 v000001b775d6ed70_0;
    %assign/vec4 v000001b775d6eb90_0, 0;
    %jmp T_18.5;
T_18.4 ;
    %load/vec4 v000001b775d6dd30_0;
    %assign/vec4 v000001b775d6eb90_0, 0;
T_18.5 ;
T_18.1 ;
    %load/vec4 v000001b775d6e0f0_0;
    %flag_set/vec4 8;
    %jmp/0xz  T_18.8, 8;
    %load/vec4 v000001b775d6d510_0;
    %assign/vec4 v000001b775d6f590_0, 0;
    %jmp T_18.9;
T_18.8 ;
    %load/vec4 v000001b775d6d790_0;
    %flag_set/vec4 10;
    %flag_get/vec4 10;
    %jmp/0 T_18.13, 10;
    %load/vec4 v000001b775d6ea50_0;
    %load/vec4 v000001b775d6f1d0_0;
    %cmp/e;
    %flag_get/vec4 4;
    %and;
T_18.13;
    %flag_set/vec4 9;
    %flag_get/vec4 9;
    %jmp/0 T_18.12, 9;
    %load/vec4 v000001b775d6f1d0_0;
    %pushi/vec4 0, 0, 5;
    %cmp/ne;
    %flag_get/vec4 4;
    %and;
T_18.12;
    %flag_set/vec4 8;
    %jmp/0xz  T_18.10, 8;
    %load/vec4 v000001b775d6de70_0;
    %assign/vec4 v000001b775d6f590_0, 0;
    %jmp T_18.11;
T_18.10 ;
    %load/vec4 v000001b775d6d5b0_0;
    %flag_set/vec4 10;
    %flag_get/vec4 10;
    %jmp/0 T_18.17, 10;
    %load/vec4 v000001b775d6d0b0_0;
    %load/vec4 v000001b775d6f1d0_0;
    %cmp/e;
    %flag_get/vec4 4;
    %and;
T_18.17;
    %flag_set/vec4 9;
    %flag_get/vec4 9;
    %jmp/0 T_18.16, 9;
    %load/vec4 v000001b775d6f1d0_0;
    %pushi/vec4 0, 0, 5;
    %cmp/ne;
    %flag_get/vec4 4;
    %and;
T_18.16;
    %flag_set/vec4 8;
    %jmp/0xz  T_18.14, 8;
    %load/vec4 v000001b775d6ed70_0;
    %assign/vec4 v000001b775d6f590_0, 0;
    %jmp T_18.15;
T_18.14 ;
    %load/vec4 v000001b775d6f770_0;
    %assign/vec4 v000001b775d6f590_0, 0;
T_18.15 ;
T_18.11 ;
T_18.9 ;
    %jmp T_18;
    .thread T_18;
    .scope S_000001b775d64b60;
T_19 ;
    %vpi_func 18 76 "$fopen" 32, "rtl_reg.log", "w" {0 0 0};
    %store/vec4 v000001b775d6ecd0_0, 0, 32;
    %load/vec4 v000001b775d6ecd0_0;
    %cmpi/e 0, 0, 32;
    %jmp/0xz  T_19.0, 4;
    %vpi_call/w 18 78 "$display", "Error: Could not open regfile.log for writing" {0 0 0};
    %vpi_call/w 18 79 "$finish" {0 0 0};
T_19.0 ;
    %end;
    .thread T_19;
    .scope S_000001b775d64b60;
T_20 ;
    %wait E_000001b775ce6830;
    %load/vec4 v000001b775d6d8d0_0;
    %flag_set/vec4 8;
    %jmp/0xz  T_20.0, 8;
    %vpi_call/w 18 85 "$fwrite", v000001b775d6ecd0_0, "$%d = %08x\012", v000001b775d6d0b0_0, v000001b775d6ed70_0 {0 0 0};
T_20.0 ;
    %jmp T_20;
    .thread T_20;
    .scope S_000001b775d64b60;
T_21 ;
    %wait E_000001b775ce6830;
    %load/vec4 v000001b775d6d8d0_0;
    %flag_set/vec4 8;
    %jmp/0xz  T_21.0, 8;
    %load/vec4 v000001b775d6d0b0_0;
    %dup/vec4;
    %pushi/vec4 0, 0, 5;
    %cmp/u;
    %jmp/1 T_21.2, 6;
    %dup/vec4;
    %pushi/vec4 1, 0, 5;
    %cmp/u;
    %jmp/1 T_21.3, 6;
    %dup/vec4;
    %pushi/vec4 2, 0, 5;
    %cmp/u;
    %jmp/1 T_21.4, 6;
    %dup/vec4;
    %pushi/vec4 3, 0, 5;
    %cmp/u;
    %jmp/1 T_21.5, 6;
    %dup/vec4;
    %pushi/vec4 4, 0, 5;
    %cmp/u;
    %jmp/1 T_21.6, 6;
    %dup/vec4;
    %pushi/vec4 5, 0, 5;
    %cmp/u;
    %jmp/1 T_21.7, 6;
    %dup/vec4;
    %pushi/vec4 6, 0, 5;
    %cmp/u;
    %jmp/1 T_21.8, 6;
    %dup/vec4;
    %pushi/vec4 7, 0, 5;
    %cmp/u;
    %jmp/1 T_21.9, 6;
    %dup/vec4;
    %pushi/vec4 8, 0, 5;
    %cmp/u;
    %jmp/1 T_21.10, 6;
    %dup/vec4;
    %pushi/vec4 9, 0, 5;
    %cmp/u;
    %jmp/1 T_21.11, 6;
    %dup/vec4;
    %pushi/vec4 10, 0, 5;
    %cmp/u;
    %jmp/1 T_21.12, 6;
    %dup/vec4;
    %pushi/vec4 11, 0, 5;
    %cmp/u;
    %jmp/1 T_21.13, 6;
    %dup/vec4;
    %pushi/vec4 12, 0, 5;
    %cmp/u;
    %jmp/1 T_21.14, 6;
    %dup/vec4;
    %pushi/vec4 13, 0, 5;
    %cmp/u;
    %jmp/1 T_21.15, 6;
    %dup/vec4;
    %pushi/vec4 14, 0, 5;
    %cmp/u;
    %jmp/1 T_21.16, 6;
    %dup/vec4;
    %pushi/vec4 15, 0, 5;
    %cmp/u;
    %jmp/1 T_21.17, 6;
    %dup/vec4;
    %pushi/vec4 16, 0, 5;
    %cmp/u;
    %jmp/1 T_21.18, 6;
    %dup/vec4;
    %pushi/vec4 17, 0, 5;
    %cmp/u;
    %jmp/1 T_21.19, 6;
    %dup/vec4;
    %pushi/vec4 18, 0, 5;
    %cmp/u;
    %jmp/1 T_21.20, 6;
    %dup/vec4;
    %pushi/vec4 19, 0, 5;
    %cmp/u;
    %jmp/1 T_21.21, 6;
    %dup/vec4;
    %pushi/vec4 20, 0, 5;
    %cmp/u;
    %jmp/1 T_21.22, 6;
    %dup/vec4;
    %pushi/vec4 21, 0, 5;
    %cmp/u;
    %jmp/1 T_21.23, 6;
    %dup/vec4;
    %pushi/vec4 22, 0, 5;
    %cmp/u;
    %jmp/1 T_21.24, 6;
    %dup/vec4;
    %pushi/vec4 23, 0, 5;
    %cmp/u;
    %jmp/1 T_21.25, 6;
    %dup/vec4;
    %pushi/vec4 24, 0, 5;
    %cmp/u;
    %jmp/1 T_21.26, 6;
    %dup/vec4;
    %pushi/vec4 25, 0, 5;
    %cmp/u;
    %jmp/1 T_21.27, 6;
    %dup/vec4;
    %pushi/vec4 26, 0, 5;
    %cmp/u;
    %jmp/1 T_21.28, 6;
    %dup/vec4;
    %pushi/vec4 27, 0, 5;
    %cmp/u;
    %jmp/1 T_21.29, 6;
    %dup/vec4;
    %pushi/vec4 28, 0, 5;
    %cmp/u;
    %jmp/1 T_21.30, 6;
    %dup/vec4;
    %pushi/vec4 29, 0, 5;
    %cmp/u;
    %jmp/1 T_21.31, 6;
    %dup/vec4;
    %pushi/vec4 30, 0, 5;
    %cmp/u;
    %jmp/1 T_21.32, 6;
    %dup/vec4;
    %pushi/vec4 31, 0, 5;
    %cmp/u;
    %jmp/1 T_21.33, 6;
    %jmp T_21.34;
T_21.2 ;
    %jmp T_21.34;
T_21.3 ;
    %load/vec4 v000001b775d6ed70_0;
    %assign/vec4 v000001b775d6d290_0, 0;
    %jmp T_21.34;
T_21.4 ;
    %load/vec4 v000001b775d6ed70_0;
    %assign/vec4 v000001b775d6e410_0, 0;
    %jmp T_21.34;
T_21.5 ;
    %load/vec4 v000001b775d6ed70_0;
    %assign/vec4 v000001b775d6e550_0, 0;
    %jmp T_21.34;
T_21.6 ;
    %load/vec4 v000001b775d6ed70_0;
    %assign/vec4 v000001b775d6eeb0_0, 0;
    %jmp T_21.34;
T_21.7 ;
    %load/vec4 v000001b775d6ed70_0;
    %assign/vec4 v000001b775d6e7d0_0, 0;
    %jmp T_21.34;
T_21.8 ;
    %load/vec4 v000001b775d6ed70_0;
    %assign/vec4 v000001b775d6f4f0_0, 0;
    %jmp T_21.34;
T_21.9 ;
    %load/vec4 v000001b775d6ed70_0;
    %assign/vec4 v000001b775d6f630_0, 0;
    %jmp T_21.34;
T_21.10 ;
    %load/vec4 v000001b775d6ed70_0;
    %assign/vec4 v000001b775d6d470_0, 0;
    %jmp T_21.34;
T_21.11 ;
    %load/vec4 v000001b775d6ed70_0;
    %assign/vec4 v000001b775d6d830_0, 0;
    %jmp T_21.34;
T_21.12 ;
    %load/vec4 v000001b775d6ed70_0;
    %assign/vec4 v000001b775d6d150_0, 0;
    %jmp T_21.34;
T_21.13 ;
    %load/vec4 v000001b775d6ed70_0;
    %assign/vec4 v000001b775d6d650_0, 0;
    %jmp T_21.34;
T_21.14 ;
    %load/vec4 v000001b775d6ed70_0;
    %assign/vec4 v000001b775d6ddd0_0, 0;
    %jmp T_21.34;
T_21.15 ;
    %load/vec4 v000001b775d6ed70_0;
    %assign/vec4 v000001b775d6e730_0, 0;
    %jmp T_21.34;
T_21.16 ;
    %load/vec4 v000001b775d6ed70_0;
    %assign/vec4 v000001b775d6ec30_0, 0;
    %jmp T_21.34;
T_21.17 ;
    %load/vec4 v000001b775d6ed70_0;
    %assign/vec4 v000001b775d6e190_0, 0;
    %jmp T_21.34;
T_21.18 ;
    %load/vec4 v000001b775d6ed70_0;
    %assign/vec4 v000001b775d6f3b0_0, 0;
    %jmp T_21.34;
T_21.19 ;
    %load/vec4 v000001b775d6ed70_0;
    %assign/vec4 v000001b775d6dab0_0, 0;
    %jmp T_21.34;
T_21.20 ;
    %load/vec4 v000001b775d6ed70_0;
    %assign/vec4 v000001b775d6db50_0, 0;
    %jmp T_21.34;
T_21.21 ;
    %load/vec4 v000001b775d6ed70_0;
    %assign/vec4 v000001b775d6e230_0, 0;
    %jmp T_21.34;
T_21.22 ;
    %load/vec4 v000001b775d6ed70_0;
    %assign/vec4 v000001b775d6e2d0_0, 0;
    %jmp T_21.34;
T_21.23 ;
    %load/vec4 v000001b775d6ed70_0;
    %assign/vec4 v000001b775d6f450_0, 0;
    %jmp T_21.34;
T_21.24 ;
    %load/vec4 v000001b775d6ed70_0;
    %assign/vec4 v000001b775d6df10_0, 0;
    %jmp T_21.34;
T_21.25 ;
    %load/vec4 v000001b775d6ed70_0;
    %assign/vec4 v000001b775d6d1f0_0, 0;
    %jmp T_21.34;
T_21.26 ;
    %load/vec4 v000001b775d6ed70_0;
    %assign/vec4 v000001b775d6ee10_0, 0;
    %jmp T_21.34;
T_21.27 ;
    %load/vec4 v000001b775d6ed70_0;
    %assign/vec4 v000001b775d6d3d0_0, 0;
    %jmp T_21.34;
T_21.28 ;
    %load/vec4 v000001b775d6ed70_0;
    %assign/vec4 v000001b775d6f270_0, 0;
    %jmp T_21.34;
T_21.29 ;
    %load/vec4 v000001b775d6ed70_0;
    %assign/vec4 v000001b775d6e370_0, 0;
    %jmp T_21.34;
T_21.30 ;
    %load/vec4 v000001b775d6ed70_0;
    %assign/vec4 v000001b775d6ef50_0, 0;
    %jmp T_21.34;
T_21.31 ;
    %load/vec4 v000001b775d6ed70_0;
    %assign/vec4 v000001b775d6e4b0_0, 0;
    %jmp T_21.34;
T_21.32 ;
    %load/vec4 v000001b775d6ed70_0;
    %assign/vec4 v000001b775d6e910_0, 0;
    %jmp T_21.34;
T_21.33 ;
    %load/vec4 v000001b775d6ed70_0;
    %assign/vec4 v000001b775d6e690_0, 0;
    %jmp T_21.34;
T_21.34 ;
    %pop/vec4 1;
T_21.0 ;
    %jmp T_21;
    .thread T_21;
    .scope S_000001b775cb6ea0;
T_22 ;
Ewait_3 .event/or E_000001b775ce6fb0, E_0x0;
    %wait Ewait_3;
    %pushi/vec4 4294967295, 4294967295, 32;
    %store/vec4 v000001b7757c4050_0, 0, 32;
    %load/vec4 v000001b7757c36f0_0;
    %flag_set/vec4 8;
    %jmp/0xz  T_22.0, 8;
    %load/vec4 v000001b7757c44b0_0;
    %dup/vec4;
    %pushi/vec4 0, 0, 3;
    %cmp/u;
    %jmp/1 T_22.2, 6;
    %dup/vec4;
    %pushi/vec4 1, 0, 3;
    %cmp/u;
    %jmp/1 T_22.3, 6;
    %dup/vec4;
    %pushi/vec4 2, 0, 3;
    %cmp/u;
    %jmp/1 T_22.4, 6;
    %dup/vec4;
    %pushi/vec4 3, 0, 3;
    %cmp/u;
    %jmp/1 T_22.5, 6;
    %dup/vec4;
    %pushi/vec4 4, 0, 3;
    %cmp/u;
    %jmp/1 T_22.6, 6;
    %dup/vec4;
    %pushi/vec4 5, 0, 3;
    %cmp/u;
    %jmp/1 T_22.7, 6;
    %dup/vec4;
    %pushi/vec4 6, 0, 3;
    %cmp/u;
    %jmp/1 T_22.8, 6;
    %dup/vec4;
    %pushi/vec4 7, 0, 3;
    %cmp/u;
    %jmp/1 T_22.9, 6;
    %pushi/vec4 4294967295, 4294967295, 32;
    %store/vec4 v000001b7757c4050_0, 0, 32;
    %jmp T_22.11;
T_22.2 ;
    %load/vec4 v000001b7757c40f0_0;
    %load/vec4 v000001b7757c3510_0;
    %and;
    %store/vec4 v000001b7757c4050_0, 0, 32;
    %jmp T_22.11;
T_22.3 ;
    %load/vec4 v000001b7757c40f0_0;
    %load/vec4 v000001b7757c3510_0;
    %or;
    %store/vec4 v000001b7757c4050_0, 0, 32;
    %jmp T_22.11;
T_22.4 ;
    %load/vec4 v000001b7757c40f0_0;
    %load/vec4 v000001b7757c3510_0;
    %xor;
    %store/vec4 v000001b7757c4050_0, 0, 32;
    %jmp T_22.11;
T_22.5 ;
    %load/vec4 v000001b7757c3510_0;
    %store/vec4 v000001b7757c4050_0, 0, 32;
    %jmp T_22.11;
T_22.6 ;
    %load/vec4 v000001b7757c40f0_0;
    %load/vec4 v000001b7757c3510_0;
    %add;
    %store/vec4 v000001b7757c4050_0, 0, 32;
    %jmp T_22.11;
T_22.7 ;
    %load/vec4 v000001b7757c40f0_0;
    %load/vec4 v000001b7757c3510_0;
    %sub;
    %store/vec4 v000001b7757c4050_0, 0, 32;
    %jmp T_22.11;
T_22.8 ;
    %load/vec4 v000001b7757c3290_0;
    %load/vec4 v000001b7757c33d0_0;
    %cmp/s;
    %flag_mov 8, 5;
    %jmp/0 T_22.12, 8;
    %pushi/vec4 1, 0, 32;
    %jmp/1 T_22.13, 8;
T_22.12 ; End of true expr.
    %pushi/vec4 0, 0, 32;
    %jmp/0 T_22.13, 8;
 ; End of false expr.
    %blend;
T_22.13;
    %store/vec4 v000001b7757c4050_0, 0, 32;
    %jmp T_22.11;
T_22.9 ;
    %load/vec4 v000001b7757c40f0_0;
    %load/vec4 v000001b7757c3510_0;
    %cmp/u;
    %flag_mov 8, 5;
    %jmp/0 T_22.14, 8;
    %pushi/vec4 1, 0, 32;
    %jmp/1 T_22.15, 8;
T_22.14 ; End of true expr.
    %pushi/vec4 0, 0, 32;
    %jmp/0 T_22.15, 8;
 ; End of false expr.
    %blend;
T_22.15;
    %store/vec4 v000001b7757c4050_0, 0, 32;
    %jmp T_22.11;
T_22.11 ;
    %pop/vec4 1;
T_22.0 ;
    %jmp T_22;
    .thread T_22, $push;
    .scope S_000001b775cb6ea0;
T_23 ;
Ewait_4 .event/or E_000001b775ce7230, E_0x0;
    %wait Ewait_4;
    %pushi/vec4 4294967295, 4294967295, 32;
    %store/vec4 v000001b7757c3dd0_0, 0, 32;
    %load/vec4 v000001b7757c3650_0;
    %flag_set/vec4 8;
    %jmp/0xz  T_23.0, 8;
    %load/vec4 v000001b7757c3790_0;
    %dup/vec4;
    %pushi/vec4 0, 0, 3;
    %cmp/u;
    %jmp/1 T_23.2, 6;
    %dup/vec4;
    %pushi/vec4 2, 0, 3;
    %cmp/u;
    %jmp/1 T_23.3, 6;
    %dup/vec4;
    %pushi/vec4 3, 0, 3;
    %cmp/u;
    %jmp/1 T_23.4, 6;
    %dup/vec4;
    %pushi/vec4 4, 0, 3;
    %cmp/u;
    %jmp/1 T_23.5, 6;
    %pushi/vec4 4294967295, 4294967295, 32;
    %store/vec4 v000001b7757c3dd0_0, 0, 32;
    %jmp T_23.7;
T_23.2 ;
    %load/vec4 v000001b7757c40f0_0;
    %load/vec4 v000001b7757c3510_0;
    %parti/s 5, 0, 2;
    %ix/vec4 4;
    %shiftl 4;
    %store/vec4 v000001b7757c3dd0_0, 0, 32;
    %jmp T_23.7;
T_23.3 ;
    %load/vec4 v000001b7757c40f0_0;
    %load/vec4 v000001b7757c3510_0;
    %parti/s 5, 0, 2;
    %ix/vec4 4;
    %shiftr 4;
    %store/vec4 v000001b7757c3dd0_0, 0, 32;
    %jmp T_23.7;
T_23.4 ;
    %load/vec4 v000001b7757c3290_0;
    %load/vec4 v000001b7757c3510_0;
    %parti/s 5, 0, 2;
    %ix/vec4 4;
    %shiftr/s 4;
    %store/vec4 v000001b7757c3dd0_0, 0, 32;
    %jmp T_23.7;
T_23.5 ;
    %load/vec4 v000001b7757c3b50_0;
    %addi 4, 0, 32;
    %store/vec4 v000001b7757c3dd0_0, 0, 32;
    %jmp T_23.7;
T_23.7 ;
    %pop/vec4 1;
T_23.0 ;
    %jmp T_23;
    .thread T_23, $push;
    .scope S_000001b775cb6ea0;
T_24 ;
    %wait E_000001b775ce6830;
    %pushi/vec4 0, 0, 1;
    %assign/vec4 v000001b7757c3150_0, 0;
    %pushi/vec4 0, 0, 1;
    %assign/vec4 v000001b7757c30b0_0, 0;
    %pushi/vec4 4294967295, 4294967295, 32;
    %concati/vec4 4294967295, 4294967295, 32;
    %assign/vec4 v000001b7757c3bf0_0, 0;
    %pushi/vec4 4294967295, 4294967295, 32;
    %assign/vec4 v000001b7757c31f0_0, 0;
    %load/vec4 v000001b7757c4190_0;
    %flag_set/vec4 8;
    %jmp/0xz  T_24.0, 8;
    %load/vec4 v000001b7757c40f0_0;
    %pad/u 64;
    %load/vec4 v000001b7757c3510_0;
    %pad/u 64;
    %mul;
    %assign/vec4 v000001b7757c3bf0_0, 0;
    %load/vec4 v000001b7757c44b0_0;
    %dup/vec4;
    %pushi/vec4 0, 0, 3;
    %cmp/u;
    %jmp/1 T_24.2, 6;
    %dup/vec4;
    %pushi/vec4 1, 0, 3;
    %cmp/u;
    %jmp/1 T_24.3, 6;
    %dup/vec4;
    %pushi/vec4 2, 0, 3;
    %cmp/u;
    %jmp/1 T_24.4, 6;
    %dup/vec4;
    %pushi/vec4 3, 0, 3;
    %cmp/u;
    %jmp/1 T_24.5, 6;
    %jmp T_24.7;
T_24.2 ;
    %pushi/vec4 1, 0, 1;
    %assign/vec4 v000001b7757c30b0_0, 0;
    %jmp T_24.7;
T_24.3 ;
    %pushi/vec4 1, 0, 1;
    %assign/vec4 v000001b7757c3150_0, 0;
    %pushi/vec4 0, 0, 32;
    %assign/vec4 v000001b7757c31f0_0, 0;
    %jmp T_24.7;
T_24.4 ;
    %pushi/vec4 1, 0, 1;
    %assign/vec4 v000001b7757c3150_0, 0;
    %load/vec4 v000001b7757c40f0_0;
    %parti/s 1, 31, 6;
    %flag_set/vec4 8;
    %jmp/0 T_24.8, 8;
    %load/vec4 v000001b7757c3510_0;
    %jmp/1 T_24.9, 8;
T_24.8 ; End of true expr.
    %pushi/vec4 0, 0, 32;
    %jmp/0 T_24.9, 8;
 ; End of false expr.
    %blend;
T_24.9;
    %load/vec4 v000001b7757c3510_0;
    %parti/s 1, 31, 6;
    %flag_set/vec4 8;
    %jmp/0 T_24.10, 8;
    %load/vec4 v000001b7757c40f0_0;
    %jmp/1 T_24.11, 8;
T_24.10 ; End of true expr.
    %pushi/vec4 0, 0, 32;
    %jmp/0 T_24.11, 8;
 ; End of false expr.
    %blend;
T_24.11;
    %add;
    %assign/vec4 v000001b7757c31f0_0, 0;
    %jmp T_24.7;
T_24.5 ;
    %pushi/vec4 1, 0, 1;
    %assign/vec4 v000001b7757c3150_0, 0;
    %load/vec4 v000001b7757c40f0_0;
    %parti/s 1, 31, 6;
    %flag_set/vec4 8;
    %jmp/0 T_24.12, 8;
    %load/vec4 v000001b7757c3510_0;
    %jmp/1 T_24.13, 8;
T_24.12 ; End of true expr.
    %pushi/vec4 0, 0, 32;
    %jmp/0 T_24.13, 8;
 ; End of false expr.
    %blend;
T_24.13;
    %assign/vec4 v000001b7757c31f0_0, 0;
    %jmp T_24.7;
T_24.7 ;
    %pop/vec4 1;
T_24.0 ;
    %jmp T_24;
    .thread T_24;
    .scope S_000001b775cb6ea0;
T_25 ;
    %wait E_000001b775ce6830;
    %load/vec4 v000001b7757c4190_0;
    %assign/vec4 v000001b7757c3470_0, 0;
    %load/vec4 v000001b7757c2e30_0;
    %assign/vec4 v000001b7757c3fb0_0, 0;
    %load/vec4 v000001b7757c36f0_0;
    %flag_set/vec4 8;
    %flag_get/vec4 8;
    %jmp/1 T_25.0, 8;
    %load/vec4 v000001b7757c3650_0;
    %or;
T_25.0;
    %assign/vec4 v000001b7757c3970_0, 0;
    %load/vec4 v000001b7757c2e30_0;
    %assign/vec4 v000001b7757c2f70_0, 0;
    %load/vec4 v000001b7757c36f0_0;
    %flag_set/vec4 8;
    %jmp/0xz  T_25.1, 8;
    %load/vec4 v000001b7757c4050_0;
    %assign/vec4 v000001b7757c3010_0, 0;
    %jmp T_25.2;
T_25.1 ;
    %load/vec4 v000001b7757c3650_0;
    %flag_set/vec4 8;
    %jmp/0xz  T_25.3, 8;
    %load/vec4 v000001b7757c3dd0_0;
    %assign/vec4 v000001b7757c3010_0, 0;
    %jmp T_25.4;
T_25.3 ;
    %pushi/vec4 4294967295, 4294967295, 32;
    %assign/vec4 v000001b7757c3010_0, 0;
T_25.4 ;
T_25.2 ;
    %jmp T_25;
    .thread T_25;
    .scope S_000001b775cb6ea0;
T_26 ;
Ewait_5 .event/or E_000001b775ce6af0, E_0x0;
    %wait Ewait_5;
    %load/vec4 v000001b7757c3150_0;
    %flag_set/vec4 8;
    %jmp/0xz  T_26.0, 8;
    %load/vec4 v000001b7757c3bf0_0;
    %parti/s 32, 32, 7;
    %load/vec4 v000001b7757c31f0_0;
    %sub;
    %store/vec4 v000001b7757c3ab0_0, 0, 32;
    %jmp T_26.1;
T_26.0 ;
    %load/vec4 v000001b7757c30b0_0;
    %flag_set/vec4 8;
    %jmp/0xz  T_26.2, 8;
    %load/vec4 v000001b7757c3bf0_0;
    %parti/s 32, 0, 2;
    %store/vec4 v000001b7757c3ab0_0, 0, 32;
    %jmp T_26.3;
T_26.2 ;
    %pushi/vec4 4294967295, 4294967295, 32;
    %store/vec4 v000001b7757c3ab0_0, 0, 32;
T_26.3 ;
T_26.1 ;
    %jmp T_26;
    .thread T_26, $push;
    .scope S_000001b775d64390;
T_27 ;
Ewait_6 .event/or E_000001b775ce6bb0, E_0x0;
    %wait Ewait_6;
    %load/vec4 v000001b775d0bb80_0;
    %store/vec4 v000001b775d0c4e0_0, 0, 32;
    %load/vec4 v000001b775d097e0_0;
    %store/vec4 v000001b775d0cb20_0, 0, 32;
    %load/vec4 v000001b775d09880_0;
    %store/vec4 v000001b775d0ba40_0, 0, 34;
    %load/vec4 v000001b775d0c580_0;
    %store/vec4 v000001b775d0c440_0, 0, 32;
    %load/vec4 v000001b775d0b9a0_0;
    %store/vec4 v000001b775d0c800_0, 0, 32;
    %load/vec4 v000001b775d0a0a0_0;
    %store/vec4 v000001b775d0c080_0, 0, 5;
    %load/vec4 v000001b775d09740_0;
    %store/vec4 v000001b775d0cd00_0, 0, 1;
    %load/vec4 v000001b775d09e20_0;
    %store/vec4 v000001b775d0c9e0_0, 0, 1;
    %load/vec4 v000001b775d0c6c0_0;
    %store/vec4 v000001b775d0c620_0, 0, 1;
    %pushi/vec4 0, 0, 1;
    %store/vec4 v000001b775d0c120_0, 0, 1;
    %load/vec4 v000001b775d09a60_0;
    %store/vec4 v000001b775d0c940_0, 0, 5;
    %pushi/vec4 4294967295, 4294967295, 32;
    %store/vec4 v000001b775d09b00_0, 0, 32;
    %pushi/vec4 4294967295, 4294967295, 32;
    %concati/vec4 3, 3, 2;
    %store/vec4 v000001b775d0bf40_0, 0, 34;
    %pushi/vec4 4294967295, 4294967295, 32;
    %concati/vec4 3, 3, 2;
    %store/vec4 v000001b775d0bc20_0, 0, 34;
    %pushi/vec4 4294967295, 4294967295, 32;
    %concati/vec4 3, 3, 2;
    %store/vec4 v000001b775d0bfe0_0, 0, 34;
    %pushi/vec4 4294967295, 4294967295, 32;
    %concati/vec4 3, 3, 2;
    %store/vec4 v000001b775d0c3a0_0, 0, 34;
    %load/vec4 v000001b775d0cbc0_0;
    %flag_set/vec4 8;
    %jmp/0xz  T_27.0, 8;
    %pushi/vec4 1, 0, 1;
    %store/vec4 v000001b775d0cd00_0, 0, 1;
    %load/vec4 v000001b775d0bae0_0;
    %parti/s 1, 1, 2;
    %store/vec4 v000001b775d0c9e0_0, 0, 1;
    %load/vec4 v000001b775d0b900_0;
    %store/vec4 v000001b775d0c940_0, 0, 5;
    %load/vec4 v000001b775d0bae0_0;
    %dup/vec4;
    %pushi/vec4 0, 0, 2;
    %cmp/u;
    %jmp/1 T_27.2, 6;
    %dup/vec4;
    %pushi/vec4 2, 0, 2;
    %cmp/u;
    %jmp/1 T_27.3, 6;
    %dup/vec4;
    %pushi/vec4 1, 0, 2;
    %cmp/u;
    %jmp/1 T_27.4, 6;
    %dup/vec4;
    %pushi/vec4 3, 0, 2;
    %cmp/u;
    %jmp/1 T_27.5, 6;
    %jmp T_27.6;
T_27.2 ;
    %pushi/vec4 0, 0, 1;
    %store/vec4 v000001b775d0c620_0, 0, 1;
    %load/vec4 v000001b775d0bea0_0;
    %store/vec4 v000001b775d0c4e0_0, 0, 32;
    %load/vec4 v000001b775d0c1c0_0;
    %store/vec4 v000001b775d0cb20_0, 0, 32;
    %jmp T_27.6;
T_27.3 ;
    %pushi/vec4 0, 0, 1;
    %store/vec4 v000001b775d0c620_0, 0, 1;
    %load/vec4 v000001b775d0bea0_0;
    %store/vec4 v000001b775d0c4e0_0, 0, 32;
    %load/vec4 v000001b775d0c1c0_0;
    %store/vec4 v000001b775d0cb20_0, 0, 32;
    %jmp T_27.6;
T_27.4 ;
    %load/vec4 v000001b775d0bea0_0;
    %parti/s 1, 31, 6;
    %load/vec4 v000001b775d0c1c0_0;
    %parti/s 1, 31, 6;
    %xor;
    %store/vec4 v000001b775d0c620_0, 0, 1;
    %load/vec4 v000001b775d0bea0_0;
    %parti/s 1, 31, 6;
    %flag_set/vec4 8;
    %jmp/0 T_27.7, 8;
    %load/vec4 v000001b775d0bea0_0;
    %inv;
    %pushi/vec4 1, 0, 32;
    %add;
    %jmp/1 T_27.8, 8;
T_27.7 ; End of true expr.
    %load/vec4 v000001b775d0bea0_0;
    %jmp/0 T_27.8, 8;
 ; End of false expr.
    %blend;
T_27.8;
    %store/vec4 v000001b775d0c4e0_0, 0, 32;
    %load/vec4 v000001b775d0c1c0_0;
    %parti/s 1, 31, 6;
    %flag_set/vec4 8;
    %jmp/0 T_27.9, 8;
    %load/vec4 v000001b775d0c1c0_0;
    %inv;
    %pushi/vec4 1, 0, 32;
    %add;
    %jmp/1 T_27.10, 8;
T_27.9 ; End of true expr.
    %load/vec4 v000001b775d0c1c0_0;
    %jmp/0 T_27.10, 8;
 ; End of false expr.
    %blend;
T_27.10;
    %store/vec4 v000001b775d0cb20_0, 0, 32;
    %jmp T_27.6;
T_27.5 ;
    %load/vec4 v000001b775d0bea0_0;
    %parti/s 1, 31, 6;
    %store/vec4 v000001b775d0c620_0, 0, 1;
    %load/vec4 v000001b775d0bea0_0;
    %parti/s 1, 31, 6;
    %flag_set/vec4 8;
    %jmp/0 T_27.11, 8;
    %load/vec4 v000001b775d0bea0_0;
    %inv;
    %pushi/vec4 1, 0, 32;
    %add;
    %jmp/1 T_27.12, 8;
T_27.11 ; End of true expr.
    %load/vec4 v000001b775d0bea0_0;
    %jmp/0 T_27.12, 8;
 ; End of false expr.
    %blend;
T_27.12;
    %store/vec4 v000001b775d0c4e0_0, 0, 32;
    %load/vec4 v000001b775d0c1c0_0;
    %parti/s 1, 31, 6;
    %flag_set/vec4 8;
    %jmp/0 T_27.13, 8;
    %load/vec4 v000001b775d0c1c0_0;
    %inv;
    %pushi/vec4 1, 0, 32;
    %add;
    %jmp/1 T_27.14, 8;
T_27.13 ; End of true expr.
    %load/vec4 v000001b775d0c1c0_0;
    %jmp/0 T_27.14, 8;
 ; End of false expr.
    %blend;
T_27.14;
    %store/vec4 v000001b775d0cb20_0, 0, 32;
    %jmp T_27.6;
T_27.6 ;
    %pop/vec4 1;
    %pushi/vec4 0, 0, 1;
    %load/vec4 v000001b775d0cb20_0;
    %concat/vec4; draw_concat_vec4
    %pad/u 34;
    %load/vec4 v000001b775d0cb20_0;
    %concati/vec4 0, 0, 1;
    %pad/u 34;
    %add;
    %store/vec4 v000001b775d0ba40_0, 0, 34;
    %pushi/vec4 0, 0, 32;
    %store/vec4 v000001b775d0c440_0, 0, 32;
    %pushi/vec4 0, 0, 32;
    %store/vec4 v000001b775d0c800_0, 0, 32;
    %pushi/vec4 0, 0, 5;
    %store/vec4 v000001b775d0c080_0, 0, 5;
    %jmp T_27.1;
T_27.0 ;
    %load/vec4 v000001b775d09740_0;
    %flag_set/vec4 8;
    %jmp/0xz  T_27.15, 8;
    %load/vec4 v000001b775d0b9a0_0;
    %load/vec4 v000001b775d0bb80_0;
    %parti/s 2, 30, 6;
    %concat/vec4; draw_concat_vec4
    %store/vec4 v000001b775d0bf40_0, 0, 34;
    %load/vec4 v000001b775d0bf40_0;
    %pushi/vec4 0, 0, 2;
    %load/vec4 v000001b775d097e0_0;
    %concat/vec4; draw_concat_vec4
    %sub;
    %store/vec4 v000001b775d0bc20_0, 0, 34;
    %load/vec4 v000001b775d0bf40_0;
    %pushi/vec4 0, 0, 1;
    %load/vec4 v000001b775d097e0_0;
    %concat/vec4; draw_concat_vec4
    %concati/vec4 0, 0, 1;
    %sub;
    %store/vec4 v000001b775d0bfe0_0, 0, 34;
    %load/vec4 v000001b775d0bf40_0;
    %load/vec4 v000001b775d09880_0;
    %sub;
    %store/vec4 v000001b775d0c3a0_0, 0, 34;
    %load/vec4 v000001b775d0c3a0_0;
    %parti/s 1, 33, 7;
    %nor/r;
    %flag_set/vec4 8;
    %jmp/0xz  T_27.17, 8;
    %load/vec4 v000001b775d0c580_0;
    %parti/s 30, 0, 2;
    %concati/vec4 3, 0, 2;
    %store/vec4 v000001b775d0c440_0, 0, 32;
    %load/vec4 v000001b775d0c3a0_0;
    %parti/s 32, 0, 2;
    %store/vec4 v000001b775d0c800_0, 0, 32;
    %jmp T_27.18;
T_27.17 ;
    %load/vec4 v000001b775d0bfe0_0;
    %parti/s 1, 33, 7;
    %nor/r;
    %flag_set/vec4 8;
    %jmp/0xz  T_27.19, 8;
    %load/vec4 v000001b775d0c580_0;
    %parti/s 30, 0, 2;
    %concati/vec4 2, 0, 2;
    %store/vec4 v000001b775d0c440_0, 0, 32;
    %load/vec4 v000001b775d0bfe0_0;
    %parti/s 32, 0, 2;
    %store/vec4 v000001b775d0c800_0, 0, 32;
    %jmp T_27.20;
T_27.19 ;
    %load/vec4 v000001b775d0bc20_0;
    %parti/s 1, 33, 7;
    %nor/r;
    %flag_set/vec4 8;
    %jmp/0xz  T_27.21, 8;
    %load/vec4 v000001b775d0c580_0;
    %parti/s 30, 0, 2;
    %concati/vec4 1, 0, 2;
    %store/vec4 v000001b775d0c440_0, 0, 32;
    %load/vec4 v000001b775d0bc20_0;
    %parti/s 32, 0, 2;
    %store/vec4 v000001b775d0c800_0, 0, 32;
    %jmp T_27.22;
T_27.21 ;
    %load/vec4 v000001b775d0c580_0;
    %parti/s 30, 0, 2;
    %concati/vec4 0, 0, 2;
    %store/vec4 v000001b775d0c440_0, 0, 32;
    %load/vec4 v000001b775d0bf40_0;
    %parti/s 32, 0, 2;
    %store/vec4 v000001b775d0c800_0, 0, 32;
T_27.22 ;
T_27.20 ;
T_27.18 ;
    %load/vec4 v000001b775d0a0a0_0;
    %addi 1, 0, 5;
    %store/vec4 v000001b775d0c080_0, 0, 5;
    %load/vec4 v000001b775d0bb80_0;
    %parti/s 30, 0, 2;
    %concati/vec4 0, 0, 2;
    %store/vec4 v000001b775d0c4e0_0, 0, 32;
    %load/vec4 v000001b775d0a0a0_0;
    %cmpi/e 15, 0, 5;
    %jmp/0xz  T_27.23, 4;
    %pushi/vec4 0, 0, 1;
    %store/vec4 v000001b775d0cd00_0, 0, 1;
    %pushi/vec4 1, 0, 1;
    %store/vec4 v000001b775d0c120_0, 0, 1;
T_27.23 ;
T_27.15 ;
T_27.1 ;
    %load/vec4 v000001b775d09ba0_0;
    %flag_set/vec4 8;
    %jmp/0xz  T_27.25, 8;
    %load/vec4 v000001b775d09e20_0;
    %flag_set/vec4 8;
    %jmp/0xz  T_27.27, 8;
    %load/vec4 v000001b775d0c6c0_0;
    %flag_set/vec4 8;
    %jmp/0 T_27.29, 8;
    %load/vec4 v000001b775d0b9a0_0;
    %inv;
    %pushi/vec4 1, 0, 32;
    %add;
    %jmp/1 T_27.30, 8;
T_27.29 ; End of true expr.
    %load/vec4 v000001b775d0b9a0_0;
    %jmp/0 T_27.30, 8;
 ; End of false expr.
    %blend;
T_27.30;
    %store/vec4 v000001b775d09b00_0, 0, 32;
    %jmp T_27.28;
T_27.27 ;
    %load/vec4 v000001b775d0c6c0_0;
    %flag_set/vec4 8;
    %jmp/0 T_27.31, 8;
    %load/vec4 v000001b775d0c580_0;
    %inv;
    %pushi/vec4 1, 0, 32;
    %add;
    %jmp/1 T_27.32, 8;
T_27.31 ; End of true expr.
    %load/vec4 v000001b775d0c580_0;
    %jmp/0 T_27.32, 8;
 ; End of false expr.
    %blend;
T_27.32;
    %store/vec4 v000001b775d09b00_0, 0, 32;
T_27.28 ;
T_27.25 ;
    %load/vec4 v000001b775d0b680_0;
    %flag_set/vec4 8;
    %jmp/0xz  T_27.33, 8;
    %pushi/vec4 0, 0, 1;
    %store/vec4 v000001b775d0cd00_0, 0, 1;
    %pushi/vec4 0, 0, 1;
    %store/vec4 v000001b775d0c120_0, 0, 1;
T_27.33 ;
    %jmp T_27;
    .thread T_27, $push;
    .scope S_000001b775d64390;
T_28 ;
    %wait E_000001b775ce6830;
    %load/vec4 v000001b775d0c4e0_0;
    %assign/vec4 v000001b775d0bb80_0, 0;
    %load/vec4 v000001b775d0cb20_0;
    %assign/vec4 v000001b775d097e0_0, 0;
    %load/vec4 v000001b775d0ba40_0;
    %assign/vec4 v000001b775d09880_0, 0;
    %load/vec4 v000001b775d0c440_0;
    %assign/vec4 v000001b775d0c580_0, 0;
    %load/vec4 v000001b775d0c800_0;
    %assign/vec4 v000001b775d0b9a0_0, 0;
    %load/vec4 v000001b775d0c080_0;
    %assign/vec4 v000001b775d0a0a0_0, 0;
    %load/vec4 v000001b775d0cd00_0;
    %assign/vec4 v000001b775d09740_0, 0;
    %load/vec4 v000001b775d0c9e0_0;
    %assign/vec4 v000001b775d09e20_0, 0;
    %load/vec4 v000001b775d0c620_0;
    %assign/vec4 v000001b775d0c6c0_0, 0;
    %load/vec4 v000001b775d0c120_0;
    %assign/vec4 v000001b775d09ba0_0, 0;
    %load/vec4 v000001b775d0c940_0;
    %assign/vec4 v000001b775d09a60_0, 0;
    %jmp T_28;
    .thread T_28;
    .scope S_000001b775cafcd0;
T_29 ;
Ewait_7 .event/or E_000001b775ce7530, E_0x0;
    %wait Ewait_7;
    %pushi/vec4 0, 0, 1;
    %store/vec4 v000001b7757c3f10_0, 0, 1;
    %pushi/vec4 4294967295, 4294967295, 32;
    %store/vec4 v000001b775d06450_0, 0, 32;
    %load/vec4 v000001b7757c3e70_0;
    %flag_set/vec4 9;
    %flag_get/vec4 9;
    %jmp/0 T_29.2, 9;
    %load/vec4 v000001b775d06810_0;
    %nor/r;
    %and;
T_29.2;
    %flag_set/vec4 8;
    %jmp/0xz  T_29.0, 8;
    %load/vec4 v000001b775d07210_0;
    %load/vec4 v000001b7757c3d30_0;
    %add;
    %store/vec4 v000001b775d06450_0, 0, 32;
    %load/vec4 v000001b7757c3830_0;
    %dup/vec4;
    %pushi/vec4 0, 0, 3;
    %cmp/u;
    %jmp/1 T_29.3, 6;
    %dup/vec4;
    %pushi/vec4 1, 0, 3;
    %cmp/u;
    %jmp/1 T_29.4, 6;
    %dup/vec4;
    %pushi/vec4 2, 0, 3;
    %cmp/u;
    %jmp/1 T_29.5, 6;
    %dup/vec4;
    %pushi/vec4 3, 0, 3;
    %cmp/u;
    %jmp/1 T_29.6, 6;
    %dup/vec4;
    %pushi/vec4 4, 0, 3;
    %cmp/u;
    %jmp/1 T_29.7, 6;
    %dup/vec4;
    %pushi/vec4 5, 0, 3;
    %cmp/u;
    %jmp/1 T_29.8, 6;
    %dup/vec4;
    %pushi/vec4 6, 0, 3;
    %cmp/u;
    %jmp/1 T_29.9, 6;
    %dup/vec4;
    %pushi/vec4 7, 0, 3;
    %cmp/u;
    %jmp/1 T_29.10, 6;
    %jmp T_29.11;
T_29.3 ;
    %load/vec4 v000001b7757c38d0_0;
    %load/vec4 v000001b7757c3a10_0;
    %cmp/e;
    %flag_get/vec4 4;
    %store/vec4 v000001b7757c3f10_0, 0, 1;
    %jmp T_29.11;
T_29.4 ;
    %load/vec4 v000001b7757c38d0_0;
    %load/vec4 v000001b7757c3a10_0;
    %cmp/ne;
    %flag_get/vec4 4;
    %store/vec4 v000001b7757c3f10_0, 0, 1;
    %jmp T_29.11;
T_29.5 ;
    %load/vec4 v000001b7757c38d0_0;
    %load/vec4 v000001b7757c3a10_0;
    %cmp/s;
    %flag_get/vec4 5;
    %store/vec4 v000001b7757c3f10_0, 0, 1;
    %jmp T_29.11;
T_29.6 ;
    %load/vec4 v000001b7757c3a10_0;
    %load/vec4 v000001b7757c38d0_0;
    %cmp/s;
    %flag_get/vec4 4;
    %flag_get/vec4 5;
    %or;
    %store/vec4 v000001b7757c3f10_0, 0, 1;
    %jmp T_29.11;
T_29.7 ;
    %load/vec4 v000001b7757c38d0_0;
    %load/vec4 v000001b7757c3a10_0;
    %cmp/u;
    %flag_get/vec4 5;
    %store/vec4 v000001b7757c3f10_0, 0, 1;
    %jmp T_29.11;
T_29.8 ;
    %load/vec4 v000001b7757c3a10_0;
    %load/vec4 v000001b7757c38d0_0;
    %cmp/u;
    %flag_get/vec4 4;
    %flag_get/vec4 5;
    %or;
    %store/vec4 v000001b7757c3f10_0, 0, 1;
    %jmp T_29.11;
T_29.9 ;
    %pushi/vec4 1, 0, 1;
    %store/vec4 v000001b7757c3f10_0, 0, 1;
    %jmp T_29.11;
T_29.10 ;
    %pushi/vec4 1, 0, 1;
    %store/vec4 v000001b7757c3f10_0, 0, 1;
    %load/vec4 v000001b7757c38d0_0;
    %load/vec4 v000001b7757c3d30_0;
    %add;
    %store/vec4 v000001b775d06450_0, 0, 32;
    %jmp T_29.11;
T_29.11 ;
    %pop/vec4 1;
T_29.0 ;
    %jmp T_29;
    .thread T_29, $push;
    .scope S_000001b775cafcd0;
T_30 ;
    %wait E_000001b775ce6830;
    %load/vec4 v000001b7757c3f10_0;
    %assign/vec4 v000001b775d05190_0, 0;
    %load/vec4 v000001b775d06450_0;
    %assign/vec4 v000001b775d070d0_0, 0;
    %jmp T_30;
    .thread T_30;
    .scope S_000001b775d64840;
T_31 ;
Ewait_8 .event/or E_000001b775ce6bf0, E_0x0;
    %wait Ewait_8;
    %pushi/vec4 0, 0, 1;
    %store/vec4 v000001b775d66990_0, 0, 1;
    %pushi/vec4 1, 1, 1;
    %store/vec4 v000001b775d651d0_0, 0, 1;
    %pushi/vec4 4294967295, 4294967295, 32;
    %store/vec4 v000001b775d665d0_0, 0, 32;
    %pushi/vec4 4294967295, 4294967295, 32;
    %store/vec4 v000001b775d66df0_0, 0, 32;
    %pushi/vec4 15, 15, 4;
    %store/vec4 v000001b775d65e50_0, 0, 4;
    %pushi/vec4 31, 31, 5;
    %store/vec4 v000001b775d65130_0, 0, 5;
    %pushi/vec4 0, 0, 1;
    %store/vec4 v000001b775d66850_0, 0, 1;
    %pushi/vec4 0, 0, 1;
    %store/vec4 v000001b775d68b50_0, 0, 1;
    %pushi/vec4 4294967295, 4294967295, 32;
    %store/vec4 v000001b775d66ad0_0, 0, 32;
    %pushi/vec4 4294967295, 4294967295, 32;
    %store/vec4 v000001b775d68650_0, 0, 32;
    %pushi/vec4 1, 1, 1;
    %store/vec4 v000001b775d681f0_0, 0, 1;
    %pushi/vec4 15, 15, 4;
    %store/vec4 v000001b775d68290_0, 0, 4;
    %pushi/vec4 0, 0, 1;
    %store/vec4 v000001b775d662b0_0, 0, 1;
    %load/vec4 v000001b775d68830_0;
    %flag_set/vec4 8;
    %jmp/1 T_31.2, 8;
    %load/vec4 v000001b775d67930_0;
    %flag_set/vec4 9;
    %flag_or 8, 9;
T_31.2;
    %jmp/0xz  T_31.0, 8;
    %load/vec4 v000001b775d66350_0;
    %load/vec4 v000001b775d68150_0;
    %add;
    %store/vec4 v000001b775d66ad0_0, 0, 32;
    %load/vec4 v000001b775d68830_0;
    %flag_set/vec4 8;
    %flag_get/vec4 8;
    %jmp/1 T_31.3, 8;
    %load/vec4 v000001b775d67930_0;
    %or;
T_31.3;
    %store/vec4 v000001b775d68b50_0, 0, 1;
    %load/vec4 v000001b775d67930_0;
    %store/vec4 v000001b775d681f0_0, 0, 1;
    %load/vec4 v000001b775d685b0_0;
    %load/vec4 v000001b775d66ad0_0;
    %parti/s 2, 0, 2;
    %concat/vec4; draw_concat_vec4
    %dup/vec4;
    %pushi/vec4 0, 0, 5;
    %cmp/u;
    %jmp/1 T_31.4, 6;
    %dup/vec4;
    %pushi/vec4 1, 0, 5;
    %cmp/u;
    %jmp/1 T_31.5, 6;
    %dup/vec4;
    %pushi/vec4 2, 0, 5;
    %cmp/u;
    %jmp/1 T_31.6, 6;
    %dup/vec4;
    %pushi/vec4 3, 0, 5;
    %cmp/u;
    %jmp/1 T_31.7, 6;
    %dup/vec4;
    %pushi/vec4 4, 0, 5;
    %cmp/u;
    %jmp/1 T_31.8, 6;
    %dup/vec4;
    %pushi/vec4 6, 0, 5;
    %cmp/u;
    %jmp/1 T_31.9, 6;
    %dup/vec4;
    %pushi/vec4 8, 0, 5;
    %cmp/u;
    %jmp/1 T_31.10, 6;
    %pushi/vec4 1, 0, 1;
    %store/vec4 v000001b775d66850_0, 0, 1;
    %jmp T_31.12;
T_31.4 ;
    %pushi/vec4 1, 0, 4;
    %store/vec4 v000001b775d68290_0, 0, 4;
    %pushi/vec4 16777215, 16777215, 24;
    %load/vec4 v000001b775d68c90_0;
    %parti/s 8, 0, 2;
    %concat/vec4; draw_concat_vec4
    %store/vec4 v000001b775d68650_0, 0, 32;
    %jmp T_31.12;
T_31.5 ;
    %pushi/vec4 2, 0, 4;
    %store/vec4 v000001b775d68290_0, 0, 4;
    %pushi/vec4 65535, 65535, 16;
    %load/vec4 v000001b775d68c90_0;
    %parti/s 8, 0, 2;
    %concat/vec4; draw_concat_vec4
    %concati/vec4 255, 255, 8;
    %store/vec4 v000001b775d68650_0, 0, 32;
    %jmp T_31.12;
T_31.6 ;
    %pushi/vec4 4, 0, 4;
    %store/vec4 v000001b775d68290_0, 0, 4;
    %pushi/vec4 255, 255, 8;
    %load/vec4 v000001b775d68c90_0;
    %parti/s 8, 0, 2;
    %concat/vec4; draw_concat_vec4
    %concati/vec4 65535, 65535, 16;
    %store/vec4 v000001b775d68650_0, 0, 32;
    %jmp T_31.12;
T_31.7 ;
    %pushi/vec4 8, 0, 4;
    %store/vec4 v000001b775d68290_0, 0, 4;
    %load/vec4 v000001b775d68c90_0;
    %parti/s 8, 0, 2;
    %concati/vec4 16777215, 16777215, 24;
    %store/vec4 v000001b775d68650_0, 0, 32;
    %jmp T_31.12;
T_31.8 ;
    %pushi/vec4 3, 0, 4;
    %store/vec4 v000001b775d68290_0, 0, 4;
    %pushi/vec4 65535, 65535, 16;
    %load/vec4 v000001b775d68c90_0;
    %parti/s 16, 0, 2;
    %concat/vec4; draw_concat_vec4
    %store/vec4 v000001b775d68650_0, 0, 32;
    %jmp T_31.12;
T_31.9 ;
    %pushi/vec4 12, 0, 4;
    %store/vec4 v000001b775d68290_0, 0, 4;
    %load/vec4 v000001b775d68c90_0;
    %parti/s 16, 0, 2;
    %concati/vec4 65535, 65535, 16;
    %store/vec4 v000001b775d68650_0, 0, 32;
    %jmp T_31.12;
T_31.10 ;
    %pushi/vec4 15, 0, 4;
    %store/vec4 v000001b775d68290_0, 0, 4;
    %load/vec4 v000001b775d68c90_0;
    %store/vec4 v000001b775d68650_0, 0, 32;
    %jmp T_31.12;
T_31.12 ;
    %pop/vec4 1;
    %load/vec4 v000001b775d66850_0;
    %flag_set/vec4 8;
    %jmp/0xz  T_31.13, 8;
    %pushi/vec4 0, 0, 1;
    %store/vec4 v000001b775d68b50_0, 0, 1;
T_31.13 ;
T_31.0 ;
    %load/vec4 v000001b775d65db0_0;
    %flag_set/vec4 8;
    %jmp/0xz  T_31.15, 8;
    %load/vec4 v000001b775d67c50_0;
    %store/vec4 v000001b775d66e90_0, 0, 69;
    %load/vec4 v000001b775d688d0_0;
    %store/vec4 v000001b775d667b0_0, 0, 69;
    %pushi/vec4 4294967295, 4294967295, 33;
    %concati/vec4 4294967295, 4294967295, 32;
    %concati/vec4 15, 15, 4;
    %store/vec4 v000001b775d66fd0_0, 0, 69;
    %jmp T_31.16;
T_31.15 ;
    %load/vec4 v000001b775d683d0_0;
    %store/vec4 v000001b775d66e90_0, 0, 69;
    %load/vec4 v000001b775d67c50_0;
    %store/vec4 v000001b775d667b0_0, 0, 69;
    %load/vec4 v000001b775d688d0_0;
    %store/vec4 v000001b775d66fd0_0, 0, 69;
T_31.16 ;
    %load/vec4 v000001b775d68b50_0;
    %flag_set/vec4 8;
    %jmp/0xz  T_31.17, 8;
    %load/vec4 v000001b775d66ad0_0;
    %parti/s 6, 26, 6;
    %cmpi/e 0, 0, 6;
    %jmp/0xz  T_31.19, 4;
    %load/vec4 v000001b775d66e90_0;
    %parti/u 1, 68, 32;
    %cmpi/e 0, 0, 1;
    %jmp/0xz  T_31.21, 4;
    %load/vec4 v000001b775d68b50_0;
    %load/vec4 v000001b775d681f0_0;
    %concat/vec4; draw_concat_vec4
    %load/vec4 v000001b775d66ad0_0;
    %parti/s 26, 0, 2;
    %concat/vec4; draw_concat_vec4
    %load/vec4 v000001b775d68650_0;
    %concat/vec4; draw_concat_vec4
    %load/vec4 v000001b775d68290_0;
    %concat/vec4; draw_concat_vec4
    %load/vec4 v000001b775d68e70_0;
    %concat/vec4; draw_concat_vec4
    %store/vec4 v000001b775d66e90_0, 0, 69;
    %jmp T_31.22;
T_31.21 ;
    %load/vec4 v000001b775d667b0_0;
    %parti/u 1, 68, 32;
    %cmpi/e 0, 0, 1;
    %jmp/0xz  T_31.23, 4;
    %load/vec4 v000001b775d68b50_0;
    %load/vec4 v000001b775d681f0_0;
    %concat/vec4; draw_concat_vec4
    %load/vec4 v000001b775d66ad0_0;
    %parti/s 26, 0, 2;
    %concat/vec4; draw_concat_vec4
    %load/vec4 v000001b775d68650_0;
    %concat/vec4; draw_concat_vec4
    %load/vec4 v000001b775d68290_0;
    %concat/vec4; draw_concat_vec4
    %load/vec4 v000001b775d68e70_0;
    %concat/vec4; draw_concat_vec4
    %store/vec4 v000001b775d667b0_0, 0, 69;
    %jmp T_31.24;
T_31.23 ;
    %load/vec4 v000001b775d66fd0_0;
    %parti/u 1, 68, 32;
    %cmpi/e 0, 0, 1;
    %jmp/0xz  T_31.25, 4;
    %load/vec4 v000001b775d68b50_0;
    %load/vec4 v000001b775d681f0_0;
    %concat/vec4; draw_concat_vec4
    %load/vec4 v000001b775d66ad0_0;
    %parti/s 26, 0, 2;
    %concat/vec4; draw_concat_vec4
    %load/vec4 v000001b775d68650_0;
    %concat/vec4; draw_concat_vec4
    %load/vec4 v000001b775d68290_0;
    %concat/vec4; draw_concat_vec4
    %load/vec4 v000001b775d68e70_0;
    %concat/vec4; draw_concat_vec4
    %store/vec4 v000001b775d66fd0_0, 0, 69;
    %jmp T_31.26;
T_31.25 ;
    %pushi/vec4 1, 0, 1;
    %store/vec4 v000001b775d662b0_0, 0, 1;
T_31.26 ;
T_31.24 ;
T_31.22 ;
    %jmp T_31.20;
T_31.19 ;
    %pushi/vec4 1, 0, 1;
    %store/vec4 v000001b775d66990_0, 0, 1;
    %load/vec4 v000001b775d681f0_0;
    %store/vec4 v000001b775d651d0_0, 0, 1;
    %load/vec4 v000001b775d66ad0_0;
    %store/vec4 v000001b775d665d0_0, 0, 32;
    %load/vec4 v000001b775d68650_0;
    %store/vec4 v000001b775d66df0_0, 0, 32;
    %load/vec4 v000001b775d68290_0;
    %store/vec4 v000001b775d65e50_0, 0, 4;
    %load/vec4 v000001b775d68e70_0;
    %store/vec4 v000001b775d65130_0, 0, 5;
T_31.20 ;
T_31.17 ;
    %load/vec4 v000001b775d68bf0_0;
    %flag_set/vec4 8;
    %jmp/0xz  T_31.27, 8;
    %pushi/vec4 4294967295, 4294967295, 33;
    %concati/vec4 4294967295, 4294967295, 32;
    %concati/vec4 15, 15, 4;
    %store/vec4 v000001b775d66e90_0, 0, 69;
    %pushi/vec4 4294967295, 4294967295, 33;
    %concati/vec4 4294967295, 4294967295, 32;
    %concati/vec4 15, 15, 4;
    %store/vec4 v000001b775d667b0_0, 0, 69;
    %pushi/vec4 4294967295, 4294967295, 33;
    %concati/vec4 4294967295, 4294967295, 32;
    %concati/vec4 15, 15, 4;
    %store/vec4 v000001b775d66fd0_0, 0, 69;
    %pushi/vec4 0, 0, 1;
    %store/vec4 v000001b775d662b0_0, 0, 1;
T_31.27 ;
    %jmp T_31;
    .thread T_31, $push;
    .scope S_000001b775d64840;
T_32 ;
    %wait E_000001b775ce6830;
    %load/vec4 v000001b775d66fd0_0;
    %parti/u 1, 68, 32;
    %nor/r;
    %assign/vec4 v000001b775d658b0_0, 0;
    %load/vec4 v000001b775d66e90_0;
    %assign/vec4 v000001b775d683d0_0, 0;
    %load/vec4 v000001b775d667b0_0;
    %assign/vec4 v000001b775d67c50_0, 0;
    %load/vec4 v000001b775d66fd0_0;
    %assign/vec4 v000001b775d688d0_0, 0;
    %load/vec4 v000001b775d662b0_0;
    %assign/vec4 v000001b775d659f0_0, 0;
    %load/vec4 v000001b775d662b0_0;
    %flag_set/vec4 8;
    %jmp/0xz  T_32.0, 8;
    %vpi_call/w 16 155 "$display", "ERROR %t: DCACHE queue overflow", $time {0 0 0};
T_32.0 ;
    %jmp T_32;
    .thread T_32;
    .scope S_000001b775d0d1a0;
T_33 ;
Ewait_9 .event/or E_000001b775ce6c30, E_0x0;
    %wait Ewait_9;
    %pushi/vec4 0, 0, 1;
    %store/vec4 v000001b775d73870_0, 0, 1;
    %load/vec4 v000001b775d74270_0;
    %cmpi/e 0, 0, 1;
    %flag_get/vec4 4;
    %jmp/0 T_33.2, 4;
    %load/vec4 v000001b775d73ff0_0;
    %pushi/vec4 0, 0, 1;
    %cmp/e;
    %flag_get/vec4 4;
    %and;
T_33.2;
    %flag_set/vec4 8;
    %jmp/0xz  T_33.0, 8;
    %load/vec4 v000001b775d74590_0;
    %store/vec4 v000001b775d73230_0, 0, 38;
    %load/vec4 v000001b775d721f0_0;
    %store/vec4 v000001b775d739b0_0, 0, 38;
    %pushi/vec4 4294967295, 4294967295, 33;
    %concati/vec4 31, 31, 5;
    %store/vec4 v000001b775d74770_0, 0, 38;
    %jmp T_33.1;
T_33.0 ;
    %load/vec4 v000001b775d746d0_0;
    %store/vec4 v000001b775d73230_0, 0, 38;
    %load/vec4 v000001b775d74590_0;
    %store/vec4 v000001b775d739b0_0, 0, 38;
    %load/vec4 v000001b775d721f0_0;
    %store/vec4 v000001b775d74770_0, 0, 38;
T_33.1 ;
    %load/vec4 v000001b775d74270_0;
    %flag_set/vec4 9;
    %flag_get/vec4 9;
    %jmp/0 T_33.5, 9;
    %load/vec4 v000001b775d73ff0_0;
    %and;
T_33.5;
    %flag_set/vec4 8;
    %jmp/0xz  T_33.3, 8;
    %load/vec4 v000001b775d73230_0;
    %parti/u 1, 37, 32;
    %cmpi/e 0, 0, 1;
    %jmp/0xz  T_33.6, 4;
    %load/vec4 v000001b775d73ff0_0;
    %load/vec4 v000001b775d72510_0;
    %concat/vec4; draw_concat_vec4
    %load/vec4 v000001b775d744f0_0;
    %concat/vec4; draw_concat_vec4
    %store/vec4 v000001b775d73230_0, 0, 38;
    %jmp T_33.7;
T_33.6 ;
    %load/vec4 v000001b775d739b0_0;
    %parti/u 1, 37, 32;
    %cmpi/e 0, 0, 1;
    %jmp/0xz  T_33.8, 4;
    %load/vec4 v000001b775d73ff0_0;
    %load/vec4 v000001b775d72510_0;
    %concat/vec4; draw_concat_vec4
    %load/vec4 v000001b775d744f0_0;
    %concat/vec4; draw_concat_vec4
    %store/vec4 v000001b775d739b0_0, 0, 38;
    %jmp T_33.9;
T_33.8 ;
    %load/vec4 v000001b775d74770_0;
    %parti/u 1, 37, 32;
    %cmpi/e 0, 0, 1;
    %jmp/0xz  T_33.10, 4;
    %load/vec4 v000001b775d73ff0_0;
    %load/vec4 v000001b775d72510_0;
    %concat/vec4; draw_concat_vec4
    %load/vec4 v000001b775d744f0_0;
    %concat/vec4; draw_concat_vec4
    %store/vec4 v000001b775d74770_0, 0, 38;
    %jmp T_33.11;
T_33.10 ;
    %pushi/vec4 1, 0, 1;
    %store/vec4 v000001b775d73870_0, 0, 1;
T_33.11 ;
T_33.9 ;
T_33.7 ;
T_33.3 ;
    %load/vec4 v000001b775d73230_0;
    %parti/u 1, 37, 32;
    %cmpi/e 0, 0, 1;
    %jmp/0xz  T_33.12, 4;
    %load/vec4 v000001b775d72650_0;
    %load/vec4 v000001b775d73910_0;
    %concat/vec4; draw_concat_vec4
    %load/vec4 v000001b775d72b50_0;
    %concat/vec4; draw_concat_vec4
    %store/vec4 v000001b775d73230_0, 0, 38;
    %jmp T_33.13;
T_33.12 ;
    %load/vec4 v000001b775d739b0_0;
    %parti/u 1, 37, 32;
    %cmpi/e 0, 0, 1;
    %jmp/0xz  T_33.14, 4;
    %load/vec4 v000001b775d72650_0;
    %load/vec4 v000001b775d73910_0;
    %concat/vec4; draw_concat_vec4
    %load/vec4 v000001b775d72b50_0;
    %concat/vec4; draw_concat_vec4
    %store/vec4 v000001b775d739b0_0, 0, 38;
    %jmp T_33.15;
T_33.14 ;
    %load/vec4 v000001b775d74770_0;
    %parti/u 1, 37, 32;
    %cmpi/e 0, 0, 1;
    %jmp/0xz  T_33.16, 4;
    %load/vec4 v000001b775d72650_0;
    %load/vec4 v000001b775d73910_0;
    %concat/vec4; draw_concat_vec4
    %load/vec4 v000001b775d72b50_0;
    %concat/vec4; draw_concat_vec4
    %store/vec4 v000001b775d74770_0, 0, 38;
    %jmp T_33.17;
T_33.16 ;
    %load/vec4 v000001b775d73870_0;
    %flag_set/vec4 8;
    %flag_get/vec4 8;
    %jmp/1 T_33.18, 8;
    %load/vec4 v000001b775d72650_0;
    %or;
T_33.18;
    %store/vec4 v000001b775d73870_0, 0, 1;
T_33.17 ;
T_33.15 ;
T_33.13 ;
    %load/vec4 v000001b775d73230_0;
    %parti/u 1, 37, 32;
    %cmpi/e 0, 0, 1;
    %jmp/0xz  T_33.19, 4;
    %load/vec4 v000001b775d72e70_0;
    %load/vec4 v000001b775d72fb0_0;
    %concat/vec4; draw_concat_vec4
    %load/vec4 v000001b775d74630_0;
    %concat/vec4; draw_concat_vec4
    %store/vec4 v000001b775d73230_0, 0, 38;
    %jmp T_33.20;
T_33.19 ;
    %load/vec4 v000001b775d739b0_0;
    %parti/u 1, 37, 32;
    %cmpi/e 0, 0, 1;
    %jmp/0xz  T_33.21, 4;
    %load/vec4 v000001b775d72e70_0;
    %load/vec4 v000001b775d72fb0_0;
    %concat/vec4; draw_concat_vec4
    %load/vec4 v000001b775d74630_0;
    %concat/vec4; draw_concat_vec4
    %store/vec4 v000001b775d739b0_0, 0, 38;
    %jmp T_33.22;
T_33.21 ;
    %load/vec4 v000001b775d74770_0;
    %parti/u 1, 37, 32;
    %cmpi/e 0, 0, 1;
    %jmp/0xz  T_33.23, 4;
    %load/vec4 v000001b775d72e70_0;
    %load/vec4 v000001b775d72fb0_0;
    %concat/vec4; draw_concat_vec4
    %load/vec4 v000001b775d74630_0;
    %concat/vec4; draw_concat_vec4
    %store/vec4 v000001b775d74770_0, 0, 38;
    %jmp T_33.24;
T_33.23 ;
    %load/vec4 v000001b775d73870_0;
    %flag_set/vec4 8;
    %flag_get/vec4 8;
    %jmp/1 T_33.25, 8;
    %load/vec4 v000001b775d72e70_0;
    %or;
T_33.25;
    %store/vec4 v000001b775d73870_0, 0, 1;
T_33.24 ;
T_33.22 ;
T_33.20 ;
    %load/vec4 v000001b775d73230_0;
    %parti/u 1, 37, 32;
    %cmpi/e 0, 0, 1;
    %jmp/0xz  T_33.26, 4;
    %load/vec4 v000001b775d74450_0;
    %load/vec4 v000001b775d719d0_0;
    %concat/vec4; draw_concat_vec4
    %load/vec4 v000001b775d72790_0;
    %concat/vec4; draw_concat_vec4
    %store/vec4 v000001b775d73230_0, 0, 38;
    %jmp T_33.27;
T_33.26 ;
    %load/vec4 v000001b775d739b0_0;
    %parti/u 1, 37, 32;
    %cmpi/e 0, 0, 1;
    %jmp/0xz  T_33.28, 4;
    %load/vec4 v000001b775d74450_0;
    %load/vec4 v000001b775d719d0_0;
    %concat/vec4; draw_concat_vec4
    %load/vec4 v000001b775d72790_0;
    %concat/vec4; draw_concat_vec4
    %store/vec4 v000001b775d739b0_0, 0, 38;
    %jmp T_33.29;
T_33.28 ;
    %load/vec4 v000001b775d74770_0;
    %parti/u 1, 37, 32;
    %cmpi/e 0, 0, 1;
    %jmp/0xz  T_33.30, 4;
    %load/vec4 v000001b775d74450_0;
    %load/vec4 v000001b775d719d0_0;
    %concat/vec4; draw_concat_vec4
    %load/vec4 v000001b775d72790_0;
    %concat/vec4; draw_concat_vec4
    %store/vec4 v000001b775d74770_0, 0, 38;
    %jmp T_33.31;
T_33.30 ;
    %load/vec4 v000001b775d73870_0;
    %flag_set/vec4 8;
    %flag_get/vec4 8;
    %jmp/1 T_33.32, 8;
    %load/vec4 v000001b775d74450_0;
    %or;
T_33.32;
    %store/vec4 v000001b775d73870_0, 0, 1;
T_33.31 ;
T_33.29 ;
T_33.27 ;
    %load/vec4 v000001b775d74270_0;
    %flag_set/vec4 8;
    %jmp/0xz  T_33.33, 8;
    %load/vec4 v000001b775d72150_0;
    %store/vec4 v000001b775d72830_0, 0, 5;
    %load/vec4 v000001b775d73e10_0;
    %store/vec4 v000001b775d73eb0_0, 0, 32;
    %pushi/vec4 1, 0, 1;
    %store/vec4 v000001b775d741d0_0, 0, 1;
    %jmp T_33.34;
T_33.33 ;
    %load/vec4 v000001b775d73ff0_0;
    %flag_set/vec4 8;
    %jmp/0xz  T_33.35, 8;
    %load/vec4 v000001b775d72510_0;
    %store/vec4 v000001b775d72830_0, 0, 5;
    %load/vec4 v000001b775d744f0_0;
    %store/vec4 v000001b775d73eb0_0, 0, 32;
    %pushi/vec4 1, 0, 1;
    %store/vec4 v000001b775d741d0_0, 0, 1;
    %jmp T_33.36;
T_33.35 ;
    %load/vec4 v000001b775d746d0_0;
    %parti/u 5, 32, 32;
    %store/vec4 v000001b775d72830_0, 0, 5;
    %load/vec4 v000001b775d746d0_0;
    %parti/u 32, 0, 32;
    %store/vec4 v000001b775d73eb0_0, 0, 32;
    %load/vec4 v000001b775d746d0_0;
    %parti/u 1, 37, 32;
    %store/vec4 v000001b775d741d0_0, 0, 1;
T_33.36 ;
T_33.34 ;
    %load/vec4 v000001b775d743b0_0;
    %flag_set/vec4 8;
    %jmp/0xz  T_33.37, 8;
    %pushi/vec4 4294967295, 4294967295, 33;
    %concati/vec4 31, 31, 5;
    %store/vec4 v000001b775d73230_0, 0, 38;
    %pushi/vec4 4294967295, 4294967295, 33;
    %concati/vec4 31, 31, 5;
    %store/vec4 v000001b775d739b0_0, 0, 38;
    %pushi/vec4 4294967295, 4294967295, 33;
    %concati/vec4 31, 31, 5;
    %store/vec4 v000001b775d74770_0, 0, 38;
T_33.37 ;
    %jmp T_33;
    .thread T_33, $push;
    .scope S_000001b775d0d1a0;
T_34 ;
    %wait E_000001b775ce6830;
    %load/vec4 v000001b775d73230_0;
    %assign/vec4 v000001b775d746d0_0, 0;
    %load/vec4 v000001b775d739b0_0;
    %assign/vec4 v000001b775d74590_0, 0;
    %load/vec4 v000001b775d74770_0;
    %assign/vec4 v000001b775d721f0_0, 0;
    %load/vec4 v000001b775d73870_0;
    %assign/vec4 v000001b775d72290_0, 0;
    %load/vec4 v000001b775d73870_0;
    %flag_set/vec4 8;
    %jmp/0xz  T_34.0, 8;
    %vpi_call/w 21 142 "$display", "ERROR %t: Writeback queue overflow", $time {0 0 0};
T_34.0 ;
    %jmp T_34;
    .thread T_34;
    .scope S_000001b7757bc2d0;
T_35 ;
    %wait E_000001b775ce6830;
    %load/vec4 v000001b775d068b0_0;
    %flag_set/vec4 8;
    %jmp/0xz  T_35.0, 8;
    %fork t_1, S_000001b77579a650;
    %jmp t_0;
    .scope S_000001b77579a650;
t_1 ;
    %pushi/vec4 0, 0, 32;
    %store/vec4 v000001b775d05870_0, 0, 32;
T_35.2 ;
    %load/vec4 v000001b775d05870_0;
    %cmpi/s 4, 0, 32;
    %jmp/0xz T_35.3, 5;
    %load/vec4 v000001b775d07530_0;
    %load/vec4 v000001b775d05870_0;
    %part/s 1;
    %flag_set/vec4 8;
    %jmp/0xz  T_35.4, 8;
    %load/vec4 v000001b775d06950_0;
    %load/vec4 v000001b775d05870_0;
    %muli 8, 0, 32;
    %part/s 8;
    %load/vec4 v000001b775d072b0_0;
    %pad/u 13;
    %ix/vec4 4;
    %flag_mov 8, 4;
    %load/vec4 v000001b775d05870_0;
    %muli 8, 0, 32;
    %ix/vec4/s 5;
    %flag_or 8, 4;
    %ix/load 6, 0, 0; Constant delay
    %ix/mov 3, 4;
    %flag_mov 4, 8;
    %assign/vec4/a/d v000001b775d055f0, 5, 6;
T_35.4 ;
    ; show_stmt_assign_vector: Get l-value for compressed += operand
    %load/vec4 v000001b775d05870_0;
    %pushi/vec4 1, 0, 32;
    %add;
    %cast2;
    %store/vec4 v000001b775d05870_0, 0, 32;
    %jmp T_35.2;
T_35.3 ;
    %end;
    .scope S_000001b7757bc2d0;
t_0 %join;
T_35.0 ;
    %load/vec4 v000001b775d06a90_0;
    %flag_set/vec4 8;
    %jmp/0xz  T_35.6, 8;
    %load/vec4 v000001b775d06c70_0;
    %pad/u 13;
    %ix/vec4 4;
    %load/vec4a v000001b775d055f0, 4;
    %assign/vec4 v000001b775d05cd0_0, 0;
T_35.6 ;
    %jmp T_35;
    .thread T_35;
    .scope S_000001b775cafe60;
T_36 ;
    %wait E_000001b775ce6830;
    %load/vec4 v000001b775d05e10_0;
    %flag_set/vec4 8;
    %jmp/0xz  T_36.0, 8;
    %pushi/vec4 1, 0, 1;
    %load/vec4 v000001b775d08110_0;
    %parti/s 13, 13, 5;
    %concat/vec4; draw_concat_vec4
    %load/vec4 v000001b775d08110_0;
    %parti/s 9, 4, 4;
    %pad/u 11;
    %ix/vec4 3;
    %ix/load 4, 0, 0; Constant delay
    %assign/vec4/a/d v000001b775d07a30, 0, 4;
T_36.0 ;
    %load/vec4 v000001b775d073f0_0;
    %flag_set/vec4 8;
    %jmp/0xz  T_36.2, 8;
    %load/vec4 v000001b775d04f10_0;
    %parti/s 9, 4, 4;
    %pad/u 11;
    %ix/vec4 4;
    %load/vec4a v000001b775d07a30, 4;
    %assign/vec4 v000001b775d052d0_0, 0;
T_36.2 ;
    %jmp T_36;
    .thread T_36;
    .scope S_000001b775cafe60;
T_37 ;
    %fork t_3, S_000001b775793f20;
    %jmp t_2;
    .scope S_000001b775793f20;
t_3 ;
    %pushi/vec4 0, 0, 32;
    %store/vec4 v000001b775d066d0_0, 0, 32;
T_37.0 ;
    %load/vec4 v000001b775d066d0_0;
    %cmpi/s 512, 0, 32;
    %jmp/0xz T_37.1, 5;
    %pushi/vec4 0, 0, 14;
    %ix/getv/s 4, v000001b775d066d0_0;
    %store/vec4a v000001b775d07a30, 4, 0;
    ; show_stmt_assign_vector: Get l-value for compressed += operand
    %load/vec4 v000001b775d066d0_0;
    %pushi/vec4 1, 0, 32;
    %add;
    %cast2;
    %store/vec4 v000001b775d066d0_0, 0, 32;
    %jmp T_37.0;
T_37.1 ;
    %end;
    .scope S_000001b775cafe60;
t_2 %join;
    %end;
    .thread T_37;
    .scope S_000001b775cafe60;
T_38 ;
Ewait_10 .event/or E_000001b775ce66f0, E_0x0;
    %wait Ewait_10;
    %load/vec4 v000001b775d05410_0;
    %flag_set/vec4 8;
    %jmp/0xz  T_38.0, 8;
    %pushi/vec4 1, 0, 1;
    %store/vec4 v000001b775d064f0_0, 0, 1;
    %load/vec4 v000001b775d08110_0;
    %parti/s 11, 2, 3;
    %store/vec4 v000001b775d05f50_0, 0, 11;
    %load/vec4 v000001b775d08250_0;
    %store/vec4 v000001b775d05c30_0, 0, 4;
    %load/vec4 v000001b775d077b0_0;
    %store/vec4 v000001b775d06ef0_0, 0, 32;
    %jmp T_38.1;
T_38.0 ;
    %load/vec4 v000001b775d06f90_0;
    %cmpi/ne 0, 0, 2;
    %jmp/0xz  T_38.2, 4;
    %pushi/vec4 1, 0, 1;
    %store/vec4 v000001b775d064f0_0, 0, 1;
    %load/vec4 v000001b775d08890_0;
    %store/vec4 v000001b775d05f50_0, 0, 11;
    %pushi/vec4 15, 0, 4;
    %store/vec4 v000001b775d05c30_0, 0, 4;
    %load/vec4 v000001b775d05230_0;
    %store/vec4 v000001b775d06ef0_0, 0, 32;
    %jmp T_38.3;
T_38.2 ;
    %pushi/vec4 0, 0, 1;
    %store/vec4 v000001b775d064f0_0, 0, 1;
    %pushi/vec4 2047, 2047, 11;
    %store/vec4 v000001b775d05f50_0, 0, 11;
    %pushi/vec4 15, 15, 4;
    %store/vec4 v000001b775d05c30_0, 0, 4;
    %pushi/vec4 4294967295, 4294967295, 32;
    %store/vec4 v000001b775d06ef0_0, 0, 32;
T_38.3 ;
T_38.1 ;
    %jmp T_38;
    .thread T_38, $push;
    .scope S_000001b775cafe60;
T_39 ;
    %wait E_000001b775ce6830;
    %load/vec4 v000001b775d06f90_0;
    %cmpi/ne 0, 0, 2;
    %jmp/0xz  T_39.0, 4;
    %load/vec4 v000001b775d08890_0;
    %parti/s 9, 2, 3;
    %load/vec4 v000001b775d08890_0;
    %parti/s 2, 0, 2;
    %addi 1, 0, 2;
    %concat/vec4; draw_concat_vec4
    %assign/vec4 v000001b775d08890_0, 0;
T_39.0 ;
    %load/vec4 v000001b775d06db0_0;
    %flag_set/vec4 8;
    %jmp/0xz  T_39.2, 8;
    %load/vec4 v000001b775d08110_0;
    %parti/s 11, 2, 3;
    %assign/vec4 v000001b775d08890_0, 0;
T_39.2 ;
    %load/vec4 v000001b775d05410_0;
    %flag_set/vec4 9;
    %flag_get/vec4 9;
    %jmp/0 T_39.6, 9;
    %load/vec4 v000001b775d06f90_0;
    %pushi/vec4 0, 0, 2;
    %cmp/ne;
    %flag_get/vec4 4;
    %and;
T_39.6;
    %flag_set/vec4 8;
    %jmp/0xz  T_39.4, 8;
    %vpi_call/w 10 164 "$display", "ERROR %t: Attempting to write to cache at the same time as receiving data from SDRAM!", $time {0 0 0};
T_39.4 ;
    %jmp T_39;
    .thread T_39;
    .scope S_000001b775cafe60;
T_40 ;
    %wait E_000001b775ce6830;
    %load/vec4 v000001b775d057d0_0;
    %flag_set/vec4 8;
    %jmp/0xz  T_40.0, 8;
    %pushi/vec4 0, 0, 1;
    %assign/vec4 v000001b775d059b0_0, 0;
    %pushi/vec4 67108863, 67108863, 26;
    %assign/vec4 v000001b775d07030_0, 0;
T_40.0 ;
    %load/vec4 v000001b775d06db0_0;
    %flag_set/vec4 8;
    %jmp/0xz  T_40.2, 8;
    %pushi/vec4 1, 0, 1;
    %assign/vec4 v000001b775d059b0_0, 0;
    %load/vec4 v000001b775d08110_0;
    %parti/s 24, 2, 3;
    %concati/vec4 0, 0, 2;
    %assign/vec4 v000001b775d07030_0, 0;
    %load/vec4 v000001b775d059b0_0;
    %flag_set/vec4 9;
    %flag_get/vec4 9;
    %jmp/0 T_40.6, 9;
    %load/vec4 v000001b775d057d0_0;
    %nor/r;
    %and;
T_40.6;
    %flag_set/vec4 8;
    %jmp/0xz  T_40.4, 8;
    %vpi_call/w 10 195 "$display", "ERROR %t: Attempting to send read request to SDRAM while previous request is still pending!", $time {0 0 0};
T_40.4 ;
T_40.2 ;
    %load/vec4 v000001b775d08610_0;
    %flag_set/vec4 8;
    %jmp/0xz  T_40.7, 8;
    %pushi/vec4 0, 0, 1;
    %assign/vec4 v000001b775d059b0_0, 0;
T_40.7 ;
    %jmp T_40;
    .thread T_40;
    .scope S_000001b775cafe60;
T_41 ;
    %wait E_000001b775ce6830;
    %load/vec4 v000001b775d073f0_0;
    %flag_set/vec4 8;
    %jmp/0xz  T_41.0, 8;
    %load/vec4 v000001b775d05a50_0;
    %assign/vec4 v000001b775d08b10_0, 0;
    %load/vec4 v000001b775d06590_0;
    %assign/vec4 v000001b775d086b0_0, 0;
    %load/vec4 v000001b775d04f10_0;
    %assign/vec4 v000001b775d08110_0, 0;
    %load/vec4 v000001b775d07170_0;
    %assign/vec4 v000001b775d077b0_0, 0;
    %load/vec4 v000001b775d06d10_0;
    %assign/vec4 v000001b775d08250_0, 0;
    %load/vec4 v000001b775d05730_0;
    %assign/vec4 v000001b775d089d0_0, 0;
T_41.0 ;
    %jmp T_41;
    .thread T_41;
    .scope S_000001b775cafe60;
T_42 ;
    %wait E_000001b775ce6830;
    %load/vec4 v000001b775d05370_0;
    %flag_set/vec4 8;
    %jmp/0xz  T_42.0, 8;
    %pushi/vec4 0, 0, 1;
    %assign/vec4 v000001b775d05550_0, 0;
    %pushi/vec4 4294967295, 4294967295, 32;
    %concati/vec4 4294967295, 4294967295, 32;
    %concati/vec4 4294967295, 4294967295, 32;
    %concati/vec4 4294967295, 4294967295, 32;
    %assign/vec4 v000001b775d07350_0, 0;
    %pushi/vec4 0, 0, 16;
    %assign/vec4 v000001b775d054b0_0, 0;
    %pushi/vec4 67108863, 67108863, 26;
    %assign/vec4 v000001b775d06b30_0, 0;
T_42.0 ;
    %load/vec4 v000001b775d061d0_0;
    %flag_set/vec4 8;
    %jmp/0xz  T_42.2, 8;
    %load/vec4 v000001b775d08110_0;
    %parti/s 22, 4, 4;
    %concati/vec4 0, 0, 4;
    %assign/vec4 v000001b775d06b30_0, 0;
    %pushi/vec4 1, 0, 1;
    %assign/vec4 v000001b775d05550_0, 0;
    %fork t_5, S_000001b7757bc140;
    %jmp t_4;
    .scope S_000001b7757bc140;
t_5 ;
    %pushi/vec4 0, 0, 32;
    %store/vec4 v000001b775d06770_0, 0, 32;
T_42.4 ;
    %load/vec4 v000001b775d06770_0;
    %cmpi/s 4, 0, 32;
    %jmp/0xz T_42.5, 5;
    %load/vec4 v000001b775d08250_0;
    %load/vec4 v000001b775d06770_0;
    %part/s 1;
    %flag_set/vec4 8;
    %jmp/0xz  T_42.6, 8;
    %load/vec4 v000001b775d077b0_0;
    %load/vec4 v000001b775d06770_0;
    %muli 8, 0, 32;
    %part/s 8;
    %ix/load 5, 0, 0;
    %load/vec4 v000001b775d08110_0;
    %parti/s 2, 2, 3;
    %pad/u 32;
    %muli 32, 0, 32;
    %load/vec4 v000001b775d06770_0;
    %muli 8, 0, 32;
    %add;
    %ix/vec4 4;
    %assign/vec4/off/d v000001b775d07350_0, 4, 5;
    %pushi/vec4 1, 0, 1;
    %ix/load 5, 0, 0;
    %load/vec4 v000001b775d08110_0;
    %parti/s 2, 2, 3;
    %pad/u 32;
    %muli 4, 0, 32;
    %load/vec4 v000001b775d06770_0;
    %add;
    %ix/vec4 4;
    %assign/vec4/off/d v000001b775d054b0_0, 4, 5;
T_42.6 ;
    ; show_stmt_assign_vector: Get l-value for compressed += operand
    %load/vec4 v000001b775d06770_0;
    %pushi/vec4 1, 0, 32;
    %add;
    %cast2;
    %store/vec4 v000001b775d06770_0, 0, 32;
    %jmp T_42.4;
T_42.5 ;
    %end;
    .scope S_000001b775cafe60;
t_4 %join;
T_42.2 ;
    %load/vec4 v000001b775d08610_0;
    %flag_set/vec4 8;
    %jmp/0xz  T_42.8, 8;
    %pushi/vec4 0, 0, 1;
    %assign/vec4 v000001b775d05550_0, 0;
    %pushi/vec4 0, 0, 16;
    %assign/vec4 v000001b775d054b0_0, 0;
T_42.8 ;
    %jmp T_42;
    .thread T_42;
    .scope S_000001b775cafe60;
T_43 ;
    %wait E_000001b775ce6830;
    %load/vec4 v000001b775d05d70_0;
    %flag_set/vec4 8;
    %jmp/0xz  T_43.0, 8;
    %pushi/vec4 0, 0, 1;
    %assign/vec4 v000001b775d05af0_0, 0;
    %pushi/vec4 4294967295, 4294967295, 32;
    %concati/vec4 4294967295, 4294967295, 32;
    %concati/vec4 4294967295, 4294967295, 32;
    %concati/vec4 4294967295, 4294967295, 32;
    %assign/vec4 v000001b775d04fb0_0, 0;
    %pushi/vec4 65535, 65535, 16;
    %assign/vec4 v000001b775d05b90_0, 0;
    %pushi/vec4 67108863, 67108863, 26;
    %assign/vec4 v000001b775d05690_0, 0;
T_43.0 ;
    %load/vec4 v000001b775d05370_0;
    %flag_set/vec4 8;
    %jmp/0xz  T_43.2, 8;
    %pushi/vec4 1, 0, 1;
    %assign/vec4 v000001b775d05af0_0, 0;
    %load/vec4 v000001b775d07350_0;
    %assign/vec4 v000001b775d04fb0_0, 0;
    %load/vec4 v000001b775d054b0_0;
    %assign/vec4 v000001b775d05b90_0, 0;
    %load/vec4 v000001b775d06b30_0;
    %assign/vec4 v000001b775d05690_0, 0;
    %load/vec4 v000001b775d05550_0;
    %cmpi/e 0, 0, 1;
    %jmp/0xz  T_43.4, 4;
    %vpi_call/w 10 281 "$display", "ERROR %t: Attempting to send invalid buffer to SDRAM!", $time {0 0 0};
T_43.4 ;
    %load/vec4 v000001b775d05af0_0;
    %flag_set/vec4 9;
    %flag_get/vec4 9;
    %jmp/0 T_43.8, 9;
    %load/vec4 v000001b775d05d70_0;
    %nor/r;
    %and;
T_43.8;
    %flag_set/vec4 8;
    %jmp/0xz  T_43.6, 8;
    %vpi_call/w 10 283 "$display", "ERROR %t: Attempting to send buffer to SDRAM while previous write is still pending!", $time {0 0 0};
T_43.6 ;
T_43.2 ;
    %load/vec4 v000001b775d08610_0;
    %flag_set/vec4 8;
    %jmp/0xz  T_43.9, 8;
    %pushi/vec4 0, 0, 1;
    %assign/vec4 v000001b775d05af0_0, 0;
T_43.9 ;
    %jmp T_43;
    .thread T_43;
    .scope S_000001b775cafe60;
T_44 ;
Ewait_11 .event/or E_000001b775ce68b0, E_0x0;
    %wait Ewait_11;
    %load/vec4 v000001b775d05550_0;
    %flag_set/vec4 8;
    %flag_get/vec4 8;
    %jmp/0 T_44.0, 8;
    %load/vec4 v000001b775d06b30_0;
    %parti/s 22, 4, 4;
    %load/vec4 v000001b775d08110_0;
    %parti/s 22, 4, 4;
    %cmp/e;
    %flag_get/vec4 4;
    %and;
T_44.0;
    %store/vec4 v000001b775d08430_0, 0, 1;
    %load/vec4 v000001b775d054b0_0;
    %load/vec4 v000001b775d08110_0;
    %parti/s 2, 2, 3;
    %pad/u 32;
    %muli 4, 0, 32;
    %part/u 4;
    %load/vec4 v000001b775d08250_0;
    %inv;
    %or;
    %pushi/vec4 15, 0, 4;
    %cmp/e;
    %flag_get/vec4 4;
    %store/vec4 v000001b775d078f0_0, 0, 1;
    %load/vec4 v000001b775d07350_0;
    %load/vec4 v000001b775d08110_0;
    %parti/s 2, 2, 3;
    %pad/u 32;
    %muli 32, 0, 32;
    %part/u 32;
    %store/vec4 v000001b775d07990_0, 0, 32;
    %jmp T_44;
    .thread T_44, $push;
    .scope S_000001b775cafe60;
T_45 ;
Ewait_12 .event/or E_000001b775ce75f0, E_0x0;
    %wait Ewait_12;
    %load/vec4 v000001b775d063b0_0;
    %flag_set/vec4 8;
    %jmp/0xz  T_45.0, 8;
    %load/vec4 v000001b775d089d0_0;
    %store/vec4 v000001b775d06270_0, 0, 5;
    %load/vec4 v000001b775d08250_0;
    %dup/vec4;
    %pushi/vec4 1, 0, 4;
    %cmp/u;
    %jmp/1 T_45.2, 6;
    %dup/vec4;
    %pushi/vec4 2, 0, 4;
    %cmp/u;
    %jmp/1 T_45.3, 6;
    %dup/vec4;
    %pushi/vec4 4, 0, 4;
    %cmp/u;
    %jmp/1 T_45.4, 6;
    %dup/vec4;
    %pushi/vec4 8, 0, 4;
    %cmp/u;
    %jmp/1 T_45.5, 6;
    %dup/vec4;
    %pushi/vec4 3, 0, 4;
    %cmp/u;
    %jmp/1 T_45.6, 6;
    %dup/vec4;
    %pushi/vec4 12, 0, 4;
    %cmp/u;
    %jmp/1 T_45.7, 6;
    %dup/vec4;
    %pushi/vec4 15, 0, 4;
    %cmp/u;
    %jmp/1 T_45.8, 6;
    %pushi/vec4 4294967295, 4294967295, 32;
    %store/vec4 v000001b775d050f0_0, 0, 32;
    %jmp T_45.10;
T_45.2 ;
    %load/vec4 v000001b775d087f0_0;
    %parti/s 1, 7, 4;
    %replicate 24;
    %load/vec4 v000001b775d087f0_0;
    %parti/s 8, 0, 2;
    %concat/vec4; draw_concat_vec4
    %store/vec4 v000001b775d050f0_0, 0, 32;
    %jmp T_45.10;
T_45.3 ;
    %load/vec4 v000001b775d087f0_0;
    %parti/s 1, 15, 5;
    %replicate 24;
    %load/vec4 v000001b775d087f0_0;
    %parti/s 8, 8, 5;
    %concat/vec4; draw_concat_vec4
    %store/vec4 v000001b775d050f0_0, 0, 32;
    %jmp T_45.10;
T_45.4 ;
    %load/vec4 v000001b775d087f0_0;
    %parti/s 1, 23, 6;
    %replicate 24;
    %load/vec4 v000001b775d087f0_0;
    %parti/s 8, 16, 6;
    %concat/vec4; draw_concat_vec4
    %store/vec4 v000001b775d050f0_0, 0, 32;
    %jmp T_45.10;
T_45.5 ;
    %load/vec4 v000001b775d087f0_0;
    %parti/s 1, 31, 6;
    %replicate 24;
    %load/vec4 v000001b775d087f0_0;
    %parti/s 8, 24, 6;
    %concat/vec4; draw_concat_vec4
    %store/vec4 v000001b775d050f0_0, 0, 32;
    %jmp T_45.10;
T_45.6 ;
    %load/vec4 v000001b775d087f0_0;
    %parti/s 1, 15, 5;
    %replicate 16;
    %load/vec4 v000001b775d087f0_0;
    %parti/s 16, 0, 2;
    %concat/vec4; draw_concat_vec4
    %store/vec4 v000001b775d050f0_0, 0, 32;
    %jmp T_45.10;
T_45.7 ;
    %load/vec4 v000001b775d087f0_0;
    %parti/s 1, 31, 6;
    %replicate 16;
    %load/vec4 v000001b775d087f0_0;
    %parti/s 16, 16, 6;
    %concat/vec4; draw_concat_vec4
    %store/vec4 v000001b775d050f0_0, 0, 32;
    %jmp T_45.10;
T_45.8 ;
    %load/vec4 v000001b775d087f0_0;
    %store/vec4 v000001b775d050f0_0, 0, 32;
    %jmp T_45.10;
T_45.10 ;
    %pop/vec4 1;
    %jmp T_45.1;
T_45.0 ;
    %pushi/vec4 4294967295, 4294967295, 32;
    %store/vec4 v000001b775d050f0_0, 0, 32;
    %pushi/vec4 31, 31, 5;
    %store/vec4 v000001b775d06270_0, 0, 5;
T_45.1 ;
    %jmp T_45;
    .thread T_45, $push;
    .scope S_000001b775cafe60;
T_46 ;
    %wait E_000001b775ce6830;
    %load/vec4 v000001b775d063b0_0;
    %assign/vec4 v000001b775d05ff0_0, 0;
    %load/vec4 v000001b775d050f0_0;
    %assign/vec4 v000001b775d05050_0, 0;
    %load/vec4 v000001b775d06270_0;
    %assign/vec4 v000001b775d06090_0, 0;
    %jmp T_46;
    .thread T_46;
    .scope S_000001b775cafe60;
T_47 ;
Ewait_13 .event/or E_000001b775ce6df0, E_0x0;
    %wait Ewait_13;
    %pushi/vec4 0, 0, 1;
    %store/vec4 v000001b775d05370_0, 0, 1;
    %pushi/vec4 0, 0, 1;
    %store/vec4 v000001b775d061d0_0, 0, 1;
    %pushi/vec4 0, 0, 1;
    %store/vec4 v000001b775d05410_0, 0, 1;
    %pushi/vec4 0, 0, 1;
    %store/vec4 v000001b775d05e10_0, 0, 1;
    %pushi/vec4 0, 0, 1;
    %store/vec4 v000001b775d06db0_0, 0, 1;
    %load/vec4 v000001b775d07b70_0;
    %store/vec4 v000001b775d06630_0, 0, 2;
    %pushi/vec4 4294967295, 4294967295, 32;
    %store/vec4 v000001b775d087f0_0, 0, 32;
    %pushi/vec4 0, 0, 1;
    %store/vec4 v000001b775d063b0_0, 0, 1;
    %pushi/vec4 0, 0, 1;
    %store/vec4 v000001b775d073f0_0, 0, 1;
    %load/vec4 v000001b775d07b70_0;
    %dup/vec4;
    %pushi/vec4 0, 0, 2;
    %cmp/u;
    %jmp/1 T_47.0, 6;
    %dup/vec4;
    %pushi/vec4 1, 0, 2;
    %cmp/u;
    %jmp/1 T_47.1, 6;
    %dup/vec4;
    %pushi/vec4 2, 0, 2;
    %cmp/u;
    %jmp/1 T_47.2, 6;
    %pushi/vec4 0, 0, 2;
    %store/vec4 v000001b775d06630_0, 0, 2;
    %jmp T_47.4;
T_47.0 ;
    %load/vec4 v000001b775d08b10_0;
    %flag_set/vec4 9;
    %flag_get/vec4 9;
    %jmp/0 T_47.7, 9;
    %load/vec4 v000001b775d086b0_0;
    %and;
T_47.7;
    %flag_set/vec4 8;
    %jmp/0xz  T_47.5, 8;
    %load/vec4 v000001b775d05550_0;
    %cmpi/e 0, 0, 1;
    %jmp/1 T_47.10, 4;
    %flag_mov 8, 4;
    %load/vec4 v000001b775d08430_0;
    %flag_set/vec4 9;
    %flag_or 9, 8;
    %flag_mov 4, 9;
T_47.10;
    %jmp/0xz  T_47.8, 4;
    %pushi/vec4 1, 0, 1;
    %store/vec4 v000001b775d061d0_0, 0, 1;
    %load/vec4 v000001b775d05eb0_0;
    %store/vec4 v000001b775d05410_0, 0, 1;
    %pushi/vec4 1, 0, 1;
    %store/vec4 v000001b775d073f0_0, 0, 1;
    %jmp T_47.9;
T_47.8 ;
    %load/vec4 v000001b775d05af0_0;
    %cmpi/e 0, 0, 1;
    %jmp/0xz  T_47.11, 4;
    %pushi/vec4 1, 0, 1;
    %store/vec4 v000001b775d05370_0, 0, 1;
    %load/vec4 v000001b775d05eb0_0;
    %store/vec4 v000001b775d05410_0, 0, 1;
    %pushi/vec4 1, 0, 1;
    %store/vec4 v000001b775d061d0_0, 0, 1;
    %pushi/vec4 1, 0, 1;
    %store/vec4 v000001b775d073f0_0, 0, 1;
T_47.11 ;
T_47.9 ;
    %jmp T_47.6;
T_47.5 ;
    %load/vec4 v000001b775d08b10_0;
    %flag_set/vec4 9;
    %flag_get/vec4 9;
    %jmp/0 T_47.15, 9;
    %load/vec4 v000001b775d086b0_0;
    %nor/r;
    %and;
T_47.15;
    %flag_set/vec4 8;
    %jmp/0xz  T_47.13, 8;
    %load/vec4 v000001b775d05eb0_0;
    %flag_set/vec4 8;
    %jmp/0xz  T_47.16, 8;
    %pushi/vec4 1, 0, 1;
    %store/vec4 v000001b775d063b0_0, 0, 1;
    %load/vec4 v000001b775d06bd0_0;
    %store/vec4 v000001b775d087f0_0, 0, 32;
    %pushi/vec4 1, 0, 1;
    %store/vec4 v000001b775d073f0_0, 0, 1;
    %jmp T_47.17;
T_47.16 ;
    %load/vec4 v000001b775d08430_0;
    %flag_set/vec4 9;
    %flag_get/vec4 9;
    %jmp/0 T_47.20, 9;
    %load/vec4 v000001b775d078f0_0;
    %and;
T_47.20;
    %flag_set/vec4 8;
    %jmp/0xz  T_47.18, 8;
    %pushi/vec4 1, 0, 1;
    %store/vec4 v000001b775d063b0_0, 0, 1;
    %load/vec4 v000001b775d07990_0;
    %store/vec4 v000001b775d087f0_0, 0, 32;
    %pushi/vec4 1, 0, 1;
    %store/vec4 v000001b775d073f0_0, 0, 1;
    %jmp T_47.19;
T_47.18 ;
    %load/vec4 v000001b775d08430_0;
    %flag_set/vec4 9;
    %flag_get/vec4 9;
    %jmp/0 T_47.23, 9;
    %load/vec4 v000001b775d078f0_0;
    %nor/r;
    %and;
T_47.23;
    %flag_set/vec4 8;
    %jmp/0xz  T_47.21, 8;
    %load/vec4 v000001b775d05af0_0;
    %nor/r;
    %flag_set/vec4 8;
    %jmp/0xz  T_47.24, 8;
    %pushi/vec4 1, 0, 1;
    %store/vec4 v000001b775d05370_0, 0, 1;
    %pushi/vec4 1, 0, 2;
    %store/vec4 v000001b775d06630_0, 0, 2;
T_47.24 ;
    %jmp T_47.22;
T_47.21 ;
    %pushi/vec4 1, 0, 1;
    %store/vec4 v000001b775d06db0_0, 0, 1;
    %pushi/vec4 1, 0, 1;
    %store/vec4 v000001b775d05e10_0, 0, 1;
    %pushi/vec4 2, 0, 2;
    %store/vec4 v000001b775d06630_0, 0, 2;
T_47.22 ;
T_47.19 ;
T_47.17 ;
    %jmp T_47.14;
T_47.13 ;
    %pushi/vec4 1, 0, 1;
    %store/vec4 v000001b775d073f0_0, 0, 1;
T_47.14 ;
T_47.6 ;
    %jmp T_47.4;
T_47.1 ;
    %load/vec4 v000001b775d05d70_0;
    %flag_set/vec4 8;
    %jmp/0xz  T_47.26, 8;
    %pushi/vec4 1, 0, 1;
    %store/vec4 v000001b775d06db0_0, 0, 1;
    %pushi/vec4 1, 0, 1;
    %store/vec4 v000001b775d05e10_0, 0, 1;
    %pushi/vec4 2, 0, 2;
    %store/vec4 v000001b775d06630_0, 0, 2;
T_47.26 ;
    %jmp T_47.4;
T_47.2 ;
    %load/vec4 v000001b775d06f90_0;
    %cmpi/e 1, 0, 2;
    %jmp/0xz  T_47.28, 4;
    %load/vec4 v000001b775d05230_0;
    %store/vec4 v000001b775d087f0_0, 0, 32;
    %pushi/vec4 1, 0, 1;
    %store/vec4 v000001b775d063b0_0, 0, 1;
T_47.28 ;
    %load/vec4 v000001b775d06f90_0;
    %cmpi/e 3, 0, 2;
    %jmp/0xz  T_47.30, 4;
    %pushi/vec4 1, 0, 1;
    %store/vec4 v000001b775d073f0_0, 0, 1;
    %pushi/vec4 0, 0, 2;
    %store/vec4 v000001b775d06630_0, 0, 2;
T_47.30 ;
    %jmp T_47.4;
T_47.4 ;
    %pop/vec4 1;
    %load/vec4 v000001b775d08610_0;
    %flag_set/vec4 8;
    %jmp/0xz  T_47.32, 8;
    %pushi/vec4 0, 0, 2;
    %store/vec4 v000001b775d06630_0, 0, 2;
T_47.32 ;
    %jmp T_47;
    .thread T_47, $push;
    .scope S_000001b775cafe60;
T_48 ;
    %wait E_000001b775ce6830;
    %load/vec4 v000001b775d06630_0;
    %assign/vec4 v000001b775d07b70_0, 0;
    %jmp T_48;
    .thread T_48;
    .scope S_000001b775d0d970;
T_49 ;
Ewait_14 .event/or E_000001b775ce73f0, E_0x0;
    %wait Ewait_14;
    %load/vec4 v000001b775d716b0_0;
    %store/vec4 v000001b775d700d0_0, 0, 32;
    %load/vec4 v000001b775d70490_0;
    %store/vec4 v000001b775d6fbd0_0, 0, 8;
    %load/vec4 v000001b775d70cb0_0;
    %store/vec4 v000001b775d70670_0, 0, 32;
    %load/vec4 v000001b775d6fe50_0;
    %store/vec4 v000001b775d6fc70_0, 0, 8;
    %load/vec4 v000001b775d71750_0;
    %store/vec4 v000001b775d702b0_0, 0, 32;
    %load/vec4 v000001b775d71b10_0;
    %store/vec4 v000001b775d6fb30_0, 0, 8;
    %load/vec4 v000001b775d70b70_0;
    %store/vec4 v000001b775d70170_0, 0, 32;
    %load/vec4 v000001b775d70210_0;
    %store/vec4 v000001b775d71430_0, 0, 8;
    %load/vec4 v000001b775d703f0_0;
    %store/vec4 v000001b775d70f30_0, 0, 8;
    %load/vec4 v000001b775d6fef0_0;
    %store/vec4 v000001b775d71250_0, 0, 32;
    %load/vec4 v000001b775d70530_0;
    %store/vec4 v000001b775d71c50_0, 0, 32;
    %load/vec4 v000001b775d6ff90_0;
    %cmpi/ne 0, 0, 32;
    %flag_mov 8, 4;
    %jmp/0 T_49.0, 8;
    %load/vec4 v000001b775d6ff90_0;
    %subi 1, 0, 32;
    %jmp/1 T_49.1, 8;
T_49.0 ; End of true expr.
    %pushi/vec4 0, 0, 32;
    %jmp/0 T_49.1, 8;
 ; End of false expr.
    %blend;
T_49.1;
    %store/vec4 v000001b775d71f70_0, 0, 32;
    %pushi/vec4 0, 0, 1;
    %store/vec4 v000001b775d71390_0, 0, 1;
    %pushi/vec4 0, 0, 5;
    %store/vec4 v000001b775d71bb0_0, 0, 5;
    %pushi/vec4 0, 0, 1;
    %store/vec4 v000001b775d6fa90_0, 0, 1;
    %pushi/vec4 0, 0, 1;
    %store/vec4 v000001b775d711b0_0, 0, 1;
    %pushi/vec4 0, 0, 32;
    %store/vec4 v000001b775d71cf0_0, 0, 32;
    %pushi/vec4 4294967295, 4294967295, 32;
    %store/vec4 v000001b775d71890_0, 0, 32;
    %pushi/vec4 0, 0, 1;
    %store/vec4 v000001b775d708f0_0, 0, 1;
    %pushi/vec4 0, 0, 1;
    %store/vec4 v000001b775d71070_0, 0, 1;
    %pushi/vec4 4294901764, 0, 32;
    %store/vec4 v000001b775d6f950_0, 0, 32;
    %pushi/vec4 0, 0, 32;
    %store/vec4 v000001b775d6da10_0, 0, 32;
    %pushi/vec4 0, 0, 1;
    %store/vec4 v000001b775d70c10_0, 0, 1;
    %load/vec4 v000001b775d714d0_0;
    %flag_set/vec4 9;
    %flag_get/vec4 9;
    %jmp/0 T_49.4, 9;
    %load/vec4 v000001b775d70fd0_0;
    %pushi/vec4 1, 0, 3;
    %cmp/e;
    %flag_get/vec4 4;
    %and;
T_49.4;
    %flag_set/vec4 8;
    %jmp/0xz  T_49.2, 8;
    %load/vec4 v000001b775d70350_0;
    %parti/s 8, 0, 2;
    %dup/vec4;
    %pushi/vec4 2, 0, 8;
    %cmp/u;
    %jmp/1 T_49.5, 6;
    %dup/vec4;
    %pushi/vec4 3, 0, 8;
    %cmp/u;
    %jmp/1 T_49.6, 6;
    %dup/vec4;
    %pushi/vec4 4, 0, 8;
    %cmp/u;
    %jmp/1 T_49.7, 6;
    %dup/vec4;
    %pushi/vec4 5, 0, 8;
    %cmp/u;
    %jmp/1 T_49.8, 6;
    %dup/vec4;
    %pushi/vec4 6, 0, 8;
    %cmp/u;
    %jmp/1 T_49.9, 6;
    %dup/vec4;
    %pushi/vec4 1, 0, 8;
    %cmp/u;
    %jmp/1 T_49.10, 6;
    %dup/vec4;
    %pushi/vec4 10, 0, 8;
    %cmp/u;
    %jmp/1 T_49.11, 6;
    %dup/vec4;
    %pushi/vec4 11, 0, 8;
    %cmp/u;
    %jmp/1 T_49.12, 6;
    %dup/vec4;
    %pushi/vec4 13, 0, 8;
    %cmp/u;
    %jmp/1 T_49.13, 6;
    %dup/vec4;
    %pushi/vec4 15, 0, 8;
    %cmp/u;
    %jmp/1 T_49.14, 6;
    %dup/vec4;
    %pushi/vec4 7, 0, 8;
    %cmp/u;
    %jmp/1 T_49.15, 6;
    %dup/vec4;
    %pushi/vec4 8, 0, 8;
    %cmp/u;
    %jmp/1 T_49.16, 6;
    %dup/vec4;
    %pushi/vec4 9, 0, 8;
    %cmp/u;
    %jmp/1 T_49.17, 6;
    %dup/vec4;
    %pushi/vec4 16, 0, 8;
    %cmp/u;
    %jmp/1 T_49.18, 6;
    %dup/vec4;
    %pushi/vec4 14, 0, 8;
    %cmp/u;
    %jmp/1 T_49.19, 6;
    %jmp T_49.21;
T_49.5 ;
    %load/vec4 v000001b775d70d50_0;
    %store/vec4 v000001b775d700d0_0, 0, 32;
    %jmp T_49.21;
T_49.6 ;
    %load/vec4 v000001b775d70d50_0;
    %parti/s 8, 0, 2;
    %store/vec4 v000001b775d6fbd0_0, 0, 8;
    %jmp T_49.21;
T_49.7 ;
    %load/vec4 v000001b775d70d50_0;
    %store/vec4 v000001b775d70670_0, 0, 32;
    %jmp T_49.21;
T_49.8 ;
    %load/vec4 v000001b775d70d50_0;
    %parti/s 8, 0, 2;
    %store/vec4 v000001b775d6fc70_0, 0, 8;
    %jmp T_49.21;
T_49.9 ;
    %load/vec4 v000001b775d70d50_0;
    %store/vec4 v000001b775d702b0_0, 0, 32;
    %jmp T_49.21;
T_49.10 ;
    %load/vec4 v000001b775d70d50_0;
    %parti/s 8, 0, 2;
    %store/vec4 v000001b775d6fb30_0, 0, 8;
    %jmp T_49.21;
T_49.11 ;
    %load/vec4 v000001b775d70d50_0;
    %store/vec4 v000001b775d70170_0, 0, 32;
    %jmp T_49.21;
T_49.12 ;
    %load/vec4 v000001b775d70d50_0;
    %parti/s 8, 0, 2;
    %store/vec4 v000001b775d71430_0, 0, 8;
    %jmp T_49.21;
T_49.13 ;
    %load/vec4 v000001b775d70d50_0;
    %parti/s 8, 0, 2;
    %store/vec4 v000001b775d70f30_0, 0, 8;
    %jmp T_49.21;
T_49.14 ;
    %load/vec4 v000001b775d70d50_0;
    %store/vec4 v000001b775d71250_0, 0, 32;
    %jmp T_49.21;
T_49.15 ;
    %load/vec4 v000001b775d70d50_0;
    %store/vec4 v000001b775d71f70_0, 0, 32;
    %jmp T_49.21;
T_49.16 ;
    %pushi/vec4 1, 0, 1;
    %store/vec4 v000001b775d6fa90_0, 0, 1;
    %jmp T_49.21;
T_49.17 ;
    %pushi/vec4 1, 0, 1;
    %store/vec4 v000001b775d711b0_0, 0, 1;
    %load/vec4 v000001b775d70d50_0;
    %store/vec4 v000001b775d71cf0_0, 0, 32;
    %jmp T_49.21;
T_49.18 ;
    %load/vec4 v000001b775d70d50_0;
    %parti/s 1, 0, 2;
    %store/vec4 v000001b775d70c10_0, 0, 1;
    %jmp T_49.21;
T_49.19 ;
    %load/vec4 v000001b775d70d50_0;
    %store/vec4 v000001b775d71c50_0, 0, 32;
    %jmp T_49.21;
T_49.21 ;
    %pop/vec4 1;
T_49.2 ;
    %load/vec4 v000001b775d714d0_0;
    %flag_set/vec4 9;
    %flag_get/vec4 9;
    %jmp/0 T_49.24, 9;
    %load/vec4 v000001b775d70fd0_0;
    %cmpi/e 0, 0, 3;
    %flag_get/vec4 4;
    %jmp/1 T_49.25, 4;
    %load/vec4 v000001b775d70fd0_0;
    %pushi/vec4 1, 0, 3;
    %cmp/e;
    %flag_get/vec4 4;
    %or;
T_49.25;
    %and;
T_49.24;
    %flag_set/vec4 8;
    %jmp/0xz  T_49.22, 8;
    %load/vec4 v000001b775d70350_0;
    %parti/s 8, 0, 2;
    %dup/vec4;
    %pushi/vec4 0, 0, 8;
    %cmp/u;
    %jmp/1 T_49.26, 6;
    %dup/vec4;
    %pushi/vec4 2, 0, 8;
    %cmp/u;
    %jmp/1 T_49.27, 6;
    %dup/vec4;
    %pushi/vec4 3, 0, 8;
    %cmp/u;
    %jmp/1 T_49.28, 6;
    %dup/vec4;
    %pushi/vec4 4, 0, 8;
    %cmp/u;
    %jmp/1 T_49.29, 6;
    %dup/vec4;
    %pushi/vec4 5, 0, 8;
    %cmp/u;
    %jmp/1 T_49.30, 6;
    %dup/vec4;
    %pushi/vec4 6, 0, 8;
    %cmp/u;
    %jmp/1 T_49.31, 6;
    %dup/vec4;
    %pushi/vec4 1, 0, 8;
    %cmp/u;
    %jmp/1 T_49.32, 6;
    %dup/vec4;
    %pushi/vec4 10, 0, 8;
    %cmp/u;
    %jmp/1 T_49.33, 6;
    %dup/vec4;
    %pushi/vec4 11, 0, 8;
    %cmp/u;
    %jmp/1 T_49.34, 6;
    %dup/vec4;
    %pushi/vec4 13, 0, 8;
    %cmp/u;
    %jmp/1 T_49.35, 6;
    %dup/vec4;
    %pushi/vec4 15, 0, 8;
    %cmp/u;
    %jmp/1 T_49.36, 6;
    %dup/vec4;
    %pushi/vec4 7, 0, 8;
    %cmp/u;
    %jmp/1 T_49.37, 6;
    %dup/vec4;
    %pushi/vec4 16, 0, 8;
    %cmp/u;
    %jmp/1 T_49.38, 6;
    %dup/vec4;
    %pushi/vec4 14, 0, 8;
    %cmp/u;
    %jmp/1 T_49.39, 6;
    %jmp T_49.41;
T_49.26 ;
    %pushi/vec4 131072, 0, 32;
    %store/vec4 v000001b775d71890_0, 0, 32;
    %jmp T_49.41;
T_49.27 ;
    %load/vec4 v000001b775d716b0_0;
    %store/vec4 v000001b775d71890_0, 0, 32;
    %jmp T_49.41;
T_49.28 ;
    %pushi/vec4 0, 0, 24;
    %load/vec4 v000001b775d70490_0;
    %concat/vec4; draw_concat_vec4
    %store/vec4 v000001b775d71890_0, 0, 32;
    %jmp T_49.41;
T_49.29 ;
    %load/vec4 v000001b775d70cb0_0;
    %store/vec4 v000001b775d71890_0, 0, 32;
    %jmp T_49.41;
T_49.30 ;
    %pushi/vec4 0, 0, 24;
    %load/vec4 v000001b775d6fe50_0;
    %concat/vec4; draw_concat_vec4
    %store/vec4 v000001b775d71890_0, 0, 32;
    %jmp T_49.41;
T_49.31 ;
    %load/vec4 v000001b775d71750_0;
    %store/vec4 v000001b775d71890_0, 0, 32;
    %jmp T_49.41;
T_49.32 ;
    %pushi/vec4 0, 0, 24;
    %load/vec4 v000001b775d71b10_0;
    %concat/vec4; draw_concat_vec4
    %store/vec4 v000001b775d71890_0, 0, 32;
    %jmp T_49.41;
T_49.33 ;
    %load/vec4 v000001b775d70b70_0;
    %store/vec4 v000001b775d71890_0, 0, 32;
    %jmp T_49.41;
T_49.34 ;
    %pushi/vec4 0, 0, 24;
    %load/vec4 v000001b775d70210_0;
    %concat/vec4; draw_concat_vec4
    %store/vec4 v000001b775d71890_0, 0, 32;
    %jmp T_49.41;
T_49.35 ;
    %pushi/vec4 0, 0, 24;
    %load/vec4 v000001b775d703f0_0;
    %concat/vec4; draw_concat_vec4
    %store/vec4 v000001b775d71890_0, 0, 32;
    %jmp T_49.41;
T_49.36 ;
    %load/vec4 v000001b775d6fef0_0;
    %store/vec4 v000001b775d71890_0, 0, 32;
    %jmp T_49.41;
T_49.37 ;
    %load/vec4 v000001b775d6ff90_0;
    %store/vec4 v000001b775d71890_0, 0, 32;
    %jmp T_49.41;
T_49.38 ;
    %pushi/vec4 0, 0, 31;
    %load/vec4 v000001b775d70030_0;
    %concat/vec4; draw_concat_vec4
    %store/vec4 v000001b775d71890_0, 0, 32;
    %jmp T_49.41;
T_49.39 ;
    %load/vec4 v000001b775d70530_0;
    %store/vec4 v000001b775d71890_0, 0, 32;
    %jmp T_49.41;
T_49.41 ;
    %pop/vec4 1;
T_49.22 ;
    %load/vec4 v000001b775d6f9f0_0;
    %flag_set/vec4 8;
    %jmp/0xz  T_49.42, 8;
    %load/vec4 v000001b775d70ad0_0;
    %flag_set/vec4 8;
    %jmp/0 T_49.44, 8;
    %pushi/vec4 6, 0, 8;
    %jmp/1 T_49.45, 8;
T_49.44 ; End of true expr.
    %pushi/vec4 4, 0, 8;
    %jmp/0 T_49.45, 8;
 ; End of false expr.
    %blend;
T_49.45;
    %store/vec4 v000001b775d6fbd0_0, 0, 8;
    %load/vec4 v000001b775d70850_0;
    %store/vec4 v000001b775d70670_0, 0, 32;
    %pushi/vec4 1, 0, 1;
    %store/vec4 v000001b775d708f0_0, 0, 1;
    %jmp T_49.43;
T_49.42 ;
    %load/vec4 v000001b775d71d90_0;
    %flag_set/vec4 8;
    %jmp/0xz  T_49.46, 8;
    %load/vec4 v000001b775d70ad0_0;
    %flag_set/vec4 8;
    %jmp/0 T_49.48, 8;
    %pushi/vec4 7, 0, 8;
    %jmp/1 T_49.49, 8;
T_49.48 ; End of true expr.
    %pushi/vec4 5, 0, 8;
    %jmp/0 T_49.49, 8;
 ; End of false expr.
    %blend;
T_49.49;
    %store/vec4 v000001b775d6fbd0_0, 0, 8;
    %load/vec4 v000001b775d70850_0;
    %store/vec4 v000001b775d70670_0, 0, 32;
    %pushi/vec4 1, 0, 1;
    %store/vec4 v000001b775d708f0_0, 0, 1;
T_49.46 ;
T_49.43 ;
    %load/vec4 v000001b775d712f0_0;
    %flag_set/vec4 8;
    %jmp/0xz  T_49.50, 8;
    %pushi/vec4 2, 0, 8;
    %store/vec4 v000001b775d6fbd0_0, 0, 8;
    %load/vec4 v000001b775d72010_0;
    %store/vec4 v000001b775d70670_0, 0, 32;
    %pushi/vec4 1, 0, 1;
    %store/vec4 v000001b775d708f0_0, 0, 1;
T_49.50 ;
    %load/vec4 v000001b775d70990_0;
    %flag_set/vec4 8;
    %jmp/0xz  T_49.52, 8;
    %pushi/vec4 9, 0, 8;
    %store/vec4 v000001b775d6fbd0_0, 0, 8;
    %load/vec4 v000001b775d70d50_0;
    %store/vec4 v000001b775d70670_0, 0, 32;
    %pushi/vec4 1, 0, 1;
    %store/vec4 v000001b775d708f0_0, 0, 1;
T_49.52 ;
    %load/vec4 v000001b775d714d0_0;
    %flag_set/vec4 9;
    %flag_get/vec4 9;
    %jmp/0 T_49.56, 9;
    %load/vec4 v000001b775d70fd0_0;
    %pushi/vec4 3, 0, 3;
    %cmp/e;
    %flag_get/vec4 4;
    %and;
T_49.56;
    %flag_set/vec4 8;
    %jmp/0xz  T_49.54, 8;
    %pushi/vec4 8, 0, 8;
    %store/vec4 v000001b775d6fbd0_0, 0, 8;
    %load/vec4 v000001b775d70350_0;
    %store/vec4 v000001b775d70670_0, 0, 32;
    %pushi/vec4 1, 0, 1;
    %store/vec4 v000001b775d708f0_0, 0, 1;
T_49.54 ;
    %load/vec4 v000001b775d714d0_0;
    %flag_set/vec4 10;
    %flag_get/vec4 10;
    %jmp/0 T_49.60, 10;
    %load/vec4 v000001b775d70fd0_0;
    %pushi/vec4 7, 0, 3;
    %cmp/e;
    %flag_get/vec4 4;
    %and;
T_49.60;
    %flag_set/vec4 9;
    %flag_get/vec4 9;
    %jmp/0 T_49.59, 9;
    %load/vec4 v000001b775d71b10_0;
    %parti/s 1, 1, 2;
    %and;
T_49.59;
    %flag_set/vec4 8;
    %jmp/0xz  T_49.57, 8;
    %load/vec4 v000001b775d70350_0;
    %parti/s 8, 0, 2;
    %store/vec4 v000001b775d71430_0, 0, 8;
    %load/vec4 v000001b775d6f8b0_0;
    %store/vec4 v000001b775d70170_0, 0, 32;
    %load/vec4 v000001b775d71b10_0;
    %store/vec4 v000001b775d70f30_0, 0, 8;
    %load/vec4 v000001b775d71b10_0;
    %pushi/vec4 1, 0, 8;
    %or;
    %pushi/vec4 253, 0, 8;
    %and;
    %store/vec4 v000001b775d6fb30_0, 0, 8;
    %pushi/vec4 1, 0, 32;
    %load/vec4 v000001b775d70350_0;
    %parti/s 5, 0, 2;
    %ix/vec4 4;
    %shiftl 4;
    %store/vec4 v000001b775d6da10_0, 0, 32;
    %pushi/vec4 1, 0, 1;
    %store/vec4 v000001b775d71070_0, 0, 1;
    %load/vec4 v000001b775d6fef0_0;
    %store/vec4 v000001b775d6f950_0, 0, 32;
T_49.57 ;
    %load/vec4 v000001b775d714d0_0;
    %flag_set/vec4 9;
    %flag_get/vec4 9;
    %jmp/0 T_49.63, 9;
    %load/vec4 v000001b775d70fd0_0;
    %pushi/vec4 2, 0, 3;
    %cmp/e;
    %flag_get/vec4 4;
    %and;
T_49.63;
    %flag_set/vec4 8;
    %jmp/0xz  T_49.61, 8;
    %pushi/vec4 1, 0, 1;
    %store/vec4 v000001b775d71070_0, 0, 1;
    %load/vec4 v000001b775d70350_0;
    %parti/s 1, 0, 2;
    %cmpi/e 0, 0, 1;
    %jmp/0xz  T_49.64, 4;
    %load/vec4 v000001b775d716b0_0;
    %store/vec4 v000001b775d6f950_0, 0, 32;
    %load/vec4 v000001b775d6fe50_0;
    %store/vec4 v000001b775d6fb30_0, 0, 8;
    %jmp T_49.65;
T_49.64 ;
    %load/vec4 v000001b775d70b70_0;
    %store/vec4 v000001b775d6f950_0, 0, 32;
    %load/vec4 v000001b775d703f0_0;
    %store/vec4 v000001b775d6fb30_0, 0, 8;
T_49.65 ;
T_49.61 ;
    %load/vec4 v000001b775d708f0_0;
    %flag_set/vec4 8;
    %jmp/0xz  T_49.66, 8;
    %load/vec4 v000001b775d71d90_0;
    %flag_set/vec4 8;
    %jmp/1 T_49.70, 8;
    %load/vec4 v000001b775d6f9f0_0;
    %flag_set/vec4 9;
    %flag_or 8, 9;
T_49.70;
    %jmp/0 T_49.68, 8;
    %load/vec4 v000001b775d6fd10_0;
    %jmp/1 T_49.69, 8;
T_49.68 ; End of true expr.
    %load/vec4 v000001b775d6f8b0_0;
    %jmp/0 T_49.69, 8;
 ; End of false expr.
    %blend;
T_49.69;
    %store/vec4 v000001b775d700d0_0, 0, 32;
    %load/vec4 v000001b775d71b10_0;
    %store/vec4 v000001b775d6fc70_0, 0, 8;
    %load/vec4 v000001b775d71b10_0;
    %pushi/vec4 1, 0, 8;
    %or;
    %store/vec4 v000001b775d6fb30_0, 0, 8;
    %pushi/vec4 1, 0, 1;
    %store/vec4 v000001b775d71070_0, 0, 1;
T_49.66 ;
    %load/vec4 v000001b775d6ff90_0;
    %pushi/vec4 1, 0, 32;
    %cmp/e;
    %flag_get/vec4 4;
    %store/vec4 v000001b775d70e90_0, 0, 1;
    %pushi/vec4 0, 0, 32;
    %store/vec4 v000001b775d71610_0, 0, 32;
T_49.71 ;
    %load/vec4 v000001b775d71610_0;
    %cmpi/s 32, 0, 32;
    %jmp/0xz T_49.72, 5;
    %load/vec4 v000001b775d6fdb0_0;
    %load/vec4 v000001b775d71610_0;
    %part/s 1;
    %flag_set/vec4 8;
    %jmp/0xz  T_49.73, 8;
    %pushi/vec4 1, 0, 1;
    %store/vec4 v000001b775d71390_0, 0, 1;
    %load/vec4 v000001b775d71610_0;
    %parti/s 5, 0, 2;
    %store/vec4 v000001b775d71bb0_0, 0, 5;
T_49.73 ;
    %load/vec4 v000001b775d71610_0;
    %addi 1, 0, 32;
    %store/vec4 v000001b775d71610_0, 0, 32;
    %jmp T_49.71;
T_49.72 ;
    %load/vec4 v000001b775d71b10_0;
    %parti/s 1, 1, 2;
    %nor/r;
    %flag_set/vec4 8;
    %jmp/0xz  T_49.75, 8;
    %pushi/vec4 0, 0, 1;
    %store/vec4 v000001b775d71390_0, 0, 1;
T_49.75 ;
    %load/vec4 v000001b775d6fdb0_0;
    %load/vec4 v000001b775d71110_0;
    %load/vec4 v000001b775d71930_0;
    %concat/vec4; draw_concat_vec4
    %or;
    %load/vec4 v000001b775d6da10_0;
    %inv;
    %and;
    %store/vec4 v000001b775d71e30_0, 0, 32;
    %load/vec4 v000001b775d705d0_0;
    %flag_set/vec4 8;
    %jmp/0xz  T_49.77, 8;
    %pushi/vec4 1, 0, 8;
    %store/vec4 v000001b775d6fb30_0, 0, 8;
    %pushi/vec4 0, 0, 32;
    %store/vec4 v000001b775d71e30_0, 0, 32;
    %pushi/vec4 0, 0, 32;
    %store/vec4 v000001b775d71f70_0, 0, 32;
T_49.77 ;
    %jmp T_49;
    .thread T_49, $push;
    .scope S_000001b775d0d970;
T_50 ;
    %wait E_000001b775ce6830;
    %load/vec4 v000001b775d700d0_0;
    %assign/vec4 v000001b775d716b0_0, 0;
    %load/vec4 v000001b775d6fbd0_0;
    %assign/vec4 v000001b775d70490_0, 0;
    %load/vec4 v000001b775d70670_0;
    %assign/vec4 v000001b775d70cb0_0, 0;
    %load/vec4 v000001b775d6fc70_0;
    %assign/vec4 v000001b775d6fe50_0, 0;
    %load/vec4 v000001b775d702b0_0;
    %assign/vec4 v000001b775d71750_0, 0;
    %load/vec4 v000001b775d6fb30_0;
    %assign/vec4 v000001b775d71b10_0, 0;
    %load/vec4 v000001b775d70170_0;
    %assign/vec4 v000001b775d70b70_0, 0;
    %load/vec4 v000001b775d71430_0;
    %assign/vec4 v000001b775d70210_0, 0;
    %load/vec4 v000001b775d70f30_0;
    %assign/vec4 v000001b775d703f0_0, 0;
    %load/vec4 v000001b775d71250_0;
    %assign/vec4 v000001b775d6fef0_0, 0;
    %load/vec4 v000001b775d71f70_0;
    %assign/vec4 v000001b775d6ff90_0, 0;
    %load/vec4 v000001b775d71c50_0;
    %assign/vec4 v000001b775d70530_0, 0;
    %load/vec4 v000001b775d70e90_0;
    %assign/vec4 v000001b775d71930_0, 0;
    %load/vec4 v000001b775d6fa90_0;
    %assign/vec4 v000001b775d6dfb0_0, 0;
    %load/vec4 v000001b775d711b0_0;
    %assign/vec4 v000001b775d6dc90_0, 0;
    %load/vec4 v000001b775d71cf0_0;
    %assign/vec4 v000001b775d6e870_0, 0;
    %load/vec4 v000001b775d714d0_0;
    %flag_set/vec4 8;
    %flag_get/vec4 8;
    %jmp/0 T_50.0, 8;
    %load/vec4 v000001b775d70fd0_0;
    %cmpi/e 0, 0, 3;
    %flag_get/vec4 4;
    %jmp/1 T_50.1, 4;
    %load/vec4 v000001b775d70fd0_0;
    %pushi/vec4 1, 0, 3;
    %cmp/e;
    %flag_get/vec4 4;
    %or;
T_50.1;
    %and;
T_50.0;
    %assign/vec4 v000001b775d717f0_0, 0;
    %load/vec4 v000001b775d71570_0;
    %assign/vec4 v000001b775d70710_0, 0;
    %load/vec4 v000001b775d71890_0;
    %assign/vec4 v000001b775d70df0_0, 0;
    %load/vec4 v000001b775d71390_0;
    %assign/vec4 v000001b775d71ed0_0, 0;
    %load/vec4 v000001b775d71bb0_0;
    %assign/vec4 v000001b775d70a30_0, 0;
    %load/vec4 v000001b775d71e30_0;
    %assign/vec4 v000001b775d6fdb0_0, 0;
    %load/vec4 v000001b775d70c10_0;
    %assign/vec4 v000001b775d71a70_0, 0;
    %jmp T_50;
    .thread T_50;
    .scope S_000001b775ccb840;
T_51 ;
    %pushi/vec4 0, 0, 1;
    %store/vec4 v000001b775d748b0_0, 0, 1;
    %pushi/vec4 0, 0, 1;
    %store/vec4 v000001b775d7a340_0, 0, 1;
    %end;
    .thread T_51, $init;
    .scope S_000001b775ccb840;
T_52 ;
    %wait E_000001b775ce6830;
    %load/vec4 v000001b775d7bba0_0;
    %assign/vec4 v000001b775d735f0_0, 0;
    %jmp T_52;
    .thread T_52;
    .scope S_000001b775d0e140;
T_53 ;
Ewait_15 .event/or E_000001b775ce6770, E_0x0;
    %wait Ewait_15;
    %pushi/vec4 0, 0, 1;
    %store/vec4 v000001b775d93b70_0, 0, 1;
    %pushi/vec4 0, 0, 1;
    %store/vec4 v000001b775d923b0_0, 0, 1;
    %pushi/vec4 0, 0, 1;
    %store/vec4 v000001b775d921d0_0, 0, 1;
    %pushi/vec4 0, 0, 1;
    %store/vec4 v000001b775d949d0_0, 0, 1;
    %load/vec4 v000001b775d94cf0_0;
    %flag_set/vec4 8;
    %jmp/0xz  T_53.0, 8;
    %load/vec4 v000001b775d95fb0_0;
    %store/vec4 v000001b775d951f0_0, 0, 1;
    %load/vec4 v000001b775d944d0_0;
    %store/vec4 v000001b775d96730_0, 0, 1;
    %load/vec4 v000001b775d94930_0;
    %store/vec4 v000001b775d93030_0, 0, 26;
    %load/vec4 v000001b775d95290_0;
    %store/vec4 v000001b775d960f0_0, 0, 128;
    %load/vec4 v000001b775d965f0_0;
    %store/vec4 v000001b775d95e70_0, 0, 16;
    %load/vec4 v000001b775d94ed0_0;
    %store/vec4 v000001b775d958d0_0, 0, 10;
    %pushi/vec4 0, 0, 1;
    %store/vec4 v000001b775d92a90_0, 0, 1;
    %pushi/vec4 1, 1, 1;
    %store/vec4 v000001b775d92770_0, 0, 1;
    %pushi/vec4 67108863, 67108863, 26;
    %store/vec4 v000001b775d92090_0, 0, 26;
    %pushi/vec4 4294967295, 4294967295, 32;
    %concati/vec4 4294967295, 4294967295, 32;
    %concati/vec4 4294967295, 4294967295, 32;
    %concati/vec4 4294967295, 4294967295, 32;
    %store/vec4 v000001b775d92590_0, 0, 128;
    %pushi/vec4 65535, 65535, 16;
    %store/vec4 v000001b775d92b30_0, 0, 16;
    %pushi/vec4 1023, 1023, 10;
    %store/vec4 v000001b775d92270_0, 0, 10;
    %jmp T_53.1;
T_53.0 ;
    %load/vec4 v000001b775d94e30_0;
    %store/vec4 v000001b775d951f0_0, 0, 1;
    %load/vec4 v000001b775d962d0_0;
    %store/vec4 v000001b775d96730_0, 0, 1;
    %load/vec4 v000001b775d95330_0;
    %store/vec4 v000001b775d93030_0, 0, 26;
    %load/vec4 v000001b775d94f70_0;
    %store/vec4 v000001b775d960f0_0, 0, 128;
    %load/vec4 v000001b775d96190_0;
    %store/vec4 v000001b775d95e70_0, 0, 16;
    %load/vec4 v000001b775d967d0_0;
    %store/vec4 v000001b775d958d0_0, 0, 10;
    %load/vec4 v000001b775d95fb0_0;
    %store/vec4 v000001b775d92a90_0, 0, 1;
    %load/vec4 v000001b775d944d0_0;
    %store/vec4 v000001b775d92770_0, 0, 1;
    %load/vec4 v000001b775d94930_0;
    %store/vec4 v000001b775d92090_0, 0, 26;
    %load/vec4 v000001b775d95290_0;
    %store/vec4 v000001b775d92590_0, 0, 128;
    %load/vec4 v000001b775d965f0_0;
    %store/vec4 v000001b775d92b30_0, 0, 16;
    %load/vec4 v000001b775d94ed0_0;
    %store/vec4 v000001b775d92270_0, 0, 10;
T_53.1 ;
    %load/vec4 v000001b775d95fb0_0;
    %flag_set/vec4 8;
    %jmp/0xz  T_53.2, 8;
    %pushi/vec4 0, 0, 1;
    %store/vec4 v000001b775d92ef0_0, 0, 1;
    %pushi/vec4 1, 1, 1;
    %store/vec4 v000001b775d93d50_0, 0, 1;
    %pushi/vec4 67108863, 67108863, 26;
    %store/vec4 v000001b775d93ad0_0, 0, 26;
    %pushi/vec4 4294967295, 4294967295, 32;
    %concati/vec4 4294967295, 4294967295, 32;
    %concati/vec4 4294967295, 4294967295, 32;
    %concati/vec4 4294967295, 4294967295, 32;
    %store/vec4 v000001b775d92f90_0, 0, 128;
    %pushi/vec4 65535, 65535, 16;
    %store/vec4 v000001b775d91f50_0, 0, 16;
    %pushi/vec4 1023, 1023, 10;
    %store/vec4 v000001b775d91d70_0, 0, 10;
    %jmp T_53.3;
T_53.2 ;
    %load/vec4 v000001b775d95a10_0;
    %flag_set/vec4 8;
    %jmp/0xz  T_53.4, 8;
    %pushi/vec4 1, 0, 1;
    %store/vec4 v000001b775d949d0_0, 0, 1;
    %pushi/vec4 1, 0, 1;
    %store/vec4 v000001b775d92ef0_0, 0, 1;
    %pushi/vec4 0, 0, 1;
    %store/vec4 v000001b775d93d50_0, 0, 1;
    %load/vec4 v000001b775d95830_0;
    %store/vec4 v000001b775d93ad0_0, 0, 26;
    %pushi/vec4 4294967295, 4294967295, 32;
    %concati/vec4 4294967295, 4294967295, 32;
    %concati/vec4 4294967295, 4294967295, 32;
    %concati/vec4 4294967295, 4294967295, 32;
    %store/vec4 v000001b775d92f90_0, 0, 128;
    %pushi/vec4 65535, 65535, 16;
    %store/vec4 v000001b775d91f50_0, 0, 16;
    %pushi/vec4 2, 0, 2;
    %load/vec4 v000001b775d96230_0;
    %concat/vec4; draw_concat_vec4
    %store/vec4 v000001b775d91d70_0, 0, 10;
    %jmp T_53.5;
T_53.4 ;
    %load/vec4 v000001b775d91c30_0;
    %flag_set/vec4 8;
    %jmp/0xz  T_53.6, 8;
    %pushi/vec4 1, 0, 1;
    %store/vec4 v000001b775d92ef0_0, 0, 1;
    %pushi/vec4 1, 0, 1;
    %store/vec4 v000001b775d93d50_0, 0, 1;
    %load/vec4 v000001b775d92130_0;
    %store/vec4 v000001b775d93ad0_0, 0, 26;
    %load/vec4 v000001b775d91b90_0;
    %store/vec4 v000001b775d92f90_0, 0, 128;
    %load/vec4 v000001b775d92450_0;
    %store/vec4 v000001b775d91f50_0, 0, 16;
    %pushi/vec4 1023, 1023, 10;
    %store/vec4 v000001b775d91d70_0, 0, 10;
    %pushi/vec4 1, 0, 1;
    %store/vec4 v000001b775d93b70_0, 0, 1;
    %jmp T_53.7;
T_53.6 ;
    %load/vec4 v000001b775d91910_0;
    %flag_set/vec4 8;
    %jmp/0xz  T_53.8, 8;
    %pushi/vec4 1, 0, 1;
    %store/vec4 v000001b775d92ef0_0, 0, 1;
    %pushi/vec4 0, 0, 1;
    %store/vec4 v000001b775d93d50_0, 0, 1;
    %load/vec4 v000001b775d92d10_0;
    %store/vec4 v000001b775d93ad0_0, 0, 26;
    %pushi/vec4 4294967295, 4294967295, 32;
    %concati/vec4 4294967295, 4294967295, 32;
    %concati/vec4 4294967295, 4294967295, 32;
    %concati/vec4 4294967295, 4294967295, 32;
    %store/vec4 v000001b775d92f90_0, 0, 128;
    %pushi/vec4 65535, 65535, 16;
    %store/vec4 v000001b775d91f50_0, 0, 16;
    %pushi/vec4 511, 255, 10;
    %store/vec4 v000001b775d91d70_0, 0, 10;
    %pushi/vec4 1, 0, 1;
    %store/vec4 v000001b775d923b0_0, 0, 1;
    %jmp T_53.9;
T_53.8 ;
    %load/vec4 v000001b775d93cb0_0;
    %flag_set/vec4 8;
    %jmp/0xz  T_53.10, 8;
    %pushi/vec4 1, 0, 1;
    %store/vec4 v000001b775d921d0_0, 0, 1;
    %pushi/vec4 1, 0, 1;
    %store/vec4 v000001b775d92ef0_0, 0, 1;
    %pushi/vec4 0, 0, 1;
    %store/vec4 v000001b775d93d50_0, 0, 1;
    %load/vec4 v000001b775d92e50_0;
    %store/vec4 v000001b775d93ad0_0, 0, 26;
    %pushi/vec4 4294967295, 4294967295, 32;
    %concati/vec4 4294967295, 4294967295, 32;
    %concati/vec4 4294967295, 4294967295, 32;
    %concati/vec4 4294967295, 4294967295, 32;
    %store/vec4 v000001b775d92f90_0, 0, 128;
    %pushi/vec4 65535, 65535, 16;
    %store/vec4 v000001b775d91f50_0, 0, 16;
    %pushi/vec4 255, 255, 10;
    %store/vec4 v000001b775d91d70_0, 0, 10;
    %jmp T_53.11;
T_53.10 ;
    %pushi/vec4 0, 0, 1;
    %store/vec4 v000001b775d92ef0_0, 0, 1;
    %pushi/vec4 1, 1, 1;
    %store/vec4 v000001b775d93d50_0, 0, 1;
    %pushi/vec4 67108863, 67108863, 26;
    %store/vec4 v000001b775d93ad0_0, 0, 26;
    %pushi/vec4 4294967295, 4294967295, 32;
    %concati/vec4 4294967295, 4294967295, 32;
    %concati/vec4 4294967295, 4294967295, 32;
    %concati/vec4 4294967295, 4294967295, 32;
    %store/vec4 v000001b775d92f90_0, 0, 128;
    %pushi/vec4 65535, 65535, 16;
    %store/vec4 v000001b775d91f50_0, 0, 16;
    %pushi/vec4 1023, 1023, 10;
    %store/vec4 v000001b775d91d70_0, 0, 10;
T_53.11 ;
T_53.9 ;
T_53.7 ;
T_53.5 ;
T_53.3 ;
    %load/vec4 v000001b775d92ef0_0;
    %flag_set/vec4 9;
    %flag_get/vec4 9;
    %jmp/0 T_53.14, 9;
    %load/vec4 v000001b775d94e30_0;
    %nor/r;
    %and;
T_53.14;
    %flag_set/vec4 8;
    %jmp/0xz  T_53.12, 8;
    %load/vec4 v000001b775d92ef0_0;
    %store/vec4 v000001b775d951f0_0, 0, 1;
    %load/vec4 v000001b775d93d50_0;
    %store/vec4 v000001b775d96730_0, 0, 1;
    %load/vec4 v000001b775d93ad0_0;
    %store/vec4 v000001b775d93030_0, 0, 26;
    %load/vec4 v000001b775d92f90_0;
    %store/vec4 v000001b775d960f0_0, 0, 128;
    %load/vec4 v000001b775d91f50_0;
    %store/vec4 v000001b775d95e70_0, 0, 16;
    %load/vec4 v000001b775d91d70_0;
    %store/vec4 v000001b775d958d0_0, 0, 10;
    %jmp T_53.13;
T_53.12 ;
    %load/vec4 v000001b775d92ef0_0;
    %flag_set/vec4 8;
    %jmp/0xz  T_53.15, 8;
    %load/vec4 v000001b775d92ef0_0;
    %store/vec4 v000001b775d92a90_0, 0, 1;
    %load/vec4 v000001b775d93d50_0;
    %store/vec4 v000001b775d92770_0, 0, 1;
    %load/vec4 v000001b775d93ad0_0;
    %store/vec4 v000001b775d92090_0, 0, 26;
    %load/vec4 v000001b775d92f90_0;
    %store/vec4 v000001b775d92590_0, 0, 128;
    %load/vec4 v000001b775d91f50_0;
    %store/vec4 v000001b775d92b30_0, 0, 16;
    %load/vec4 v000001b775d91d70_0;
    %store/vec4 v000001b775d92270_0, 0, 10;
T_53.15 ;
T_53.13 ;
    %load/vec4 v000001b775d96050_0;
    %flag_set/vec4 8;
    %jmp/0xz  T_53.17, 8;
    %pushi/vec4 0, 0, 1;
    %store/vec4 v000001b775d92a90_0, 0, 1;
    %pushi/vec4 0, 0, 1;
    %store/vec4 v000001b775d951f0_0, 0, 1;
T_53.17 ;
    %jmp T_53;
    .thread T_53, $push;
    .scope S_000001b775d0e140;
T_54 ;
Ewait_16 .event/or E_000001b775ce6ef0, E_0x0;
    %wait Ewait_16;
    %pushi/vec4 0, 0, 2;
    %store/vec4 v000001b775d93c10_0, 0, 2;
    %pushi/vec4 4294967295, 4294967295, 32;
    %store/vec4 v000001b775d93a30_0, 0, 32;
    %pushi/vec4 0, 0, 2;
    %store/vec4 v000001b775d92810_0, 0, 2;
    %pushi/vec4 4294967295, 4294967295, 32;
    %store/vec4 v000001b775d92950_0, 0, 32;
    %pushi/vec4 0, 0, 2;
    %store/vec4 v000001b775d95150_0, 0, 2;
    %pushi/vec4 4294967295, 4294967295, 32;
    %store/vec4 v000001b775d942f0_0, 0, 32;
    %pushi/vec4 255, 255, 8;
    %store/vec4 v000001b775d95010_0, 0, 8;
    %load/vec4 v000001b775d95970_0;
    %parti/s 2, 8, 5;
    %cmpi/e 0, 0, 2;
    %jmp/0xz  T_54.0, 4;
    %load/vec4 v000001b775d94b10_0;
    %store/vec4 v000001b775d92810_0, 0, 2;
    %load/vec4 v000001b775d95f10_0;
    %store/vec4 v000001b775d92950_0, 0, 32;
    %jmp T_54.1;
T_54.0 ;
    %load/vec4 v000001b775d95970_0;
    %parti/s 2, 8, 5;
    %cmpi/e 1, 0, 2;
    %jmp/0xz  T_54.2, 4;
    %load/vec4 v000001b775d94b10_0;
    %store/vec4 v000001b775d93c10_0, 0, 2;
    %load/vec4 v000001b775d95f10_0;
    %store/vec4 v000001b775d93a30_0, 0, 32;
    %jmp T_54.3;
T_54.2 ;
    %load/vec4 v000001b775d95970_0;
    %parti/s 2, 8, 5;
    %cmpi/e 2, 0, 2;
    %jmp/0xz  T_54.4, 4;
    %load/vec4 v000001b775d94b10_0;
    %store/vec4 v000001b775d95150_0, 0, 2;
    %load/vec4 v000001b775d95f10_0;
    %store/vec4 v000001b775d942f0_0, 0, 32;
    %load/vec4 v000001b775d95970_0;
    %parti/s 8, 0, 2;
    %store/vec4 v000001b775d95010_0, 0, 8;
T_54.4 ;
T_54.3 ;
T_54.1 ;
    %jmp T_54;
    .thread T_54, $push;
    .scope S_000001b775d0e140;
T_55 ;
    %wait E_000001b775ce6830;
    %load/vec4 v000001b775d951f0_0;
    %assign/vec4 v000001b775d94e30_0, 0;
    %load/vec4 v000001b775d96730_0;
    %assign/vec4 v000001b775d962d0_0, 0;
    %load/vec4 v000001b775d93030_0;
    %assign/vec4 v000001b775d95330_0, 0;
    %load/vec4 v000001b775d960f0_0;
    %assign/vec4 v000001b775d94f70_0, 0;
    %load/vec4 v000001b775d95e70_0;
    %assign/vec4 v000001b775d96190_0, 0;
    %load/vec4 v000001b775d958d0_0;
    %assign/vec4 v000001b775d967d0_0, 0;
    %load/vec4 v000001b775d92a90_0;
    %assign/vec4 v000001b775d95fb0_0, 0;
    %load/vec4 v000001b775d92770_0;
    %assign/vec4 v000001b775d944d0_0, 0;
    %load/vec4 v000001b775d92090_0;
    %assign/vec4 v000001b775d94930_0, 0;
    %load/vec4 v000001b775d92590_0;
    %assign/vec4 v000001b775d95290_0, 0;
    %load/vec4 v000001b775d92b30_0;
    %assign/vec4 v000001b775d965f0_0, 0;
    %load/vec4 v000001b775d92270_0;
    %assign/vec4 v000001b775d94ed0_0, 0;
    %jmp T_55;
    .thread T_55;
    .scope S_000001b775d979d0;
T_56 ;
Ewait_17 .event/or E_000001b775ce6cb0, E_0x0;
    %wait Ewait_17;
    %load/vec4 v000001b775dc21b0_0;
    %store/vec4 v000001b775dc0090_0, 0, 1;
    %load/vec4 v000001b775dc1ad0_0;
    %store/vec4 v000001b775dc0810_0, 0, 7;
    %load/vec4 v000001b775dc0bd0_0;
    %store/vec4 v000001b775dc0130_0, 0, 8;
    %load/vec4 v000001b775dc15d0_0;
    %pad/u 32;
    %cmpi/u 0, 0, 32;
    %flag_or 5, 4; GT is !LE
    %flag_inv 5;
    %flag_mov 8, 5;
    %jmp/0 T_56.0, 8;
    %load/vec4 v000001b775dc15d0_0;
    %subi 1, 0, 10;
    %jmp/1 T_56.1, 8;
T_56.0 ; End of true expr.
    %pushi/vec4 0, 0, 10;
    %jmp/0 T_56.1, 8;
 ; End of false expr.
    %blend;
T_56.1;
    %store/vec4 v000001b775dc0450_0, 0, 10;
    %load/vec4 v000001b775dc1a30_0;
    %store/vec4 v000001b775dc01d0_0, 0, 1;
    %pushi/vec4 0, 0, 1;
    %store/vec4 v000001b775dc0630_0, 0, 1;
    %pushi/vec4 0, 0, 1;
    %store/vec4 v000001b775dc0b30_0, 0, 1;
    %pushi/vec4 0, 0, 1;
    %store/vec4 v000001b775dc1df0_0, 0, 1;
    %load/vec4 v000001b775dc21b0_0;
    %nor/r;
    %flag_set/vec4 8;
    %flag_get/vec4 8;
    %jmp/1 T_56.2, 8;
    %load/vec4 v000001b775dc1a30_0;
    %or;
T_56.2;
    %store/vec4 v000001b775dc0770_0, 0, 1;
    %load/vec4 v000001b775dc15d0_0;
    %cmpi/e 0, 0, 10;
    %jmp/0xz  T_56.3, 4;
    %pushi/vec4 700, 0, 10;
    %store/vec4 v000001b775dc0450_0, 0, 10;
    %load/vec4 v000001b775dc0bd0_0;
    %addi 1, 0, 8;
    %store/vec4 v000001b775dc0130_0, 0, 8;
T_56.3 ;
    %load/vec4 v000001b775dc21b0_0;
    %nor/r;
    %flag_set/vec4 8;
    %jmp/0xz  T_56.5, 8;
    %load/vec4 v000001b775dc1ad0_0;
    %addi 1, 0, 7;
    %store/vec4 v000001b775dc0810_0, 0, 7;
    %load/vec4 v000001b775dc1ad0_0;
    %cmpi/e 96, 0, 7;
    %jmp/0xz  T_56.7, 4;
    %pushi/vec4 1, 0, 1;
    %store/vec4 v000001b775dc0090_0, 0, 1;
T_56.7 ;
    %load/vec4 v000001b775dc1ad0_0;
    %cmpi/e 2, 0, 7;
    %jmp/0xz  T_56.9, 4;
    %pushi/vec4 1, 0, 1;
    %store/vec4 v000001b775dc0630_0, 0, 1;
T_56.9 ;
    %load/vec4 v000001b775dc1ad0_0;
    %cmpi/e 16, 0, 7;
    %jmp/1 T_56.15, 4;
    %flag_mov 8, 4;
    %load/vec4 v000001b775dc1ad0_0;
    %cmpi/e 32, 0, 7;
    %flag_or 4, 8;
T_56.15;
    %jmp/1 T_56.14, 4;
    %flag_mov 8, 4;
    %load/vec4 v000001b775dc1ad0_0;
    %cmpi/e 48, 0, 7;
    %flag_or 4, 8;
T_56.14;
    %jmp/1 T_56.13, 4;
    %flag_mov 8, 4;
    %load/vec4 v000001b775dc1ad0_0;
    %cmpi/e 64, 0, 7;
    %flag_or 4, 8;
T_56.13;
    %jmp/0xz  T_56.11, 4;
    %pushi/vec4 1, 0, 1;
    %store/vec4 v000001b775dc0b30_0, 0, 1;
T_56.11 ;
    %load/vec4 v000001b775dc1ad0_0;
    %cmpi/e 80, 0, 7;
    %jmp/0xz  T_56.16, 4;
    %pushi/vec4 1, 0, 1;
    %store/vec4 v000001b775dc1df0_0, 0, 1;
T_56.16 ;
    %jmp T_56.6;
T_56.5 ;
    %load/vec4 v000001b775dc0bd0_0;
    %pad/u 32;
    %cmpi/u 0, 0, 32;
    %flag_or 5, 4; GT is !LE
    %flag_inv 5;
    %flag_get/vec4 5;
    %jmp/0 T_56.21, 5;
    %load/vec4 v000001b775dc0d10_0;
    %and;
T_56.21;
    %flag_set/vec4 9;
    %flag_get/vec4 9;
    %jmp/0 T_56.20, 9;
    %load/vec4 v000001b775dc1a30_0;
    %nor/r;
    %and;
T_56.20;
    %flag_set/vec4 8;
    %jmp/0xz  T_56.18, 8;
    %pushi/vec4 1, 0, 1;
    %store/vec4 v000001b775dc01d0_0, 0, 1;
    %pushi/vec4 5, 0, 7;
    %store/vec4 v000001b775dc0810_0, 0, 7;
T_56.18 ;
    %load/vec4 v000001b775dc0bd0_0;
    %pad/u 32;
    %cmpi/u 127, 0, 32;
    %flag_or 5, 4; GT is !LE
    %flag_inv 5;
    %flag_get/vec4 5;
    %jmp/0 T_56.24, 5;
    %load/vec4 v000001b775dc1a30_0;
    %nor/r;
    %and;
T_56.24;
    %flag_set/vec4 8;
    %jmp/0xz  T_56.22, 8;
    %pushi/vec4 1, 0, 1;
    %store/vec4 v000001b775dc01d0_0, 0, 1;
    %pushi/vec4 0, 0, 7;
    %store/vec4 v000001b775dc0810_0, 0, 7;
T_56.22 ;
    %load/vec4 v000001b775dc1a30_0;
    %flag_set/vec4 8;
    %jmp/0xz  T_56.25, 8;
    %load/vec4 v000001b775dc1ad0_0;
    %addi 1, 0, 7;
    %store/vec4 v000001b775dc0810_0, 0, 7;
    %load/vec4 v000001b775dc1ad0_0;
    %cmpi/e 8, 0, 7;
    %jmp/0xz  T_56.27, 4;
    %pushi/vec4 1, 0, 1;
    %store/vec4 v000001b775dc0630_0, 0, 1;
T_56.27 ;
    %load/vec4 v000001b775dc1ad0_0;
    %cmpi/e 11, 0, 7;
    %jmp/0xz  T_56.29, 4;
    %pushi/vec4 1, 0, 1;
    %store/vec4 v000001b775dc0b30_0, 0, 1;
    %load/vec4 v000001b775dc0bd0_0;
    %subi 1, 0, 8;
    %store/vec4 v000001b775dc0130_0, 0, 8;
T_56.29 ;
    %load/vec4 v000001b775dc1ad0_0;
    %cmpi/e 19, 0, 7;
    %flag_get/vec4 4;
    %jmp/0 T_56.34, 4;
    %load/vec4 v000001b775dc0d10_0;
    %and;
T_56.34;
    %flag_set/vec4 9;
    %flag_get/vec4 9;
    %jmp/0 T_56.33, 9;
    %pushi/vec4 0, 0, 32;
    %load/vec4 v000001b775dc0bd0_0;
    %pad/u 32;
    %cmp/u;
    %flag_get/vec4 5;
    %and;
T_56.33;
    %flag_set/vec4 8;
    %jmp/0xz  T_56.31, 8;
    %pushi/vec4 11, 0, 7;
    %store/vec4 v000001b775dc0810_0, 0, 7;
    %jmp T_56.32;
T_56.31 ;
    %load/vec4 v000001b775dc1ad0_0;
    %cmpi/e 19, 0, 7;
    %jmp/0xz  T_56.35, 4;
    %pushi/vec4 0, 0, 1;
    %store/vec4 v000001b775dc01d0_0, 0, 1;
    %pushi/vec4 0, 0, 7;
    %store/vec4 v000001b775dc0810_0, 0, 7;
T_56.35 ;
T_56.32 ;
T_56.25 ;
T_56.6 ;
    %load/vec4 v000001b775dc1c10_0;
    %flag_set/vec4 8;
    %jmp/0xz  T_56.37, 8;
    %pushi/vec4 0, 0, 1;
    %store/vec4 v000001b775dc0090_0, 0, 1;
    %pushi/vec4 0, 0, 7;
    %store/vec4 v000001b775dc0810_0, 0, 7;
    %pushi/vec4 0, 0, 8;
    %store/vec4 v000001b775dc0130_0, 0, 8;
    %pushi/vec4 0, 0, 10;
    %store/vec4 v000001b775dc0450_0, 0, 10;
    %pushi/vec4 0, 0, 1;
    %store/vec4 v000001b775dc01d0_0, 0, 1;
T_56.37 ;
    %jmp T_56;
    .thread T_56, $push;
    .scope S_000001b775d979d0;
T_57 ;
    %wait E_000001b775ce6830;
    %load/vec4 v000001b775dc0090_0;
    %assign/vec4 v000001b775dc21b0_0, 0;
    %load/vec4 v000001b775dc0810_0;
    %assign/vec4 v000001b775dc1ad0_0, 0;
    %load/vec4 v000001b775dc0130_0;
    %assign/vec4 v000001b775dc0bd0_0, 0;
    %load/vec4 v000001b775dc0450_0;
    %assign/vec4 v000001b775dc15d0_0, 0;
    %load/vec4 v000001b775dc01d0_0;
    %assign/vec4 v000001b775dc1a30_0, 0;
    %jmp T_57;
    .thread T_57;
    .scope S_000001b775d0e910;
T_58 ;
Ewait_18 .event/or E_000001b775ce6c70, E_0x0;
    %wait Ewait_18;
    %pushi/vec4 0, 0, 1;
    %store/vec4 v000001b775d953d0_0, 0, 1;
    %pushi/vec4 0, 0, 1;
    %store/vec4 v000001b775d94570_0, 0, 1;
    %pushi/vec4 0, 0, 1;
    %store/vec4 v000001b775d95510_0, 0, 1;
    %pushi/vec4 0, 0, 1;
    %store/vec4 v000001b775d95ab0_0, 0, 1;
    %load/vec4 v000001b775d94110_0;
    %pad/u 32;
    %cmpi/ne 0, 0, 32;
    %jmp/1 T_58.2, 4;
    %flag_mov 8, 4;
    %load/vec4 v000001b775d95b50_0;
    %flag_set/vec4 9;
    %flag_or 9, 8;
    %flag_mov 4, 9;
T_58.2;
    %jmp/0xz  T_58.0, 4;
    %jmp T_58.1;
T_58.0 ;
    %load/vec4 v000001b775d955b0_0;
    %flag_set/vec4 9;
    %flag_get/vec4 9;
    %jmp/0 T_58.5, 9;
    %load/vec4 v000001b775d96690_0;
    %parti/s 2, 11, 5;
    %pushi/vec4 0, 0, 2;
    %cmp/e;
    %flag_get/vec4 4;
    %and;
T_58.5;
    %flag_set/vec4 8;
    %jmp/0xz  T_58.3, 8;
    %load/vec4 v000001b775d94d90_0;
    %nor/r;
    %flag_set/vec4 8;
    %jmp/0xz  T_58.6, 8;
    %pushi/vec4 1, 0, 1;
    %store/vec4 v000001b775d94570_0, 0, 1;
    %jmp T_58.7;
T_58.6 ;
    %load/vec4 v000001b775d96410_0;
    %load/vec4 v000001b775d96690_0;
    %parti/s 13, 13, 5;
    %cmp/ne;
    %jmp/0xz  T_58.8, 4;
    %load/vec4 v000001b775d95d30_0;
    %pad/u 32;
    %pushi/vec4 0, 0, 32;
    %cmp/e;
    %flag_get/vec4 4;
    %store/vec4 v000001b775d953d0_0, 0, 1;
    %jmp T_58.9;
T_58.8 ;
    %load/vec4 v000001b775d95bf0_0;
    %flag_set/vec4 8;
    %jmp/0xz  T_58.10, 8;
    %pushi/vec4 1, 0, 1;
    %store/vec4 v000001b775d95ab0_0, 0, 1;
    %jmp T_58.11;
T_58.10 ;
    %pushi/vec4 1, 0, 1;
    %store/vec4 v000001b775d95510_0, 0, 1;
T_58.11 ;
T_58.9 ;
T_58.7 ;
T_58.3 ;
T_58.1 ;
    %jmp T_58;
    .thread T_58, $push;
    .scope S_000001b775d0e910;
T_59 ;
    %wait E_000001b775ce6830;
    %load/vec4 v000001b775d94110_0;
    %pad/u 32;
    %cmpi/u 0, 0, 32;
    %flag_or 5, 4; GT is !LE
    %flag_inv 5;
    %flag_mov 8, 5;
    %jmp/0 T_59.0, 8;
    %load/vec4 v000001b775d94110_0;
    %subi 1, 0, 4;
    %jmp/1 T_59.1, 8;
T_59.0 ; End of true expr.
    %pushi/vec4 0, 0, 4;
    %jmp/0 T_59.1, 8;
 ; End of false expr.
    %blend;
T_59.1;
    %assign/vec4 v000001b775d94110_0, 0;
    %load/vec4 v000001b775d95d30_0;
    %pad/u 32;
    %cmpi/u 0, 0, 32;
    %flag_or 5, 4; GT is !LE
    %flag_inv 5;
    %flag_mov 8, 5;
    %jmp/0 T_59.2, 8;
    %load/vec4 v000001b775d95d30_0;
    %subi 1, 0, 4;
    %jmp/1 T_59.3, 8;
T_59.2 ; End of true expr.
    %pushi/vec4 0, 0, 4;
    %jmp/0 T_59.3, 8;
 ; End of false expr.
    %blend;
T_59.3;
    %assign/vec4 v000001b775d95d30_0, 0;
    %load/vec4 v000001b775d95510_0;
    %assign/vec4 v000001b775d94390_0, 0;
    %load/vec4 v000001b775d95ab0_0;
    %assign/vec4 v000001b775d964b0_0, 0;
    %load/vec4 v000001b775d96550_0;
    %flag_set/vec4 8;
    %jmp/0xz  T_59.4, 8;
    %pushi/vec4 0, 0, 1;
    %assign/vec4 v000001b775d94d90_0, 0;
    %pushi/vec4 0, 0, 13;
    %assign/vec4 v000001b775d96410_0, 0;
    %pushi/vec4 0, 0, 4;
    %assign/vec4 v000001b775d94110_0, 0;
T_59.4 ;
    %load/vec4 v000001b775d94070_0;
    %cmpi/e 2, 0, 3;
    %flag_get/vec4 4;
    %jmp/0 T_59.8, 4;
    %load/vec4 v000001b775d96370_0;
    %parti/s 1, 10, 5;
    %flag_set/vec4 9;
    %flag_get/vec4 9;
    %jmp/1 T_59.9, 9;
    %load/vec4 v000001b775d950b0_0;
    %pushi/vec4 0, 0, 2;
    %cmp/e;
    %flag_get/vec4 4;
    %or;
T_59.9;
    %and;
T_59.8;
    %flag_set/vec4 8;
    %jmp/0xz  T_59.6, 8;
    %pushi/vec4 0, 0, 1;
    %assign/vec4 v000001b775d94d90_0, 0;
    %pushi/vec4 2, 0, 4;
    %assign/vec4 v000001b775d94110_0, 0;
    %jmp T_59.7;
T_59.6 ;
    %load/vec4 v000001b775d94070_0;
    %cmpi/e 3, 0, 3;
    %flag_get/vec4 4;
    %jmp/0 T_59.12, 4;
    %load/vec4 v000001b775d950b0_0;
    %pushi/vec4 0, 0, 2;
    %cmp/e;
    %flag_get/vec4 4;
    %and;
T_59.12;
    %flag_set/vec4 8;
    %jmp/0xz  T_59.10, 8;
    %pushi/vec4 1, 0, 1;
    %assign/vec4 v000001b775d94d90_0, 0;
    %load/vec4 v000001b775d96370_0;
    %assign/vec4 v000001b775d96410_0, 0;
    %pushi/vec4 1, 0, 4;
    %assign/vec4 v000001b775d94110_0, 0;
    %jmp T_59.11;
T_59.10 ;
    %load/vec4 v000001b775d94070_0;
    %cmpi/e 5, 0, 3;
    %jmp/1 T_59.16, 4;
    %flag_mov 9, 4;
    %load/vec4 v000001b775d94070_0;
    %cmpi/e 4, 0, 3;
    %flag_or 4, 9;
T_59.16;
    %flag_get/vec4 4;
    %jmp/0 T_59.15, 4;
    %load/vec4 v000001b775d950b0_0;
    %pushi/vec4 0, 0, 2;
    %cmp/e;
    %flag_get/vec4 4;
    %and;
T_59.15;
    %flag_set/vec4 8;
    %jmp/0xz  T_59.13, 8;
    %pushi/vec4 2, 0, 4;
    %assign/vec4 v000001b775d94110_0, 0;
    %pushi/vec4 8, 0, 4;
    %assign/vec4 v000001b775d95d30_0, 0;
T_59.13 ;
T_59.11 ;
T_59.7 ;
    %jmp T_59;
    .thread T_59;
    .scope S_000001b775d97520;
T_60 ;
Ewait_19 .event/or E_000001b775ce7170, E_0x0;
    %wait Ewait_19;
    %pushi/vec4 0, 0, 1;
    %store/vec4 v000001b775d94610_0, 0, 1;
    %pushi/vec4 0, 0, 1;
    %store/vec4 v000001b775d94430_0, 0, 1;
    %pushi/vec4 0, 0, 1;
    %store/vec4 v000001b775d96cd0_0, 0, 1;
    %pushi/vec4 0, 0, 1;
    %store/vec4 v000001b775d96a50_0, 0, 1;
    %load/vec4 v000001b775d96d70_0;
    %pad/u 32;
    %cmpi/ne 0, 0, 32;
    %jmp/1 T_60.2, 4;
    %flag_mov 8, 4;
    %load/vec4 v000001b775d94c50_0;
    %flag_set/vec4 9;
    %flag_or 9, 8;
    %flag_mov 4, 9;
T_60.2;
    %jmp/0xz  T_60.0, 4;
    %jmp T_60.1;
T_60.0 ;
    %load/vec4 v000001b775d96e10_0;
    %flag_set/vec4 9;
    %flag_get/vec4 9;
    %jmp/0 T_60.5, 9;
    %load/vec4 v000001b775d96c30_0;
    %parti/s 2, 11, 5;
    %pushi/vec4 1, 0, 2;
    %cmp/e;
    %flag_get/vec4 4;
    %and;
T_60.5;
    %flag_set/vec4 8;
    %jmp/0xz  T_60.3, 8;
    %load/vec4 v000001b775d95650_0;
    %nor/r;
    %flag_set/vec4 8;
    %jmp/0xz  T_60.6, 8;
    %pushi/vec4 1, 0, 1;
    %store/vec4 v000001b775d94430_0, 0, 1;
    %jmp T_60.7;
T_60.6 ;
    %load/vec4 v000001b775d95790_0;
    %load/vec4 v000001b775d96c30_0;
    %parti/s 13, 13, 5;
    %cmp/ne;
    %jmp/0xz  T_60.8, 4;
    %load/vec4 v000001b775d96f50_0;
    %pad/u 32;
    %pushi/vec4 0, 0, 32;
    %cmp/e;
    %flag_get/vec4 4;
    %store/vec4 v000001b775d94610_0, 0, 1;
    %jmp T_60.9;
T_60.8 ;
    %load/vec4 v000001b775d96910_0;
    %flag_set/vec4 8;
    %jmp/0xz  T_60.10, 8;
    %pushi/vec4 1, 0, 1;
    %store/vec4 v000001b775d96a50_0, 0, 1;
    %jmp T_60.11;
T_60.10 ;
    %pushi/vec4 1, 0, 1;
    %store/vec4 v000001b775d96cd0_0, 0, 1;
T_60.11 ;
T_60.9 ;
T_60.7 ;
T_60.3 ;
T_60.1 ;
    %jmp T_60;
    .thread T_60, $push;
    .scope S_000001b775d97520;
T_61 ;
    %wait E_000001b775ce6830;
    %load/vec4 v000001b775d96d70_0;
    %pad/u 32;
    %cmpi/u 0, 0, 32;
    %flag_or 5, 4; GT is !LE
    %flag_inv 5;
    %flag_mov 8, 5;
    %jmp/0 T_61.0, 8;
    %load/vec4 v000001b775d96d70_0;
    %subi 1, 0, 4;
    %jmp/1 T_61.1, 8;
T_61.0 ; End of true expr.
    %pushi/vec4 0, 0, 4;
    %jmp/0 T_61.1, 8;
 ; End of false expr.
    %blend;
T_61.1;
    %assign/vec4 v000001b775d96d70_0, 0;
    %load/vec4 v000001b775d96f50_0;
    %pad/u 32;
    %cmpi/u 0, 0, 32;
    %flag_or 5, 4; GT is !LE
    %flag_inv 5;
    %flag_mov 8, 5;
    %jmp/0 T_61.2, 8;
    %load/vec4 v000001b775d96f50_0;
    %subi 1, 0, 4;
    %jmp/1 T_61.3, 8;
T_61.2 ; End of true expr.
    %pushi/vec4 0, 0, 4;
    %jmp/0 T_61.3, 8;
 ; End of false expr.
    %blend;
T_61.3;
    %assign/vec4 v000001b775d96f50_0, 0;
    %load/vec4 v000001b775d96cd0_0;
    %assign/vec4 v000001b775d94750_0, 0;
    %load/vec4 v000001b775d96a50_0;
    %assign/vec4 v000001b775d94890_0, 0;
    %load/vec4 v000001b775d96b90_0;
    %flag_set/vec4 8;
    %jmp/0xz  T_61.4, 8;
    %pushi/vec4 0, 0, 1;
    %assign/vec4 v000001b775d95650_0, 0;
    %pushi/vec4 0, 0, 13;
    %assign/vec4 v000001b775d95790_0, 0;
    %pushi/vec4 0, 0, 4;
    %assign/vec4 v000001b775d96d70_0, 0;
T_61.4 ;
    %load/vec4 v000001b775d94bb0_0;
    %cmpi/e 2, 0, 3;
    %flag_get/vec4 4;
    %jmp/0 T_61.8, 4;
    %load/vec4 v000001b775d956f0_0;
    %parti/s 1, 10, 5;
    %flag_set/vec4 9;
    %flag_get/vec4 9;
    %jmp/1 T_61.9, 9;
    %load/vec4 v000001b775d94250_0;
    %pushi/vec4 1, 0, 2;
    %cmp/e;
    %flag_get/vec4 4;
    %or;
T_61.9;
    %and;
T_61.8;
    %flag_set/vec4 8;
    %jmp/0xz  T_61.6, 8;
    %pushi/vec4 0, 0, 1;
    %assign/vec4 v000001b775d95650_0, 0;
    %pushi/vec4 2, 0, 4;
    %assign/vec4 v000001b775d96d70_0, 0;
    %jmp T_61.7;
T_61.6 ;
    %load/vec4 v000001b775d94bb0_0;
    %cmpi/e 3, 0, 3;
    %flag_get/vec4 4;
    %jmp/0 T_61.12, 4;
    %load/vec4 v000001b775d94250_0;
    %pushi/vec4 1, 0, 2;
    %cmp/e;
    %flag_get/vec4 4;
    %and;
T_61.12;
    %flag_set/vec4 8;
    %jmp/0xz  T_61.10, 8;
    %pushi/vec4 1, 0, 1;
    %assign/vec4 v000001b775d95650_0, 0;
    %load/vec4 v000001b775d956f0_0;
    %assign/vec4 v000001b775d95790_0, 0;
    %pushi/vec4 1, 0, 4;
    %assign/vec4 v000001b775d96d70_0, 0;
    %jmp T_61.11;
T_61.10 ;
    %load/vec4 v000001b775d94bb0_0;
    %cmpi/e 5, 0, 3;
    %jmp/1 T_61.16, 4;
    %flag_mov 9, 4;
    %load/vec4 v000001b775d94bb0_0;
    %cmpi/e 4, 0, 3;
    %flag_or 4, 9;
T_61.16;
    %flag_get/vec4 4;
    %jmp/0 T_61.15, 4;
    %load/vec4 v000001b775d94250_0;
    %pushi/vec4 1, 0, 2;
    %cmp/e;
    %flag_get/vec4 4;
    %and;
T_61.15;
    %flag_set/vec4 8;
    %jmp/0xz  T_61.13, 8;
    %pushi/vec4 2, 0, 4;
    %assign/vec4 v000001b775d96d70_0, 0;
    %pushi/vec4 8, 0, 4;
    %assign/vec4 v000001b775d96f50_0, 0;
T_61.13 ;
T_61.11 ;
T_61.7 ;
    %jmp T_61;
    .thread T_61;
    .scope S_000001b775d987e0;
T_62 ;
Ewait_20 .event/or E_000001b775ce7270, E_0x0;
    %wait Ewait_20;
    %pushi/vec4 0, 0, 1;
    %store/vec4 v000001b775dc1cb0_0, 0, 1;
    %pushi/vec4 0, 0, 1;
    %store/vec4 v000001b775dc1670_0, 0, 1;
    %pushi/vec4 0, 0, 1;
    %store/vec4 v000001b775dc13f0_0, 0, 1;
    %pushi/vec4 0, 0, 1;
    %store/vec4 v000001b775dc2570_0, 0, 1;
    %load/vec4 v000001b775dc03b0_0;
    %pad/u 32;
    %cmpi/ne 0, 0, 32;
    %jmp/1 T_62.2, 4;
    %flag_mov 8, 4;
    %load/vec4 v000001b775dc0f90_0;
    %flag_set/vec4 9;
    %flag_or 9, 8;
    %flag_mov 4, 9;
T_62.2;
    %jmp/0xz  T_62.0, 4;
    %jmp T_62.1;
T_62.0 ;
    %load/vec4 v000001b775dc1d50_0;
    %flag_set/vec4 9;
    %flag_get/vec4 9;
    %jmp/0 T_62.5, 9;
    %load/vec4 v000001b775dc1b70_0;
    %parti/s 2, 11, 5;
    %pushi/vec4 2, 0, 2;
    %cmp/e;
    %flag_get/vec4 4;
    %and;
T_62.5;
    %flag_set/vec4 8;
    %jmp/0xz  T_62.3, 8;
    %load/vec4 v000001b775dc1170_0;
    %nor/r;
    %flag_set/vec4 8;
    %jmp/0xz  T_62.6, 8;
    %pushi/vec4 1, 0, 1;
    %store/vec4 v000001b775dc1670_0, 0, 1;
    %jmp T_62.7;
T_62.6 ;
    %load/vec4 v000001b775dc24d0_0;
    %load/vec4 v000001b775dc1b70_0;
    %parti/s 13, 13, 5;
    %cmp/ne;
    %jmp/0xz  T_62.8, 4;
    %load/vec4 v000001b775dc0e50_0;
    %pad/u 32;
    %pushi/vec4 0, 0, 32;
    %cmp/e;
    %flag_get/vec4 4;
    %store/vec4 v000001b775dc1cb0_0, 0, 1;
    %jmp T_62.9;
T_62.8 ;
    %load/vec4 v000001b775dc17b0_0;
    %flag_set/vec4 8;
    %jmp/0xz  T_62.10, 8;
    %pushi/vec4 1, 0, 1;
    %store/vec4 v000001b775dc2570_0, 0, 1;
    %jmp T_62.11;
T_62.10 ;
    %pushi/vec4 1, 0, 1;
    %store/vec4 v000001b775dc13f0_0, 0, 1;
T_62.11 ;
T_62.9 ;
T_62.7 ;
T_62.3 ;
T_62.1 ;
    %jmp T_62;
    .thread T_62, $push;
    .scope S_000001b775d987e0;
T_63 ;
    %wait E_000001b775ce6830;
    %load/vec4 v000001b775dc03b0_0;
    %pad/u 32;
    %cmpi/u 0, 0, 32;
    %flag_or 5, 4; GT is !LE
    %flag_inv 5;
    %flag_mov 8, 5;
    %jmp/0 T_63.0, 8;
    %load/vec4 v000001b775dc03b0_0;
    %subi 1, 0, 4;
    %jmp/1 T_63.1, 8;
T_63.0 ; End of true expr.
    %pushi/vec4 0, 0, 4;
    %jmp/0 T_63.1, 8;
 ; End of false expr.
    %blend;
T_63.1;
    %assign/vec4 v000001b775dc03b0_0, 0;
    %load/vec4 v000001b775dc0e50_0;
    %pad/u 32;
    %cmpi/u 0, 0, 32;
    %flag_or 5, 4; GT is !LE
    %flag_inv 5;
    %flag_mov 8, 5;
    %jmp/0 T_63.2, 8;
    %load/vec4 v000001b775dc0e50_0;
    %subi 1, 0, 4;
    %jmp/1 T_63.3, 8;
T_63.2 ; End of true expr.
    %pushi/vec4 0, 0, 4;
    %jmp/0 T_63.3, 8;
 ; End of false expr.
    %blend;
T_63.3;
    %assign/vec4 v000001b775dc0e50_0, 0;
    %load/vec4 v000001b775dc13f0_0;
    %assign/vec4 v000001b775dc2430_0, 0;
    %load/vec4 v000001b775dc2570_0;
    %assign/vec4 v000001b775dc0c70_0, 0;
    %load/vec4 v000001b775dc1710_0;
    %flag_set/vec4 8;
    %jmp/0xz  T_63.4, 8;
    %pushi/vec4 0, 0, 1;
    %assign/vec4 v000001b775dc1170_0, 0;
    %pushi/vec4 0, 0, 13;
    %assign/vec4 v000001b775dc24d0_0, 0;
    %pushi/vec4 0, 0, 4;
    %assign/vec4 v000001b775dc03b0_0, 0;
T_63.4 ;
    %load/vec4 v000001b775dc0270_0;
    %cmpi/e 2, 0, 3;
    %flag_get/vec4 4;
    %jmp/0 T_63.8, 4;
    %load/vec4 v000001b775d969b0_0;
    %parti/s 1, 10, 5;
    %flag_set/vec4 9;
    %flag_get/vec4 9;
    %jmp/1 T_63.9, 9;
    %load/vec4 v000001b775dc09f0_0;
    %pushi/vec4 2, 0, 2;
    %cmp/e;
    %flag_get/vec4 4;
    %or;
T_63.9;
    %and;
T_63.8;
    %flag_set/vec4 8;
    %jmp/0xz  T_63.6, 8;
    %pushi/vec4 0, 0, 1;
    %assign/vec4 v000001b775dc1170_0, 0;
    %pushi/vec4 2, 0, 4;
    %assign/vec4 v000001b775dc03b0_0, 0;
    %jmp T_63.7;
T_63.6 ;
    %load/vec4 v000001b775dc0270_0;
    %cmpi/e 3, 0, 3;
    %flag_get/vec4 4;
    %jmp/0 T_63.12, 4;
    %load/vec4 v000001b775dc09f0_0;
    %pushi/vec4 2, 0, 2;
    %cmp/e;
    %flag_get/vec4 4;
    %and;
T_63.12;
    %flag_set/vec4 8;
    %jmp/0xz  T_63.10, 8;
    %pushi/vec4 1, 0, 1;
    %assign/vec4 v000001b775dc1170_0, 0;
    %load/vec4 v000001b775d969b0_0;
    %assign/vec4 v000001b775dc24d0_0, 0;
    %pushi/vec4 1, 0, 4;
    %assign/vec4 v000001b775dc03b0_0, 0;
    %jmp T_63.11;
T_63.10 ;
    %load/vec4 v000001b775dc0270_0;
    %cmpi/e 5, 0, 3;
    %jmp/1 T_63.16, 4;
    %flag_mov 9, 4;
    %load/vec4 v000001b775dc0270_0;
    %cmpi/e 4, 0, 3;
    %flag_or 4, 9;
T_63.16;
    %flag_get/vec4 4;
    %jmp/0 T_63.15, 4;
    %load/vec4 v000001b775dc09f0_0;
    %pushi/vec4 2, 0, 2;
    %cmp/e;
    %flag_get/vec4 4;
    %and;
T_63.15;
    %flag_set/vec4 8;
    %jmp/0xz  T_63.13, 8;
    %pushi/vec4 2, 0, 4;
    %assign/vec4 v000001b775dc03b0_0, 0;
    %pushi/vec4 8, 0, 4;
    %assign/vec4 v000001b775dc0e50_0, 0;
T_63.13 ;
T_63.11 ;
T_63.7 ;
    %jmp T_63;
    .thread T_63;
    .scope S_000001b775d984c0;
T_64 ;
Ewait_21 .event/or E_000001b775ce72b0, E_0x0;
    %wait Ewait_21;
    %pushi/vec4 0, 0, 1;
    %store/vec4 v000001b775dc0590_0, 0, 1;
    %pushi/vec4 0, 0, 1;
    %store/vec4 v000001b775dc1030_0, 0, 1;
    %pushi/vec4 0, 0, 1;
    %store/vec4 v000001b775dc1350_0, 0, 1;
    %pushi/vec4 0, 0, 1;
    %store/vec4 v000001b775dc27f0_0, 0, 1;
    %load/vec4 v000001b775dc2070_0;
    %pad/u 32;
    %cmpi/ne 0, 0, 32;
    %jmp/1 T_64.2, 4;
    %flag_mov 8, 4;
    %load/vec4 v000001b775dc1fd0_0;
    %flag_set/vec4 9;
    %flag_or 9, 8;
    %flag_mov 4, 9;
T_64.2;
    %jmp/0xz  T_64.0, 4;
    %jmp T_64.1;
T_64.0 ;
    %load/vec4 v000001b775dc04f0_0;
    %flag_set/vec4 9;
    %flag_get/vec4 9;
    %jmp/0 T_64.5, 9;
    %load/vec4 v000001b775dc0a90_0;
    %parti/s 2, 11, 5;
    %pushi/vec4 3, 0, 2;
    %cmp/e;
    %flag_get/vec4 4;
    %and;
T_64.5;
    %flag_set/vec4 8;
    %jmp/0xz  T_64.3, 8;
    %load/vec4 v000001b775dc1990_0;
    %nor/r;
    %flag_set/vec4 8;
    %jmp/0xz  T_64.6, 8;
    %pushi/vec4 1, 0, 1;
    %store/vec4 v000001b775dc1030_0, 0, 1;
    %jmp T_64.7;
T_64.6 ;
    %load/vec4 v000001b775dc1e90_0;
    %load/vec4 v000001b775dc0a90_0;
    %parti/s 13, 13, 5;
    %cmp/ne;
    %jmp/0xz  T_64.8, 4;
    %load/vec4 v000001b775dc1530_0;
    %pad/u 32;
    %pushi/vec4 0, 0, 32;
    %cmp/e;
    %flag_get/vec4 4;
    %store/vec4 v000001b775dc0590_0, 0, 1;
    %jmp T_64.9;
T_64.8 ;
    %load/vec4 v000001b775dc0310_0;
    %flag_set/vec4 8;
    %jmp/0xz  T_64.10, 8;
    %pushi/vec4 1, 0, 1;
    %store/vec4 v000001b775dc27f0_0, 0, 1;
    %jmp T_64.11;
T_64.10 ;
    %pushi/vec4 1, 0, 1;
    %store/vec4 v000001b775dc1350_0, 0, 1;
T_64.11 ;
T_64.9 ;
T_64.7 ;
T_64.3 ;
T_64.1 ;
    %jmp T_64;
    .thread T_64, $push;
    .scope S_000001b775d984c0;
T_65 ;
    %wait E_000001b775ce6830;
    %load/vec4 v000001b775dc2070_0;
    %pad/u 32;
    %cmpi/u 0, 0, 32;
    %flag_or 5, 4; GT is !LE
    %flag_inv 5;
    %flag_mov 8, 5;
    %jmp/0 T_65.0, 8;
    %load/vec4 v000001b775dc2070_0;
    %subi 1, 0, 4;
    %jmp/1 T_65.1, 8;
T_65.0 ; End of true expr.
    %pushi/vec4 0, 0, 4;
    %jmp/0 T_65.1, 8;
 ; End of false expr.
    %blend;
T_65.1;
    %assign/vec4 v000001b775dc2070_0, 0;
    %load/vec4 v000001b775dc1530_0;
    %pad/u 32;
    %cmpi/u 0, 0, 32;
    %flag_or 5, 4; GT is !LE
    %flag_inv 5;
    %flag_mov 8, 5;
    %jmp/0 T_65.2, 8;
    %load/vec4 v000001b775dc1530_0;
    %subi 1, 0, 4;
    %jmp/1 T_65.3, 8;
T_65.2 ; End of true expr.
    %pushi/vec4 0, 0, 4;
    %jmp/0 T_65.3, 8;
 ; End of false expr.
    %blend;
T_65.3;
    %assign/vec4 v000001b775dc1530_0, 0;
    %load/vec4 v000001b775dc1350_0;
    %assign/vec4 v000001b775dc26b0_0, 0;
    %load/vec4 v000001b775dc27f0_0;
    %assign/vec4 v000001b775dc2750_0, 0;
    %load/vec4 v000001b775dc1210_0;
    %flag_set/vec4 8;
    %jmp/0xz  T_65.4, 8;
    %pushi/vec4 0, 0, 1;
    %assign/vec4 v000001b775dc1990_0, 0;
    %pushi/vec4 0, 0, 13;
    %assign/vec4 v000001b775dc1e90_0, 0;
    %pushi/vec4 0, 0, 4;
    %assign/vec4 v000001b775dc2070_0, 0;
T_65.4 ;
    %load/vec4 v000001b775dc1490_0;
    %cmpi/e 2, 0, 3;
    %flag_get/vec4 4;
    %jmp/0 T_65.8, 4;
    %load/vec4 v000001b775dc2610_0;
    %parti/s 1, 10, 5;
    %flag_set/vec4 9;
    %flag_get/vec4 9;
    %jmp/1 T_65.9, 9;
    %load/vec4 v000001b775dc06d0_0;
    %pushi/vec4 3, 0, 2;
    %cmp/e;
    %flag_get/vec4 4;
    %or;
T_65.9;
    %and;
T_65.8;
    %flag_set/vec4 8;
    %jmp/0xz  T_65.6, 8;
    %pushi/vec4 0, 0, 1;
    %assign/vec4 v000001b775dc1990_0, 0;
    %pushi/vec4 2, 0, 4;
    %assign/vec4 v000001b775dc2070_0, 0;
    %jmp T_65.7;
T_65.6 ;
    %load/vec4 v000001b775dc1490_0;
    %cmpi/e 3, 0, 3;
    %flag_get/vec4 4;
    %jmp/0 T_65.12, 4;
    %load/vec4 v000001b775dc06d0_0;
    %pushi/vec4 3, 0, 2;
    %cmp/e;
    %flag_get/vec4 4;
    %and;
T_65.12;
    %flag_set/vec4 8;
    %jmp/0xz  T_65.10, 8;
    %pushi/vec4 1, 0, 1;
    %assign/vec4 v000001b775dc1990_0, 0;
    %load/vec4 v000001b775dc2610_0;
    %assign/vec4 v000001b775dc1e90_0, 0;
    %pushi/vec4 1, 0, 4;
    %assign/vec4 v000001b775dc2070_0, 0;
    %jmp T_65.11;
T_65.10 ;
    %load/vec4 v000001b775dc1490_0;
    %cmpi/e 5, 0, 3;
    %jmp/1 T_65.16, 4;
    %flag_mov 9, 4;
    %load/vec4 v000001b775dc1490_0;
    %cmpi/e 4, 0, 3;
    %flag_or 4, 9;
T_65.16;
    %flag_get/vec4 4;
    %jmp/0 T_65.15, 4;
    %load/vec4 v000001b775dc06d0_0;
    %pushi/vec4 3, 0, 2;
    %cmp/e;
    %flag_get/vec4 4;
    %and;
T_65.15;
    %flag_set/vec4 8;
    %jmp/0xz  T_65.13, 8;
    %pushi/vec4 2, 0, 4;
    %assign/vec4 v000001b775dc2070_0, 0;
    %pushi/vec4 8, 0, 4;
    %assign/vec4 v000001b775dc1530_0, 0;
T_65.13 ;
T_65.11 ;
T_65.7 ;
    %jmp T_65;
    .thread T_65;
    .scope S_000001b775d0e2d0;
T_66 ;
Ewait_22 .event/or E_000001b775ce6870, E_0x0;
    %wait Ewait_22;
    %pushi/vec4 7, 0, 3;
    %store/vec4 v000001b775dc4910_0, 0, 3;
    %pushi/vec4 8191, 8191, 13;
    %store/vec4 v000001b775dc2890_0, 0, 13;
    %load/vec4 v000001b775dc3f10_0;
    %parti/s 2, 11, 5;
    %store/vec4 v000001b775dc4370_0, 0, 2;
    %pushi/vec4 0, 0, 1;
    %load/vec4 v000001b775dc30b0_0;
    %parti/s 7, 1, 2;
    %concat/vec4; draw_concat_vec4
    %store/vec4 v000001b775dc44b0_0, 0, 8;
    %pushi/vec4 65535, 65535, 16;
    %load/vec4 v000001b775dc2c50_0;
    %parti/s 112, 16, 6;
    %concat/vec4; draw_concat_vec4
    %store/vec4 v000001b775dc2a70_0, 0, 128;
    %pushi/vec4 0, 0, 2;
    %load/vec4 v000001b775dc4550_0;
    %parti/s 14, 2, 3;
    %concat/vec4; draw_concat_vec4
    %store/vec4 v000001b775dc3b50_0, 0, 16;
    %load/vec4 v000001b775dc31f0_0;
    %store/vec4 v000001b775dc47d0_0, 0, 10;
    %load/vec4 v000001b775dc38d0_0;
    %store/vec4 v000001b775dc3ab0_0, 0, 1;
    %load/vec4 v000001b775dc3bf0_0;
    %pad/u 32;
    %cmpi/u 0, 0, 32;
    %flag_or 5, 4; GT is !LE
    %flag_inv 5;
    %flag_mov 8, 5;
    %jmp/0 T_66.0, 8;
    %load/vec4 v000001b775dc3bf0_0;
    %subi 1, 0, 3;
    %jmp/1 T_66.1, 8;
T_66.0 ; End of true expr.
    %pushi/vec4 0, 0, 3;
    %jmp/0 T_66.1, 8;
 ; End of false expr.
    %blend;
T_66.1;
    %store/vec4 v000001b775dc42d0_0, 0, 3;
    %load/vec4 v000001b775dc2f70_0;
    %store/vec4 v000001b775dc3150_0, 0, 10;
    %pushi/vec4 0, 0, 1;
    %store/vec4 v000001b775dc29d0_0, 0, 1;
    %load/vec4 v000001b775dc4230_0;
    %pad/u 32;
    %cmpi/u 0, 0, 32;
    %flag_or 5, 4; GT is !LE
    %flag_inv 5;
    %flag_mov 8, 5;
    %jmp/0 T_66.2, 8;
    %load/vec4 v000001b775dc4230_0;
    %subi 1, 0, 4;
    %jmp/1 T_66.3, 8;
T_66.2 ; End of true expr.
    %pushi/vec4 0, 0, 4;
    %jmp/0 T_66.3, 8;
 ; End of false expr.
    %blend;
T_66.3;
    %store/vec4 v000001b775dc4050_0, 0, 4;
    %load/vec4 v000001b775dc49b0_0;
    %nor/r;
    %flag_set/vec4 8;
    %flag_get/vec4 8;
    %jmp/0 T_66.4, 8;
    %load/vec4 v000001b775dc4230_0;
    %pad/u 32;
    %pushi/vec4 0, 0, 32;
    %cmp/e;
    %flag_get/vec4 4;
    %and;
T_66.4;
    %store/vec4 v000001b775dc2bb0_0, 0, 1;
    %load/vec4 v000001b775dc2ed0_0;
    %cmpi/ne 0, 0, 4;
    %flag_get/vec4 4;
    %jmp/0 T_66.7, 4;
    %load/vec4 v000001b775dc4230_0;
    %pushi/vec4 0, 0, 4;
    %cmp/e;
    %flag_get/vec4 4;
    %and;
T_66.7;
    %flag_set/vec4 8;
    %jmp/0xz  T_66.5, 8;
    %pushi/vec4 5, 0, 3;
    %store/vec4 v000001b775dc4910_0, 0, 3;
    %pushi/vec4 0, 0, 3;
    %load/vec4 v000001b775dc3f10_0;
    %parti/s 9, 2, 3;
    %concat/vec4; draw_concat_vec4
    %concati/vec4 0, 0, 1;
    %store/vec4 v000001b775dc2890_0, 0, 13;
    %load/vec4 v000001b775dc4b90_0;
    %store/vec4 v000001b775dc47d0_0, 0, 10;
    %pushi/vec4 1, 0, 1;
    %store/vec4 v000001b775dc29d0_0, 0, 1;
    %pushi/vec4 0, 0, 1;
    %store/vec4 v000001b775dc3ab0_0, 0, 1;
    %pushi/vec4 8, 0, 4;
    %store/vec4 v000001b775dc4050_0, 0, 4;
    %jmp T_66.6;
T_66.5 ;
    %load/vec4 v000001b775dc4190_0;
    %cmpi/ne 0, 0, 4;
    %flag_get/vec4 4;
    %jmp/0 T_66.11, 4;
    %load/vec4 v000001b775dc4230_0;
    %pushi/vec4 0, 0, 4;
    %cmp/e;
    %flag_get/vec4 4;
    %and;
T_66.11;
    %flag_set/vec4 9;
    %flag_get/vec4 9;
    %jmp/0 T_66.10, 9;
    %load/vec4 v000001b775dc3bf0_0;
    %pushi/vec4 0, 0, 3;
    %cmp/e;
    %flag_get/vec4 4;
    %and;
T_66.10;
    %flag_set/vec4 8;
    %jmp/0xz  T_66.8, 8;
    %pushi/vec4 4, 0, 3;
    %store/vec4 v000001b775dc4910_0, 0, 3;
    %pushi/vec4 0, 0, 3;
    %load/vec4 v000001b775dc3f10_0;
    %parti/s 9, 2, 3;
    %concat/vec4; draw_concat_vec4
    %concati/vec4 0, 0, 1;
    %store/vec4 v000001b775dc2890_0, 0, 13;
    %load/vec4 v000001b775dc3470_0;
    %store/vec4 v000001b775dc2a70_0, 0, 128;
    %load/vec4 v000001b775dc4af0_0;
    %inv;
    %store/vec4 v000001b775dc3b50_0, 0, 16;
    %pushi/vec4 255, 0, 8;
    %store/vec4 v000001b775dc44b0_0, 0, 8;
    %pushi/vec4 1, 0, 1;
    %store/vec4 v000001b775dc29d0_0, 0, 1;
    %pushi/vec4 1, 0, 1;
    %store/vec4 v000001b775dc3ab0_0, 0, 1;
    %pushi/vec4 8, 0, 4;
    %store/vec4 v000001b775dc4050_0, 0, 4;
    %jmp T_66.9;
T_66.8 ;
    %load/vec4 v000001b775dc36f0_0;
    %flag_set/vec4 8;
    %jmp/0xz  T_66.12, 8;
    %pushi/vec4 0, 0, 3;
    %store/vec4 v000001b775dc4910_0, 0, 3;
    %pushi/vec4 35, 0, 13;
    %store/vec4 v000001b775dc2890_0, 0, 13;
    %jmp T_66.13;
T_66.12 ;
    %load/vec4 v000001b775dc3650_0;
    %flag_set/vec4 8;
    %jmp/0xz  T_66.14, 8;
    %pushi/vec4 1, 0, 3;
    %store/vec4 v000001b775dc4910_0, 0, 3;
    %jmp T_66.15;
T_66.14 ;
    %load/vec4 v000001b775dc4870_0;
    %cmpi/ne 0, 0, 4;
    %jmp/0xz  T_66.16, 4;
    %pushi/vec4 2, 0, 3;
    %store/vec4 v000001b775dc4910_0, 0, 3;
    %pushi/vec4 0, 0, 13;
    %store/vec4 v000001b775dc2890_0, 0, 13;
    %jmp T_66.17;
T_66.16 ;
    %load/vec4 v000001b775dc3510_0;
    %flag_set/vec4 8;
    %jmp/0xz  T_66.18, 8;
    %pushi/vec4 2, 0, 3;
    %store/vec4 v000001b775dc4910_0, 0, 3;
    %pushi/vec4 1024, 0, 13;
    %store/vec4 v000001b775dc2890_0, 0, 13;
    %jmp T_66.19;
T_66.18 ;
    %load/vec4 v000001b775dc3e70_0;
    %cmpi/ne 0, 0, 4;
    %jmp/0xz  T_66.20, 4;
    %pushi/vec4 3, 0, 3;
    %store/vec4 v000001b775dc4910_0, 0, 3;
    %load/vec4 v000001b775dc3f10_0;
    %parti/s 13, 13, 5;
    %store/vec4 v000001b775dc2890_0, 0, 13;
    %jmp T_66.21;
T_66.20 ;
    %load/vec4 v000001b775dc49b0_0;
    %nor/r;
    %flag_set/vec4 8;
    %jmp/0xz  T_66.22, 8;
    %pushi/vec4 7, 0, 3;
    %store/vec4 v000001b775dc4910_0, 0, 3;
    %pushi/vec4 1, 0, 1;
    %store/vec4 v000001b775dc29d0_0, 0, 1;
T_66.22 ;
T_66.21 ;
T_66.19 ;
T_66.17 ;
T_66.15 ;
T_66.13 ;
T_66.9 ;
T_66.6 ;
    %load/vec4 v000001b775dc4230_0;
    %cmpi/e 5, 0, 4;
    %flag_get/vec4 4;
    %jmp/0 T_66.26, 4;
    %load/vec4 v000001b775dc38d0_0;
    %pushi/vec4 0, 0, 1;
    %cmp/e;
    %flag_get/vec4 4;
    %and;
T_66.26;
    %flag_set/vec4 8;
    %jmp/0xz  T_66.24, 8;
    %pushi/vec4 7, 0, 3;
    %store/vec4 v000001b775dc42d0_0, 0, 3;
    %load/vec4 v000001b775dc31f0_0;
    %store/vec4 v000001b775dc3150_0, 0, 10;
T_66.24 ;
    %load/vec4 v000001b775dc3790_0;
    %flag_set/vec4 8;
    %jmp/0xz  T_66.27, 8;
    %pushi/vec4 7, 0, 3;
    %store/vec4 v000001b775dc4910_0, 0, 3;
    %pushi/vec4 0, 0, 1;
    %store/vec4 v000001b775dc3ab0_0, 0, 1;
    %pushi/vec4 0, 0, 1;
    %store/vec4 v000001b775dc29d0_0, 0, 1;
    %pushi/vec4 0, 0, 4;
    %store/vec4 v000001b775dc4050_0, 0, 4;
    %pushi/vec4 0, 0, 3;
    %store/vec4 v000001b775dc42d0_0, 0, 3;
T_66.27 ;
    %jmp T_66;
    .thread T_66, $push;
    .scope S_000001b775d0e2d0;
T_67 ;
Ewait_23 .event/or E_000001b775ce67b0, E_0x0;
    %wait Ewait_23;
    %pushi/vec4 0, 0, 2;
    %store/vec4 v000001b775dc3c90_0, 0, 2;
    %pushi/vec4 4294967295, 4294967295, 32;
    %store/vec4 v000001b775dc4eb0_0, 0, 32;
    %load/vec4 v000001b775dc3bf0_0;
    %cmpi/e 7, 0, 3;
    %jmp/0xz  T_67.0, 4;
    %pushi/vec4 1, 0, 2;
    %store/vec4 v000001b775dc3c90_0, 0, 2;
    %load/vec4 v000001b775dc40f0_0;
    %store/vec4 v000001b775dc4eb0_0, 0, 32;
    %jmp T_67.1;
T_67.0 ;
    %load/vec4 v000001b775dc3bf0_0;
    %cmpi/e 5, 0, 3;
    %jmp/1 T_67.4, 4;
    %flag_mov 8, 4;
    %load/vec4 v000001b775dc3bf0_0;
    %cmpi/e 3, 0, 3;
    %flag_or 4, 8;
T_67.4;
    %jmp/0xz  T_67.2, 4;
    %pushi/vec4 2, 0, 2;
    %store/vec4 v000001b775dc3c90_0, 0, 2;
    %load/vec4 v000001b775dc40f0_0;
    %store/vec4 v000001b775dc4eb0_0, 0, 32;
    %jmp T_67.3;
T_67.2 ;
    %load/vec4 v000001b775dc3bf0_0;
    %cmpi/e 1, 0, 3;
    %jmp/0xz  T_67.5, 4;
    %pushi/vec4 3, 0, 2;
    %store/vec4 v000001b775dc3c90_0, 0, 2;
    %load/vec4 v000001b775dc40f0_0;
    %store/vec4 v000001b775dc4eb0_0, 0, 32;
T_67.5 ;
T_67.3 ;
T_67.1 ;
    %jmp T_67;
    .thread T_67, $push;
    .scope S_000001b775d0e2d0;
T_68 ;
    %wait E_000001b775ce6830;
    %load/vec4 v000001b775dc2a70_0;
    %assign/vec4 v000001b775dc2c50_0, 0;
    %load/vec4 v000001b775dc3b50_0;
    %assign/vec4 v000001b775dc4550_0, 0;
    %load/vec4 v000001b775dc44b0_0;
    %assign/vec4 v000001b775dc30b0_0, 0;
    %load/vec4 v000001b775dc4050_0;
    %assign/vec4 v000001b775dc4230_0, 0;
    %load/vec4 v000001b775dc42d0_0;
    %assign/vec4 v000001b775dc3bf0_0, 0;
    %load/vec4 v000001b775dc47d0_0;
    %assign/vec4 v000001b775dc31f0_0, 0;
    %load/vec4 v000001b775dc3ab0_0;
    %assign/vec4 v000001b775dc38d0_0, 0;
    %load/vec4 v000001b775dc12b0_0;
    %load/vec4 v000001b775dc40f0_0;
    %parti/s 16, 16, 6;
    %concat/vec4; draw_concat_vec4
    %assign/vec4 v000001b775dc40f0_0, 0;
    %load/vec4 v000001b775dc3150_0;
    %assign/vec4 v000001b775dc2f70_0, 0;
    %load/vec4 v000001b775dc2890_0;
    %assign/vec4 v000001b775dc2250_0, 0;
    %load/vec4 v000001b775dc4370_0;
    %assign/vec4 v000001b775dc22f0_0, 0;
    %load/vec4 v000001b775dc4910_0;
    %parti/s 1, 2, 3;
    %assign/vec4 v000001b775dc3a10_0, 0;
    %load/vec4 v000001b775dc4910_0;
    %parti/s 1, 1, 2;
    %assign/vec4 v000001b775dc0db0_0, 0;
    %load/vec4 v000001b775dc4910_0;
    %parti/s 1, 0, 2;
    %assign/vec4 v000001b775dc3970_0, 0;
    %jmp T_68;
    .thread T_68;
    .scope S_000001b775d0d010;
T_69 ;
    %wait E_000001b775ce6830;
    %load/vec4 v000001b775d79260_0;
    %flag_set/vec4 8;
    %jmp/0xz  T_69.0, 8;
    %load/vec4 v000001b775d791c0_0;
    %load/vec4 v000001b775d789a0_0;
    %parti/s 9, 3, 3;
    %pad/u 11;
    %ix/vec4 4;
    %flag_mov 8, 4;
    %load/vec4 v000001b775d789a0_0;
    %parti/s 3, 0, 2;
    %pad/u 32;
    %muli 32, 0, 32;
    %ix/vec4 5;
    %flag_or 8, 4;
    %ix/load 6, 0, 0; Constant delay
    %ix/mov 3, 4;
    %flag_mov 4, 8;
    %assign/vec4/a/d v000001b775d78040, 5, 6;
T_69.0 ;
    %load/vec4 v000001b775d79da0_0;
    %pad/u 11;
    %ix/vec4 4;
    %load/vec4a v000001b775d78040, 4;
    %assign/vec4 v000001b775d79c60_0, 0;
    %jmp T_69;
    .thread T_69;
    .scope S_000001b775d0ce80;
T_70 ;
    %wait E_000001b775ce6830;
    %load/vec4 v000001b775d77e60_0;
    %assign/vec4 v000001b775d78360_0, 0;
    %load/vec4 v000001b775d78900_0;
    %assign/vec4 v000001b775d785e0_0, 0;
    %load/vec4 v000001b775d79a80_0;
    %assign/vec4 v000001b775d78720_0, 0;
    %load/vec4 v000001b775d78e00_0;
    %assign/vec4 v000001b775d787c0_0, 0;
    %load/vec4 v000001b775d79b20_0;
    %assign/vec4 v000001b775d78ea0_0, 0;
    %load/vec4 v000001b775d78360_0;
    %pad/s 48;
    %load/vec4 v000001b775d785e0_0;
    %pad/s 48;
    %mul;
    %store/vec4 v000001b775d78f40_0, 0, 48;
    %load/vec4 v000001b775d78720_0;
    %pad/s 48;
    %load/vec4 v000001b775d787c0_0;
    %pad/s 48;
    %mul;
    %store/vec4 v000001b775d78fe0_0, 0, 48;
    %load/vec4 v000001b775d78f40_0;
    %parti/s 28, 12, 5;
    %load/vec4 v000001b775d78fe0_0;
    %parti/s 28, 12, 5;
    %add;
    %load/vec4 v000001b775d78ea0_0;
    %parti/s 1, 23, 6;
    %replicate 4;
    %load/vec4 v000001b775d78ea0_0;
    %concat/vec4; draw_concat_vec4
    %add;
    %assign/vec4 v000001b775d78c20_0, 0;
    %jmp T_70;
    .thread T_70;
    .scope S_000001b775d0ce80;
T_71 ;
Ewait_24 .event/or E_000001b775ce6a70, E_0x0;
    %wait Ewait_24;
    %load/vec4 v000001b775d814f0_0;
    %store/vec4 v000001b775d81090_0, 0, 9;
    %pushi/vec4 16777215, 16777215, 24;
    %store/vec4 v000001b775d77e60_0, 0, 24;
    %pushi/vec4 16777215, 16777215, 24;
    %store/vec4 v000001b775d78900_0, 0, 24;
    %pushi/vec4 16777215, 16777215, 24;
    %store/vec4 v000001b775d79a80_0, 0, 24;
    %pushi/vec4 16777215, 16777215, 24;
    %store/vec4 v000001b775d78e00_0, 0, 24;
    %pushi/vec4 16777215, 16777215, 24;
    %store/vec4 v000001b775d79b20_0, 0, 24;
    %load/vec4 v000001b775d845b0_0;
    %store/vec4 v000001b775d804b0_0, 0, 24;
    %load/vec4 v000001b775d82cb0_0;
    %store/vec4 v000001b775d81f90_0, 0, 24;
    %load/vec4 v000001b775d83bb0_0;
    %store/vec4 v000001b775d81bd0_0, 0, 24;
    %load/vec4 v000001b775d81d10_0;
    %store/vec4 v000001b775d80190_0, 0, 8;
    %load/vec4 v000001b775d813b0_0;
    %store/vec4 v000001b775d7fa10_0, 0, 1;
    %load/vec4 v000001b775d80ff0_0;
    %store/vec4 v000001b775d80f50_0, 0, 10;
    %load/vec4 v000001b775d811d0_0;
    %store/vec4 v000001b775d81e50_0, 0, 10;
    %load/vec4 v000001b775d81270_0;
    %store/vec4 v000001b775d80050_0, 0, 24;
    %load/vec4 v000001b775d82030_0;
    %store/vec4 v000001b775d80550_0, 0, 24;
    %load/vec4 v000001b775d81db0_0;
    %store/vec4 v000001b775d7fbf0_0, 0, 24;
    %load/vec4 v000001b775d80d70_0;
    %store/vec4 v000001b775d80af0_0, 0, 24;
    %load/vec4 v000001b775d800f0_0;
    %store/vec4 v000001b775d81a90_0, 0, 24;
    %load/vec4 v000001b775d80eb0_0;
    %store/vec4 v000001b775d7fab0_0, 0, 24;
    %load/vec4 v000001b775d81b30_0;
    %store/vec4 v000001b775d7f970_0, 0, 24;
    %load/vec4 v000001b775d81c70_0;
    %store/vec4 v000001b775d81630_0, 0, 24;
    %load/vec4 v000001b775d80870_0;
    %store/vec4 v000001b775d80230_0, 0, 26;
    %load/vec4 v000001b775d80e10_0;
    %store/vec4 v000001b775d80690_0, 0, 16;
    %pushi/vec4 65535, 65535, 16;
    %store/vec4 v000001b775d82c10_0, 0, 16;
    %load/vec4 v000001b775d840b0_0;
    %cmpi/e 15, 0, 4;
    %flag_mov 8, 4;
    %jmp/0 T_71.0, 8;
    %pushi/vec4 15, 0, 4;
    %jmp/1 T_71.1, 8;
T_71.0 ; End of true expr.
    %load/vec4 v000001b775d840b0_0;
    %addi 1, 0, 4;
    %jmp/0 T_71.1, 8;
 ; End of false expr.
    %blend;
T_71.1;
    %store/vec4 v000001b775d80cd0_0, 0, 4;
    %load/vec4 v000001b775d840b0_0;
    %dup/vec4;
    %pushi/vec4 0, 0, 4;
    %cmp/u;
    %jmp/1 T_71.2, 6;
    %dup/vec4;
    %pushi/vec4 1, 0, 4;
    %cmp/u;
    %jmp/1 T_71.3, 6;
    %dup/vec4;
    %pushi/vec4 2, 0, 4;
    %cmp/u;
    %jmp/1 T_71.4, 6;
    %dup/vec4;
    %pushi/vec4 3, 0, 4;
    %cmp/u;
    %jmp/1 T_71.5, 6;
    %dup/vec4;
    %pushi/vec4 4, 0, 4;
    %cmp/u;
    %jmp/1 T_71.6, 6;
    %dup/vec4;
    %pushi/vec4 5, 0, 4;
    %cmp/u;
    %jmp/1 T_71.7, 6;
    %dup/vec4;
    %pushi/vec4 6, 0, 4;
    %cmp/u;
    %jmp/1 T_71.8, 6;
    %dup/vec4;
    %pushi/vec4 7, 0, 4;
    %cmp/u;
    %jmp/1 T_71.9, 6;
    %dup/vec4;
    %pushi/vec4 8, 0, 4;
    %cmp/u;
    %jmp/1 T_71.10, 6;
    %dup/vec4;
    %pushi/vec4 9, 0, 4;
    %cmp/u;
    %jmp/1 T_71.11, 6;
    %dup/vec4;
    %pushi/vec4 14, 0, 4;
    %cmp/u;
    %jmp/1 T_71.12, 6;
    %pushi/vec4 15, 0, 4;
    %store/vec4 v000001b775d80cd0_0, 0, 4;
    %jmp T_71.14;
T_71.2 ;
    %load/vec4 v000001b775d80910_0;
    %load/vec4 v000001b775d843d0_0;
    %cmp/u;
    %flag_or 5, 4;
    %flag_get/vec4 5;
    %jmp/0 T_71.17, 5;
    %load/vec4 v000001b775d843d0_0;
    %load/vec4 v000001b775d818b0_0;
    %cmp/u;
    %flag_get/vec4 5;
    %and;
T_71.17;
    %flag_set/vec4 8;
    %jmp/0xz  T_71.15, 8;
    %load/vec4 v000001b775d805f0_0;
    %parti/s 8, 0, 2;
    %store/vec4 v000001b775d80190_0, 0, 8;
    %pushi/vec4 0, 0, 2;
    %load/vec4 v000001b775d843d0_0;
    %concat/vec4; draw_concat_vec4
    %concati/vec4 4095, 0, 12;
    %load/vec4 v000001b775d80a50_0;
    %sub;
    %store/vec4 v000001b775d804b0_0, 0, 24;
    %pushi/vec4 0, 0, 2;
    %load/vec4 v000001b775d843d0_0;
    %concat/vec4; draw_concat_vec4
    %concati/vec4 4095, 0, 12;
    %load/vec4 v000001b775d81ef0_0;
    %sub;
    %store/vec4 v000001b775d81f90_0, 0, 24;
    %pushi/vec4 0, 0, 24;
    %store/vec4 v000001b775d79a80_0, 0, 24;
    %pushi/vec4 0, 0, 24;
    %store/vec4 v000001b775d78e00_0, 0, 24;
    %load/vec4 v000001b775d81f90_0;
    %pad/s 32;
    %cmpi/s 0, 0, 32;
    %jmp/1 T_71.20, 5;
    %flag_mov 8, 5;
    %load/vec4 v000001b775d805f0_0;
    %parti/s 1, 4, 4;
    %cmpi/e 1, 0, 1;
    %flag_or 4, 8;
    %flag_mov 5, 4;
T_71.20;
    %jmp/0xz  T_71.18, 5;
    %load/vec4 v000001b775d80370_0;
    %store/vec4 v000001b775d77e60_0, 0, 24;
    %load/vec4 v000001b775d804b0_0;
    %store/vec4 v000001b775d78900_0, 0, 24;
    %load/vec4 v000001b775d7ffb0_0;
    %store/vec4 v000001b775d79b20_0, 0, 24;
    %jmp T_71.19;
T_71.18 ;
    %load/vec4 v000001b775d7fdd0_0;
    %store/vec4 v000001b775d77e60_0, 0, 24;
    %load/vec4 v000001b775d81f90_0;
    %store/vec4 v000001b775d78900_0, 0, 24;
    %load/vec4 v000001b775d80730_0;
    %store/vec4 v000001b775d79b20_0, 0, 24;
T_71.19 ;
    %jmp T_71.16;
T_71.15 ;
    %load/vec4 v000001b775d814f0_0;
    %addi 2, 0, 9;
    %store/vec4 v000001b775d81090_0, 0, 9;
    %load/vec4 v000001b775d814f0_0;
    %cmpi/e 510, 0, 9;
    %jmp/0xz  T_71.21, 4;
    %pushi/vec4 15, 0, 4;
    %store/vec4 v000001b775d80cd0_0, 0, 4;
    %jmp T_71.22;
T_71.21 ;
    %pushi/vec4 0, 0, 4;
    %store/vec4 v000001b775d80cd0_0, 0, 4;
T_71.22 ;
T_71.16 ;
    %jmp T_71.14;
T_71.3 ;
    %load/vec4 v000001b775d82cb0_0;
    %pad/s 32;
    %cmpi/s 0, 0, 32;
    %jmp/1 T_71.25, 5;
    %flag_mov 8, 5;
    %load/vec4 v000001b775d805f0_0;
    %parti/s 1, 4, 4;
    %cmpi/e 0, 0, 1;
    %flag_or 4, 8;
    %flag_mov 5, 4;
T_71.25;
    %jmp/0xz  T_71.23, 5;
    %load/vec4 v000001b775d80c30_0;
    %store/vec4 v000001b775d77e60_0, 0, 24;
    %load/vec4 v000001b775d845b0_0;
    %store/vec4 v000001b775d78900_0, 0, 24;
    %pushi/vec4 0, 0, 24;
    %store/vec4 v000001b775d79a80_0, 0, 24;
    %pushi/vec4 0, 0, 24;
    %store/vec4 v000001b775d78e00_0, 0, 24;
    %load/vec4 v000001b775d7ffb0_0;
    %store/vec4 v000001b775d79b20_0, 0, 24;
    %jmp T_71.24;
T_71.23 ;
    %load/vec4 v000001b775d7fdd0_0;
    %store/vec4 v000001b775d77e60_0, 0, 24;
    %load/vec4 v000001b775d81f90_0;
    %store/vec4 v000001b775d78900_0, 0, 24;
    %load/vec4 v000001b775d80730_0;
    %store/vec4 v000001b775d79b20_0, 0, 24;
T_71.24 ;
    %pushi/vec4 2, 0, 4;
    %store/vec4 v000001b775d80cd0_0, 0, 4;
    %jmp T_71.14;
T_71.4 ;
    %load/vec4 v000001b775d78c20_0;
    %parti/s 16, 12, 5;
    %store/vec4 v000001b775d82c10_0, 0, 16;
    %load/vec4 v000001b775d802d0_0;
    %load/vec4 v000001b775d82c10_0;
    %cmp/u;
    %jmp/0xz  T_71.26, 5;
    %pushi/vec4 14, 0, 4;
    %store/vec4 v000001b775d80cd0_0, 0, 4;
T_71.26 ;
    %load/vec4 v000001b775d82c10_0;
    %load/vec4 v000001b775d81950_0;
    %cmp/u;
    %jmp/0xz  T_71.28, 5;
    %load/vec4 v000001b775d81950_0;
    %store/vec4 v000001b775d82c10_0, 0, 16;
T_71.28 ;
    %load/vec4 v000001b775d82c10_0;
    %parti/s 10, 0, 2;
    %store/vec4 v000001b775d80f50_0, 0, 10;
    %jmp T_71.14;
T_71.5 ;
    %load/vec4 v000001b775d78c20_0;
    %parti/s 16, 12, 5;
    %store/vec4 v000001b775d82c10_0, 0, 16;
    %load/vec4 v000001b775d82c10_0;
    %load/vec4 v000001b775d81950_0;
    %cmp/u;
    %jmp/0xz  T_71.30, 5;
    %pushi/vec4 14, 0, 4;
    %store/vec4 v000001b775d80cd0_0, 0, 4;
T_71.30 ;
    %load/vec4 v000001b775d802d0_0;
    %load/vec4 v000001b775d82c10_0;
    %cmp/u;
    %jmp/0xz  T_71.32, 5;
    %load/vec4 v000001b775d802d0_0;
    %store/vec4 v000001b775d82c10_0, 0, 16;
T_71.32 ;
    %load/vec4 v000001b775d82c10_0;
    %parti/s 10, 0, 2;
    %store/vec4 v000001b775d81e50_0, 0, 10;
    %pushi/vec4 0, 0, 2;
    %load/vec4 v000001b775d80ff0_0;
    %concat/vec4; draw_concat_vec4
    %concati/vec4 4095, 0, 12;
    %load/vec4 v000001b775d7ffb0_0;
    %sub;
    %store/vec4 v000001b775d81bd0_0, 0, 24;
    %load/vec4 v000001b775d7fe70_0;
    %store/vec4 v000001b775d77e60_0, 0, 24;
    %load/vec4 v000001b775d81bd0_0;
    %store/vec4 v000001b775d78900_0, 0, 24;
    %load/vec4 v000001b775d80410_0;
    %store/vec4 v000001b775d79a80_0, 0, 24;
    %load/vec4 v000001b775d845b0_0;
    %store/vec4 v000001b775d78e00_0, 0, 24;
    %load/vec4 v000001b775d7fd30_0;
    %store/vec4 v000001b775d79b20_0, 0, 24;
    %load/vec4 v000001b775d7fe70_0;
    %store/vec4 v000001b775d80550_0, 0, 24;
    %load/vec4 v000001b775d805f0_0;
    %parti/s 8, 0, 2;
    %store/vec4 v000001b775d80190_0, 0, 8;
    %load/vec4 v000001b775d814f0_0;
    %addi 1, 0, 9;
    %store/vec4 v000001b775d81090_0, 0, 9;
    %jmp T_71.14;
T_71.6 ;
    %load/vec4 v000001b775d809b0_0;
    %store/vec4 v000001b775d77e60_0, 0, 24;
    %load/vec4 v000001b775d83bb0_0;
    %store/vec4 v000001b775d78900_0, 0, 24;
    %load/vec4 v000001b775d81590_0;
    %store/vec4 v000001b775d79a80_0, 0, 24;
    %load/vec4 v000001b775d845b0_0;
    %store/vec4 v000001b775d78e00_0, 0, 24;
    %load/vec4 v000001b775d81130_0;
    %store/vec4 v000001b775d79b20_0, 0, 24;
    %load/vec4 v000001b775d809b0_0;
    %store/vec4 v000001b775d80af0_0, 0, 24;
    %jmp T_71.14;
T_71.7 ;
    %load/vec4 v000001b775d807d0_0;
    %store/vec4 v000001b775d77e60_0, 0, 24;
    %load/vec4 v000001b775d83bb0_0;
    %store/vec4 v000001b775d78900_0, 0, 24;
    %load/vec4 v000001b775d819f0_0;
    %store/vec4 v000001b775d79a80_0, 0, 24;
    %load/vec4 v000001b775d845b0_0;
    %store/vec4 v000001b775d78e00_0, 0, 24;
    %load/vec4 v000001b775d81770_0;
    %store/vec4 v000001b775d79b20_0, 0, 24;
    %load/vec4 v000001b775d807d0_0;
    %store/vec4 v000001b775d7fab0_0, 0, 24;
    %load/vec4 v000001b775d78c20_0;
    %parti/s 24, 0, 2;
    %store/vec4 v000001b775d80050_0, 0, 24;
    %jmp T_71.14;
T_71.8 ;
    %load/vec4 v000001b775d80b90_0;
    %store/vec4 v000001b775d77e60_0, 0, 24;
    %load/vec4 v000001b775d83bb0_0;
    %store/vec4 v000001b775d78900_0, 0, 24;
    %load/vec4 v000001b775d816d0_0;
    %store/vec4 v000001b775d79a80_0, 0, 24;
    %load/vec4 v000001b775d845b0_0;
    %store/vec4 v000001b775d78e00_0, 0, 24;
    %load/vec4 v000001b775d81810_0;
    %store/vec4 v000001b775d79b20_0, 0, 24;
    %load/vec4 v000001b775d80b90_0;
    %store/vec4 v000001b775d81630_0, 0, 24;
    %load/vec4 v000001b775d78c20_0;
    %parti/s 24, 0, 2;
    %store/vec4 v000001b775d7fbf0_0, 0, 24;
    %jmp T_71.14;
T_71.9 ;
    %load/vec4 v000001b775d78c20_0;
    %parti/s 24, 0, 2;
    %store/vec4 v000001b775d81a90_0, 0, 24;
    %load/vec4 v000001b775d7fb50_0;
    %store/vec4 v000001b775d80230_0, 0, 26;
    %load/vec4 v000001b775d7ff10_0;
    %store/vec4 v000001b775d80690_0, 0, 16;
    %jmp T_71.14;
T_71.10 ;
    %load/vec4 v000001b775d78c20_0;
    %parti/s 24, 0, 2;
    %store/vec4 v000001b775d7f970_0, 0, 24;
    %pushi/vec4 1, 0, 1;
    %store/vec4 v000001b775d7fa10_0, 0, 1;
    %jmp T_71.14;
T_71.11 ;
    %load/vec4 v000001b775d7f8d0_0;
    %flag_set/vec4 8;
    %jmp/0xz  T_71.34, 8;
    %pushi/vec4 0, 0, 1;
    %store/vec4 v000001b775d7fa10_0, 0, 1;
    %load/vec4 v000001b775d814f0_0;
    %addi 1, 0, 9;
    %store/vec4 v000001b775d81090_0, 0, 9;
    %load/vec4 v000001b775d814f0_0;
    %cmpi/e 511, 0, 9;
    %jmp/0xz  T_71.36, 4;
    %pushi/vec4 15, 0, 4;
    %store/vec4 v000001b775d80cd0_0, 0, 4;
    %jmp T_71.37;
T_71.36 ;
    %pushi/vec4 0, 0, 4;
    %store/vec4 v000001b775d80cd0_0, 0, 4;
T_71.37 ;
    %jmp T_71.35;
T_71.34 ;
    %pushi/vec4 9, 0, 4;
    %store/vec4 v000001b775d80cd0_0, 0, 4;
T_71.35 ;
    %jmp T_71.14;
T_71.12 ;
    %load/vec4 v000001b775d814f0_0;
    %pushi/vec4 510, 0, 9;
    %and;
    %addi 2, 0, 9;
    %store/vec4 v000001b775d81090_0, 0, 9;
    %load/vec4 v000001b775d814f0_0;
    %pushi/vec4 510, 0, 9;
    %and;
    %cmpi/e 510, 0, 9;
    %jmp/0xz  T_71.38, 4;
    %pushi/vec4 15, 0, 4;
    %store/vec4 v000001b775d80cd0_0, 0, 4;
    %jmp T_71.39;
T_71.38 ;
    %pushi/vec4 0, 0, 4;
    %store/vec4 v000001b775d80cd0_0, 0, 4;
T_71.39 ;
    %jmp T_71.14;
T_71.14 ;
    %pop/vec4 1;
    %load/vec4 v000001b775d7fc90_0;
    %flag_set/vec4 8;
    %jmp/1 T_71.42, 8;
    %load/vec4 v000001b775d81310_0;
    %flag_set/vec4 10;
    %flag_get/vec4 10;
    %jmp/0 T_71.43, 10;
    %load/vec4 v000001b775d843d0_0;
    %pad/u 32;
    %cmpi/u 480, 0, 32;
    %flag_get/vec4 5;
    %and;
T_71.43;
    %flag_set/vec4 9;
    %flag_or 8, 9;
T_71.42;
    %jmp/0xz  T_71.40, 8;
    %pushi/vec4 0, 0, 9;
    %store/vec4 v000001b775d81090_0, 0, 9;
    %pushi/vec4 0, 0, 4;
    %store/vec4 v000001b775d80cd0_0, 0, 4;
    %pushi/vec4 0, 0, 1;
    %store/vec4 v000001b775d7fa10_0, 0, 1;
T_71.40 ;
    %jmp T_71;
    .thread T_71, $push;
    .scope S_000001b775d0ce80;
T_72 ;
    %wait E_000001b775ce6830;
    %load/vec4 v000001b775d80cd0_0;
    %assign/vec4 v000001b775d840b0_0, 0;
    %load/vec4 v000001b775d804b0_0;
    %assign/vec4 v000001b775d845b0_0, 0;
    %load/vec4 v000001b775d81f90_0;
    %assign/vec4 v000001b775d82cb0_0, 0;
    %load/vec4 v000001b775d81bd0_0;
    %assign/vec4 v000001b775d83bb0_0, 0;
    %load/vec4 v000001b775d81090_0;
    %assign/vec4 v000001b775d814f0_0, 0;
    %load/vec4 v000001b775d80cd0_0;
    %assign/vec4 v000001b775d840b0_0, 0;
    %load/vec4 v000001b775d7fa10_0;
    %assign/vec4 v000001b775d813b0_0, 0;
    %load/vec4 v000001b775d80190_0;
    %assign/vec4 v000001b775d81d10_0, 0;
    %load/vec4 v000001b775d80f50_0;
    %assign/vec4 v000001b775d80ff0_0, 0;
    %load/vec4 v000001b775d81e50_0;
    %assign/vec4 v000001b775d811d0_0, 0;
    %load/vec4 v000001b775d80050_0;
    %assign/vec4 v000001b775d81270_0, 0;
    %load/vec4 v000001b775d80550_0;
    %assign/vec4 v000001b775d82030_0, 0;
    %load/vec4 v000001b775d7fbf0_0;
    %assign/vec4 v000001b775d81db0_0, 0;
    %load/vec4 v000001b775d80af0_0;
    %assign/vec4 v000001b775d80d70_0, 0;
    %load/vec4 v000001b775d81a90_0;
    %assign/vec4 v000001b775d800f0_0, 0;
    %load/vec4 v000001b775d7fab0_0;
    %assign/vec4 v000001b775d80eb0_0, 0;
    %load/vec4 v000001b775d7f970_0;
    %assign/vec4 v000001b775d81b30_0, 0;
    %load/vec4 v000001b775d81630_0;
    %assign/vec4 v000001b775d81c70_0, 0;
    %load/vec4 v000001b775d80230_0;
    %assign/vec4 v000001b775d80870_0, 0;
    %load/vec4 v000001b775d80690_0;
    %assign/vec4 v000001b775d80e10_0, 0;
    %jmp T_72;
    .thread T_72;
    .scope S_000001b775d0eaa0;
T_73 ;
    %wait E_000001b775ce6830;
    %load/vec4 v000001b775d84fb0_0;
    %cmpi/e 0, 0, 1;
    %jmp/0xz  T_73.0, 4;
    %load/vec4 v000001b775d7d210_0;
    %assign/vec4 v000001b775d84fb0_0, 0;
    %load/vec4 v000001b775d7f470_0;
    %assign/vec4 v000001b775d84ab0_0, 0;
    %load/vec4 v000001b775d7f830_0;
    %assign/vec4 v000001b775d7ea70_0, 0;
    %load/vec4 v000001b775d7f150_0;
    %assign/vec4 v000001b775d7f6f0_0, 0;
    %load/vec4 v000001b775d7e390_0;
    %assign/vec4 v000001b775d7d990_0, 0;
    %load/vec4 v000001b775d7dc10_0;
    %assign/vec4 v000001b775d84b50_0, 0;
    %load/vec4 v000001b775d7dfd0_0;
    %assign/vec4 v000001b775d7f790_0, 0;
    %load/vec4 v000001b775d7da30_0;
    %assign/vec4 v000001b775d84dd0_0, 0;
    %load/vec4 v000001b775d7f0b0_0;
    %assign/vec4 v000001b775d84f10_0, 0;
    %load/vec4 v000001b775d7d8f0_0;
    %assign/vec4 v000001b775d84a10_0, 0;
    %load/vec4 v000001b775d7f3d0_0;
    %assign/vec4 v000001b775d84d30_0, 0;
    %load/vec4 v000001b775d7d350_0;
    %assign/vec4 v000001b775d84970_0, 0;
    %jmp T_73.1;
T_73.0 ;
    %load/vec4 v000001b775d848d0_0;
    %flag_set/vec4 8;
    %jmp/0xz  T_73.2, 8;
    %load/vec4 v000001b775d7ef70_0;
    %load/vec4 v000001b775d7f6f0_0;
    %cmp/u;
    %flag_get/vec4 5;
    %assign/vec4 v000001b775d84fb0_0, 0;
    %load/vec4 v000001b775d7ef70_0;
    %assign/vec4 v000001b775d7ea70_0, 0;
    %load/vec4 v000001b775d7d990_0;
    %load/vec4 v000001b775d84b50_0;
    %add;
    %assign/vec4 v000001b775d7d990_0, 0;
    %load/vec4 v000001b775d7f790_0;
    %load/vec4 v000001b775d84dd0_0;
    %add;
    %assign/vec4 v000001b775d7f790_0, 0;
    %load/vec4 v000001b775d84f10_0;
    %load/vec4 v000001b775d84a10_0;
    %add;
    %assign/vec4 v000001b775d84f10_0, 0;
    %load/vec4 v000001b775d84d30_0;
    %load/vec4 v000001b775d84970_0;
    %add;
    %assign/vec4 v000001b775d84d30_0, 0;
T_73.2 ;
T_73.1 ;
    %load/vec4 v000001b775d7d2b0_0;
    %flag_set/vec4 8;
    %jmp/0xz  T_73.4, 8;
    %pushi/vec4 0, 0, 1;
    %assign/vec4 v000001b775d84fb0_0, 0;
T_73.4 ;
    %jmp T_73;
    .thread T_73;
    .scope S_000001b775d0de20;
T_74 ;
    %wait E_000001b775ce6830;
    %load/vec4 v000001b775d79080_0;
    %flag_set/vec4 8;
    %jmp/0xz  T_74.0, 8;
    %load/vec4 v000001b775d78d60_0;
    %assign/vec4 v000001b775d75a20_0, 0;
    %load/vec4 v000001b775d77a00_0;
    %assign/vec4 v000001b775d76d80_0, 0;
    %load/vec4 v000001b775d773c0_0;
    %load/vec4 v000001b775d767e0_0;
    %concat/vec4; draw_concat_vec4
    %load/vec4 v000001b775d76c40_0;
    %concat/vec4; draw_concat_vec4
    %assign/vec4 v000001b775d75ca0_0, 0;
    %load/vec4 v000001b775d79bc0_0;
    %assign/vec4 v000001b775d776e0_0, 0;
T_74.0 ;
    %jmp T_74;
    .thread T_74;
    .scope S_000001b775d0d4c0;
T_75 ;
    %wait E_000001b775ce6830;
    %load/vec4 v000001b775d839d0_0;
    %flag_set/vec4 8;
    %jmp/0xz  T_75.0, 8;
    %load/vec4 v000001b775d83930_0;
    %cmpi/e 0, 0, 8;
    %flag_get/vec4 4;
    %jmp/0 T_75.4, 4;
    %load/vec4 v000001b775d832f0_0;
    %parti/s 1, 5, 4;
    %and;
T_75.4;
    %flag_set/vec4 8;
    %jmp/0xz  T_75.2, 8;
    %pushi/vec4 0, 0, 1;
    %assign/vec4 v000001b775d831b0_0, 0;
    %jmp T_75.3;
T_75.2 ;
    %load/vec4 v000001b775d825d0_0;
    %assign/vec4 v000001b775d831b0_0, 0;
    %load/vec4 v000001b775d84510_0;
    %assign/vec4 v000001b775d841f0_0, 0;
    %load/vec4 v000001b775d83d90_0;
    %assign/vec4 v000001b775d82990_0, 0;
    %load/vec4 v000001b775d832f0_0;
    %parti/s 2, 2, 3;
    %load/vec4 v000001b775d83930_0;
    %concat/vec4; draw_concat_vec4
    %pad/u 12;
    %ix/vec4 4;
    %load/vec4a v000001b775d84830, 4;
    %assign/vec4 v000001b775d83c50_0, 0;
    %load/vec4 v000001b775d83250_0;
    %assign/vec4 v000001b775d83750_0, 0;
T_75.3 ;
T_75.0 ;
    %jmp T_75;
    .thread T_75;
    .scope S_000001b775d0d4c0;
T_76 ;
    %wait E_000001b775ce6830;
    %load/vec4 v000001b775d84150_0;
    %flag_set/vec4 8;
    %jmp/0xz  T_76.0, 8;
    %load/vec4 v000001b775d834d0_0;
    %parti/s 24, 0, 2;
    %load/vec4 v000001b775d82e90_0;
    %pad/u 12;
    %ix/vec4 3;
    %ix/load 4, 0, 0; Constant delay
    %assign/vec4/a/d v000001b775d84830, 0, 4;
T_76.0 ;
    %jmp T_76;
    .thread T_76;
    .scope S_000001b775d0ec30;
T_77 ;
    %wait E_000001b775ce6830;
    %load/vec4 v000001b775d76ec0_0;
    %flag_set/vec4 8;
    %jmp/0xz  T_77.0, 8;
    %pushi/vec4 1, 0, 1;
    %assign/vec4 v000001b775d75f20_0, 0;
    %load/vec4 v000001b775d75e80_0;
    %assign/vec4 v000001b775d76240_0, 0;
    %load/vec4 v000001b775d77000_0;
    %assign/vec4 v000001b775d757a0_0, 0;
    %load/vec4 v000001b775d76920_0;
    %assign/vec4 v000001b775d77640_0, 0;
    %load/vec4 v000001b775d75520_0;
    %assign/vec4 v000001b775d77780_0, 0;
    %jmp T_77.1;
T_77.0 ;
    %pushi/vec4 1, 0, 1;
    %assign/vec4 v000001b775d75f20_0, 0;
    %load/vec4 v000001b775d750c0_0;
    %assign/vec4 v000001b775d76240_0, 0;
    %load/vec4 v000001b775d75660_0;
    %assign/vec4 v000001b775d757a0_0, 0;
    %load/vec4 v000001b775d76880_0;
    %assign/vec4 v000001b775d77640_0, 0;
    %load/vec4 v000001b775d75b60_0;
    %assign/vec4 v000001b775d77780_0, 0;
T_77.1 ;
    %jmp T_77;
    .thread T_77;
    .scope S_000001b775d0d330;
T_78 ;
    %wait E_000001b775ce6830;
    %load/vec4 v000001b775d7cb40_0;
    %assign/vec4 v000001b775d7cdc0_0, 0;
    %load/vec4 v000001b775d7cc80_0;
    %assign/vec4 v000001b775d7cf00_0, 0;
    %load/vec4 v000001b775d7cfa0_0;
    %assign/vec4 v000001b775d7c8c0_0, 0;
    %load/vec4 v000001b775d7a8e0_0;
    %parti/s 8, 16, 6;
    %pad/u 16;
    %load/vec4 v000001b775d7a480_0;
    %pad/u 16;
    %mul;
    %ix/load 4, 8, 0;
    %flag_set/imm 4, 0;
    %shiftr 4;
    %store/vec4 v000001b775d7caa0_0, 0, 16;
    %load/vec4 v000001b775d7caa0_0;
    %cmpi/u 255, 0, 16;
    %flag_or 5, 4; GT is !LE
    %flag_inv 5;
    %jmp/0xz  T_78.0, 5;
    %pushi/vec4 255, 0, 8;
    %ix/load 4, 16, 0;
    %ix/load 5, 0, 0;
    %flag_set/imm 4, 0;
    %assign/vec4/off/d v000001b775d7cd20_0, 4, 5;
    %jmp T_78.1;
T_78.0 ;
    %load/vec4 v000001b775d7caa0_0;
    %parti/s 8, 0, 2;
    %ix/load 4, 16, 0;
    %ix/load 5, 0, 0;
    %flag_set/imm 4, 0;
    %assign/vec4/off/d v000001b775d7cd20_0, 4, 5;
T_78.1 ;
    %load/vec4 v000001b775d7a8e0_0;
    %parti/s 8, 8, 5;
    %pad/u 16;
    %load/vec4 v000001b775d7a480_0;
    %pad/u 16;
    %mul;
    %ix/load 4, 8, 0;
    %flag_set/imm 4, 0;
    %shiftr 4;
    %store/vec4 v000001b775d7caa0_0, 0, 16;
    %load/vec4 v000001b775d7caa0_0;
    %cmpi/u 255, 0, 16;
    %flag_or 5, 4; GT is !LE
    %flag_inv 5;
    %jmp/0xz  T_78.2, 5;
    %pushi/vec4 255, 0, 8;
    %ix/load 4, 8, 0;
    %ix/load 5, 0, 0;
    %flag_set/imm 4, 0;
    %assign/vec4/off/d v000001b775d7cd20_0, 4, 5;
    %jmp T_78.3;
T_78.2 ;
    %load/vec4 v000001b775d7caa0_0;
    %parti/s 8, 0, 2;
    %ix/load 4, 8, 0;
    %ix/load 5, 0, 0;
    %flag_set/imm 4, 0;
    %assign/vec4/off/d v000001b775d7cd20_0, 4, 5;
T_78.3 ;
    %load/vec4 v000001b775d7a8e0_0;
    %parti/s 8, 0, 2;
    %pad/u 16;
    %load/vec4 v000001b775d7a480_0;
    %pad/u 16;
    %mul;
    %ix/load 4, 8, 0;
    %flag_set/imm 4, 0;
    %shiftr 4;
    %store/vec4 v000001b775d7caa0_0, 0, 16;
    %load/vec4 v000001b775d7caa0_0;
    %cmpi/u 255, 0, 16;
    %flag_or 5, 4; GT is !LE
    %flag_inv 5;
    %jmp/0xz  T_78.4, 5;
    %pushi/vec4 255, 0, 8;
    %ix/load 4, 0, 0;
    %ix/load 5, 0, 0;
    %flag_set/imm 4, 0;
    %assign/vec4/off/d v000001b775d7cd20_0, 4, 5;
    %jmp T_78.5;
T_78.4 ;
    %load/vec4 v000001b775d7caa0_0;
    %parti/s 8, 0, 2;
    %ix/load 4, 0, 0;
    %ix/load 5, 0, 0;
    %flag_set/imm 4, 0;
    %assign/vec4/off/d v000001b775d7cd20_0, 4, 5;
T_78.5 ;
    %jmp T_78;
    .thread T_78;
    .scope S_000001b775d0d7e0;
T_79 ;
Ewait_25 .event/or E_000001b775ce6e70, E_0x0;
    %wait Ewait_25;
    %load/vec4 v000001b775d7f290_0;
    %flag_set/vec4 8;
    %jmp/0 T_79.0, 8;
    %load/vec4 v000001b775d7e9d0_0;
    %jmp/1 T_79.1, 8;
T_79.0 ; End of true expr.
    %load/vec4 v000001b775d7e250_0;
    %jmp/0 T_79.1, 8;
 ; End of false expr.
    %blend;
T_79.1;
    %store/vec4 v000001b775d7eed0_0, 0, 20;
    %load/vec4 v000001b775d7ed90_0;
    %flag_set/vec4 8;
    %flag_get/vec4 8;
    %jmp/0 T_79.2, 8;
    %load/vec4 v000001b775d7eed0_0;
    %load/vec4 v000001b775d7dd50_0;
    %cmp/u;
    %flag_get/vec4 5;
    %and;
T_79.2;
    %store/vec4 v000001b775d7d670_0, 0, 1;
    %load/vec4 v000001b775d7f290_0;
    %flag_set/vec4 8;
    %jmp/0xz  T_79.3, 8;
    %load/vec4 v000001b775d7d670_0;
    %store/vec4 v000001b775d7ecf0_0, 0, 1;
    %load/vec4 v000001b775d7ebb0_0;
    %store/vec4 v000001b775d7ec50_0, 0, 10;
    %load/vec4 v000001b775d7dd50_0;
    %store/vec4 v000001b775d7f1f0_0, 0, 20;
    %pushi/vec4 1, 0, 1;
    %store/vec4 v000001b775d7e7f0_0, 0, 1;
    %load/vec4 v000001b775d7d7b0_0;
    %store/vec4 v000001b775d7e6b0_0, 0, 10;
    %pushi/vec4 0, 0, 20;
    %store/vec4 v000001b775d7d850_0, 0, 20;
    %jmp T_79.4;
T_79.3 ;
    %load/vec4 v000001b775d7d670_0;
    %store/vec4 v000001b775d7e7f0_0, 0, 1;
    %load/vec4 v000001b775d7ebb0_0;
    %store/vec4 v000001b775d7e6b0_0, 0, 10;
    %load/vec4 v000001b775d7dd50_0;
    %store/vec4 v000001b775d7d850_0, 0, 20;
    %pushi/vec4 1, 0, 1;
    %store/vec4 v000001b775d7ecf0_0, 0, 1;
    %load/vec4 v000001b775d7d7b0_0;
    %store/vec4 v000001b775d7ec50_0, 0, 10;
    %pushi/vec4 0, 0, 20;
    %store/vec4 v000001b775d7f1f0_0, 0, 20;
T_79.4 ;
    %jmp T_79;
    .thread T_79, $push;
    .scope S_000001b775d0d7e0;
T_80 ;
    %wait E_000001b775ce6830;
    %load/vec4 v000001b775d912d0_0;
    %assign/vec4 v000001b775d7ed90_0, 0;
    %load/vec4 v000001b775d8f9d0_0;
    %assign/vec4 v000001b775d7ebb0_0, 0;
    %load/vec4 v000001b775d7ee30_0;
    %assign/vec4 v000001b775d7d5d0_0, 0;
    %load/vec4 v000001b775d8f110_0;
    %assign/vec4 v000001b775d7dd50_0, 0;
    %load/vec4 v000001b775d7d530_0;
    %nor/r;
    %flag_set/vec4 8;
    %jmp/0xz  T_80.0, 8;
    %load/vec4 v000001b775d7d7b0_0;
    %addi 1, 0, 10;
    %assign/vec4 v000001b775d7d7b0_0, 0;
    %load/vec4 v000001b775d7d7b0_0;
    %cmpi/e 1023, 0, 10;
    %jmp/0xz  T_80.2, 4;
    %pushi/vec4 1, 0, 1;
    %assign/vec4 v000001b775d7d530_0, 0;
T_80.2 ;
T_80.0 ;
    %load/vec4 v000001b775d7df30_0;
    %flag_set/vec4 8;
    %jmp/0xz  T_80.4, 8;
    %load/vec4 v000001b775d7f290_0;
    %inv;
    %assign/vec4 v000001b775d7f290_0, 0;
    %pushi/vec4 0, 0, 10;
    %assign/vec4 v000001b775d7d7b0_0, 0;
    %pushi/vec4 0, 0, 1;
    %assign/vec4 v000001b775d7d530_0, 0;
T_80.4 ;
    %load/vec4 v000001b775d7f010_0;
    %flag_set/vec4 8;
    %jmp/0xz  T_80.6, 8;
    %pushi/vec4 0, 0, 1;
    %assign/vec4 v000001b775d7f290_0, 0;
    %pushi/vec4 0, 0, 10;
    %assign/vec4 v000001b775d7d7b0_0, 0;
    %pushi/vec4 0, 0, 1;
    %assign/vec4 v000001b775d7d530_0, 0;
    %pushi/vec4 0, 0, 1;
    %assign/vec4 v000001b775d7ed90_0, 0;
T_80.6 ;
    %jmp T_80;
    .thread T_80;
    .scope S_000001b775d0d7e0;
T_81 ;
    %wait E_000001b775ce6830;
    %load/vec4 v000001b775d7e7f0_0;
    %flag_set/vec4 8;
    %jmp/0xz  T_81.0, 8;
    %load/vec4 v000001b775d7d850_0;
    %load/vec4 v000001b775d7e6b0_0;
    %pad/u 12;
    %ix/vec4 3;
    %ix/load 4, 0, 0; Constant delay
    %assign/vec4/a/d v000001b775d7f330, 0, 4;
T_81.0 ;
    %load/vec4 v000001b775d7ecf0_0;
    %flag_set/vec4 8;
    %jmp/0xz  T_81.2, 8;
    %load/vec4 v000001b775d7f1f0_0;
    %load/vec4 v000001b775d7ec50_0;
    %pad/u 12;
    %ix/vec4 3;
    %ix/load 4, 0, 0; Constant delay
    %assign/vec4/a/d v000001b775d7e930, 0, 4;
T_81.2 ;
    %load/vec4 v000001b775d8f9d0_0;
    %pad/u 12;
    %ix/vec4 4;
    %load/vec4a v000001b775d7f330, 4;
    %assign/vec4 v000001b775d7e250_0, 0;
    %load/vec4 v000001b775d8f9d0_0;
    %pad/u 12;
    %ix/vec4 4;
    %load/vec4a v000001b775d7e930, 4;
    %assign/vec4 v000001b775d7e9d0_0, 0;
    %jmp T_81;
    .thread T_81;
    .scope S_000001b775d0e460;
T_82 ;
Ewait_26 .event/or E_000001b775ce6930, E_0x0;
    %wait Ewait_26;
    %pushi/vec4 0, 0, 1;
    %store/vec4 v000001b775d82670_0, 0, 1;
    %pushi/vec4 0, 0, 1;
    %store/vec4 v000001b775d820d0_0, 0, 1;
    %pushi/vec4 1023, 1023, 10;
    %store/vec4 v000001b775d83e30_0, 0, 10;
    %pushi/vec4 16777215, 16777215, 24;
    %store/vec4 v000001b775d822b0_0, 0, 24;
    %pushi/vec4 0, 0, 1;
    %store/vec4 v000001b775d84290_0, 0, 1;
    %pushi/vec4 0, 0, 1;
    %store/vec4 v000001b775d82850_0, 0, 1;
    %pushi/vec4 1023, 1023, 10;
    %store/vec4 v000001b775d836b0_0, 0, 10;
    %pushi/vec4 16777215, 16777215, 24;
    %store/vec4 v000001b775d83430_0, 0, 24;
    %load/vec4 v000001b775d83390_0;
    %store/vec4 v000001b775d84010_0, 0, 1;
    %load/vec4 v000001b775d82df0_0;
    %flag_set/vec4 8;
    %jmp/0xz  T_82.0, 8;
    %load/vec4 v000001b775d82490_0;
    %parti/s 1, 0, 2;
    %cmpi/e 0, 0, 1;
    %jmp/0xz  T_82.2, 4;
    %pushi/vec4 1, 0, 1;
    %store/vec4 v000001b775d82670_0, 0, 1;
    %load/vec4 v000001b775d82350_0;
    %store/vec4 v000001b775d83e30_0, 0, 10;
    %load/vec4 v000001b775d83570_0;
    %store/vec4 v000001b775d822b0_0, 0, 24;
    %jmp T_82.3;
T_82.2 ;
    %pushi/vec4 1, 0, 1;
    %store/vec4 v000001b775d84290_0, 0, 1;
    %load/vec4 v000001b775d82350_0;
    %store/vec4 v000001b775d836b0_0, 0, 10;
    %load/vec4 v000001b775d83570_0;
    %store/vec4 v000001b775d83430_0, 0, 24;
T_82.3 ;
T_82.0 ;
    %load/vec4 v000001b775d83610_0;
    %flag_set/vec4 8;
    %jmp/0xz  T_82.4, 8;
    %load/vec4 v000001b775d82490_0;
    %parti/s 1, 0, 2;
    %cmpi/e 0, 0, 1;
    %jmp/0xz  T_82.6, 4;
    %pushi/vec4 1, 0, 1;
    %store/vec4 v000001b775d82850_0, 0, 1;
    %load/vec4 v000001b775d823f0_0;
    %parti/s 10, 0, 2;
    %store/vec4 v000001b775d836b0_0, 0, 10;
    %jmp T_82.7;
T_82.6 ;
    %pushi/vec4 1, 0, 1;
    %store/vec4 v000001b775d820d0_0, 0, 1;
    %load/vec4 v000001b775d823f0_0;
    %parti/s 10, 0, 2;
    %store/vec4 v000001b775d83e30_0, 0, 10;
T_82.7 ;
    %load/vec4 v000001b775d823f0_0;
    %pad/s 32;
    %cmpi/s 0, 0, 32;
    %flag_inv 5; GE is !LT
    %flag_get/vec4 5;
    %jmp/0 T_82.10, 5;
    %load/vec4 v000001b775d823f0_0;
    %pad/s 32;
    %cmpi/s 640, 0, 32;
    %flag_get/vec4 5;
    %and;
T_82.10;
    %flag_set/vec4 9;
    %flag_get/vec4 9;
    %jmp/0 T_82.9, 9;
    %pushi/vec4 1, 0, 32;
    %load/vec4 v000001b775d82490_0;
    %pad/s 32;
    %cmp/s;
    %flag_get/vec4 4;
    %flag_get/vec4 5;
    %or;
    %and;
T_82.9;
    %flag_set/vec4 8;
    %flag_get/vec4 8;
    %jmp/0 T_82.8, 8;
    %load/vec4 v000001b775d82490_0;
    %pad/s 32;
    %cmpi/s 481, 0, 32;
    %flag_get/vec4 5;
    %and;
T_82.8;
    %store/vec4 v000001b775d84010_0, 0, 1;
T_82.4 ;
    %load/vec4 v000001b775d82fd0_0;
    %flag_set/vec4 8;
    %jmp/0xz  T_82.11, 8;
    %load/vec4 v000001b775d82490_0;
    %parti/s 1, 0, 2;
    %cmpi/e 0, 0, 1;
    %jmp/0xz  T_82.13, 4;
    %pushi/vec4 1, 0, 1;
    %store/vec4 v000001b775d84290_0, 0, 1;
    %load/vec4 v000001b775d823f0_0;
    %parti/s 10, 0, 2;
    %store/vec4 v000001b775d836b0_0, 0, 10;
    %pushi/vec4 0, 0, 24;
    %store/vec4 v000001b775d83430_0, 0, 24;
    %jmp T_82.14;
T_82.13 ;
    %pushi/vec4 1, 0, 1;
    %store/vec4 v000001b775d82670_0, 0, 1;
    %load/vec4 v000001b775d823f0_0;
    %parti/s 10, 0, 2;
    %store/vec4 v000001b775d83e30_0, 0, 10;
    %pushi/vec4 0, 0, 24;
    %store/vec4 v000001b775d822b0_0, 0, 24;
T_82.14 ;
T_82.11 ;
    %load/vec4 v000001b775d83390_0;
    %nor/r;
    %flag_set/vec4 8;
    %jmp/0xz  T_82.15, 8;
    %pushi/vec4 0, 0, 8;
    %store/vec4 v000001b775d84330_0, 0, 8;
    %pushi/vec4 0, 0, 8;
    %store/vec4 v000001b775d83f70_0, 0, 8;
    %pushi/vec4 0, 0, 8;
    %store/vec4 v000001b775d84470_0, 0, 8;
    %jmp T_82.16;
T_82.15 ;
    %load/vec4 v000001b775d82490_0;
    %parti/s 1, 0, 2;
    %cmpi/e 0, 0, 1;
    %jmp/0xz  T_82.17, 4;
    %load/vec4 v000001b775d83a70_0;
    %parti/s 8, 16, 6;
    %store/vec4 v000001b775d84330_0, 0, 8;
    %load/vec4 v000001b775d83a70_0;
    %parti/s 8, 8, 5;
    %store/vec4 v000001b775d83f70_0, 0, 8;
    %load/vec4 v000001b775d83a70_0;
    %parti/s 8, 0, 2;
    %store/vec4 v000001b775d84470_0, 0, 8;
    %jmp T_82.18;
T_82.17 ;
    %load/vec4 v000001b775d83ed0_0;
    %parti/s 8, 16, 6;
    %store/vec4 v000001b775d84330_0, 0, 8;
    %load/vec4 v000001b775d83ed0_0;
    %parti/s 8, 8, 5;
    %store/vec4 v000001b775d83f70_0, 0, 8;
    %load/vec4 v000001b775d83ed0_0;
    %parti/s 8, 0, 2;
    %store/vec4 v000001b775d84470_0, 0, 8;
T_82.18 ;
T_82.16 ;
    %jmp T_82;
    .thread T_82, $push;
    .scope S_000001b775d0e460;
T_83 ;
    %wait E_000001b775ce6830;
    %load/vec4 v000001b775d82670_0;
    %flag_set/vec4 8;
    %jmp/0xz  T_83.0, 8;
    %load/vec4 v000001b775d822b0_0;
    %load/vec4 v000001b775d83e30_0;
    %pad/u 12;
    %ix/vec4 3;
    %ix/load 4, 0, 0; Constant delay
    %assign/vec4/a/d v000001b775d82210, 0, 4;
T_83.0 ;
    %load/vec4 v000001b775d820d0_0;
    %flag_set/vec4 8;
    %jmp/0xz  T_83.2, 8;
    %load/vec4 v000001b775d83e30_0;
    %pad/u 12;
    %ix/vec4 4;
    %load/vec4a v000001b775d82210, 4;
    %assign/vec4 v000001b775d83ed0_0, 0;
T_83.2 ;
    %load/vec4 v000001b775d84290_0;
    %flag_set/vec4 8;
    %jmp/0xz  T_83.4, 8;
    %load/vec4 v000001b775d83430_0;
    %load/vec4 v000001b775d836b0_0;
    %pad/u 12;
    %ix/vec4 3;
    %ix/load 4, 0, 0; Constant delay
    %assign/vec4/a/d v000001b775d83890, 0, 4;
T_83.4 ;
    %load/vec4 v000001b775d82850_0;
    %flag_set/vec4 8;
    %jmp/0xz  T_83.6, 8;
    %load/vec4 v000001b775d836b0_0;
    %pad/u 12;
    %ix/vec4 4;
    %load/vec4a v000001b775d83890, 4;
    %assign/vec4 v000001b775d83a70_0, 0;
T_83.6 ;
    %load/vec4 v000001b775d84010_0;
    %assign/vec4 v000001b775d83390_0, 0;
    %load/vec4 v000001b775d83610_0;
    %assign/vec4 v000001b775d82fd0_0, 0;
    %jmp T_83;
    .thread T_83;
    .scope S_000001b775d0d650;
T_84 ;
Ewait_27 .event/or E_000001b775ce7430, E_0x0;
    %wait Ewait_27;
    %load/vec4 v000001b775d7eb10_0;
    %addi 1, 0, 3;
    %store/vec4 v000001b775d7dad0_0, 0, 3;
    %load/vec4 v000001b775d7d710_0;
    %store/vec4 v000001b775d7dcb0_0, 0, 11;
    %load/vec4 v000001b775d7d490_0;
    %store/vec4 v000001b775d7e430_0, 0, 10;
    %pushi/vec4 0, 0, 1;
    %store/vec4 v000001b775d7db70_0, 0, 1;
    %pushi/vec4 0, 0, 1;
    %store/vec4 v000001b775d7e2f0_0, 0, 1;
    %pushi/vec4 0, 0, 1;
    %store/vec4 v000001b775d7f5b0_0, 0, 1;
    %load/vec4 v000001b775d7eb10_0;
    %pad/u 32;
    %cmpi/e 4, 0, 32;
    %jmp/0xz  T_84.0, 4;
    %pushi/vec4 1, 0, 1;
    %store/vec4 v000001b775d7db70_0, 0, 1;
    %pushi/vec4 0, 0, 3;
    %store/vec4 v000001b775d7dad0_0, 0, 3;
    %load/vec4 v000001b775d7d710_0;
    %addi 1, 0, 11;
    %store/vec4 v000001b775d7dcb0_0, 0, 11;
    %load/vec4 v000001b775d7d710_0;
    %pad/s 32;
    %cmpi/e 639, 0, 32;
    %jmp/0xz  T_84.2, 4;
    %pushi/vec4 1888, 0, 11;
    %store/vec4 v000001b775d7dcb0_0, 0, 11;
    %load/vec4 v000001b775d7d490_0;
    %addi 1, 0, 10;
    %store/vec4 v000001b775d7e430_0, 0, 10;
    %pushi/vec4 1, 0, 1;
    %store/vec4 v000001b775d7e2f0_0, 0, 1;
    %load/vec4 v000001b775d7d490_0;
    %pad/s 32;
    %cmpi/e 480, 0, 32;
    %jmp/0xz  T_84.4, 4;
    %pushi/vec4 979, 0, 10;
    %store/vec4 v000001b775d7e430_0, 0, 10;
    %pushi/vec4 1, 0, 1;
    %store/vec4 v000001b775d7f5b0_0, 0, 1;
T_84.4 ;
T_84.2 ;
T_84.0 ;
    %load/vec4 v000001b775d7e1b0_0;
    %flag_set/vec4 8;
    %jmp/0xz  T_84.6, 8;
    %pushi/vec4 0, 0, 3;
    %store/vec4 v000001b775d7dad0_0, 0, 3;
    %pushi/vec4 0, 0, 11;
    %store/vec4 v000001b775d7dcb0_0, 0, 11;
    %pushi/vec4 479, 0, 10;
    %store/vec4 v000001b775d7e430_0, 0, 10;
T_84.6 ;
    %jmp T_84;
    .thread T_84, $push;
    .scope S_000001b775d0d650;
T_85 ;
    %wait E_000001b775ce6830;
    %load/vec4 v000001b775d7dad0_0;
    %assign/vec4 v000001b775d7eb10_0, 0;
    %load/vec4 v000001b775d7dcb0_0;
    %assign/vec4 v000001b775d7d710_0, 0;
    %load/vec4 v000001b775d7e430_0;
    %assign/vec4 v000001b775d7d490_0, 0;
    %load/vec4 v000001b775d7d710_0;
    %pad/s 32;
    %cmpi/s 4294967153, 0, 32;
    %flag_inv 5; GE is !LT
    %flag_get/vec4 5;
    %jmp/0 T_85.0, 5;
    %load/vec4 v000001b775d7d710_0;
    %pad/s 32;
    %cmpi/s 4294967249, 0, 32;
    %flag_get/vec4 5;
    %and;
T_85.0;
    %assign/vec4 v000001b775d7f510_0, 0;
    %load/vec4 v000001b775d7d490_0;
    %pad/s 32;
    %cmpi/s 4294967263, 0, 32;
    %flag_inv 5; GE is !LT
    %flag_get/vec4 5;
    %jmp/0 T_85.1, 5;
    %load/vec4 v000001b775d7d490_0;
    %pad/s 32;
    %cmpi/s 4294967265, 0, 32;
    %flag_get/vec4 5;
    %and;
T_85.1;
    %assign/vec4 v000001b775d7e110_0, 0;
    %load/vec4 v000001b775d7eb10_0;
    %parti/s 1, 1, 2;
    %assign/vec4 v000001b775d7de90_0, 0;
    %load/vec4 v000001b775d7db70_0;
    %assign/vec4 v000001b775d7e070_0, 0;
    %load/vec4 v000001b775d7e2f0_0;
    %assign/vec4 v000001b775d7d170_0, 0;
    %load/vec4 v000001b775d7f5b0_0;
    %assign/vec4 v000001b775d7d3f0_0, 0;
    %jmp T_85;
    .thread T_85;
    .scope S_000001b775d0db00;
T_86 ;
    %wait E_000001b775ce6830;
    %pushi/vec4 1, 0, 1;
    %assign/vec4 v000001b775d8fc50_0, 0;
    %pushi/vec4 1, 0, 1;
    %assign/vec4 v000001b775d903d0_0, 0;
    %load/vec4 v000001b775d93530_0;
    %assign/vec4 v000001b775d8fed0_0, 0;
    %load/vec4 v000001b775d93490_0;
    %assign/vec4 v000001b775d91550_0, 0;
    %load/vec4 v000001b775d93350_0;
    %assign/vec4 v000001b775d914b0_0, 0;
    %load/vec4 v000001b775d933f0_0;
    %assign/vec4 v000001b775d8f250_0, 0;
    %load/vec4 v000001b775d91190_0;
    %nor/r;
    %assign/vec4 v000001b775d8fa70_0, 0;
    %load/vec4 v000001b775d93670_0;
    %nor/r;
    %assign/vec4 v000001b775d90d30_0, 0;
    %jmp T_86;
    .thread T_86;
    .scope S_000001b775d976b0;
T_87 ;
    %wait E_000001b775ce6830;
    %pushi/vec4 0, 0, 1;
    %assign/vec4 v000001b775dc62b0_0, 0;
    %pushi/vec4 1, 1, 1;
    %assign/vec4 v000001b775dc56d0_0, 0;
    %pushi/vec4 65535, 65535, 16;
    %assign/vec4 v000001b775dc6d50_0, 0;
    %pushi/vec4 4294967295, 4294967295, 32;
    %assign/vec4 v000001b775dc6350_0, 0;
    %pushi/vec4 15, 15, 4;
    %assign/vec4 v000001b775dc68f0_0, 0;
    %pushi/vec4 0, 0, 1;
    %assign/vec4 v000001b775dc5950_0, 0;
    %pushi/vec4 1, 1, 1;
    %assign/vec4 v000001b775dc5ef0_0, 0;
    %pushi/vec4 65535, 65535, 16;
    %assign/vec4 v000001b775dc6fd0_0, 0;
    %pushi/vec4 4294967295, 4294967295, 32;
    %assign/vec4 v000001b775dc5770_0, 0;
    %pushi/vec4 0, 0, 1;
    %assign/vec4 v000001b775dc6a30_0, 0;
    %pushi/vec4 65535, 65535, 16;
    %assign/vec4 v000001b775dc63f0_0, 0;
    %pushi/vec4 4294967295, 4294967295, 32;
    %assign/vec4 v000001b775dc5590_0, 0;
    %load/vec4 v000001b775dc7570_0;
    %assign/vec4 v000001b775dc71b0_0, 0;
    %load/vec4 v000001b775dc7250_0;
    %assign/vec4 v000001b775dc7570_0, 0;
    %load/vec4 v000001b775dc7070_0;
    %flag_set/vec4 8;
    %flag_get/vec4 8;
    %jmp/0 T_87.0, 8;
    %load/vec4 v000001b775dc5a90_0;
    %nor/r;
    %and;
T_87.0;
    %assign/vec4 v000001b775dc7250_0, 0;
    %load/vec4 v000001b775dc67b0_0;
    %assign/vec4 v000001b775dc5d10_0, 0;
    %load/vec4 v000001b775dc77f0_0;
    %assign/vec4 v000001b775dc67b0_0, 0;
    %load/vec4 v000001b775dc7610_0;
    %assign/vec4 v000001b775dc77f0_0, 0;
    %load/vec4 v000001b775dc76b0_0;
    %assign/vec4 v000001b775dc58b0_0, 0;
    %load/vec4 v000001b775dc5f90_0;
    %assign/vec4 v000001b775dc76b0_0, 0;
    %load/vec4 v000001b775dc6c10_0;
    %load/vec4 v000001b775dc6b70_0;
    %or;
    %store/vec4 v000001b775dc6850_0, 0, 32;
    %load/vec4 v000001b775dc58b0_0;
    %dup/vec4;
    %pushi/vec4 1, 0, 4;
    %cmp/u;
    %jmp/1 T_87.1, 6;
    %dup/vec4;
    %pushi/vec4 2, 0, 4;
    %cmp/u;
    %jmp/1 T_87.2, 6;
    %dup/vec4;
    %pushi/vec4 4, 0, 4;
    %cmp/u;
    %jmp/1 T_87.3, 6;
    %dup/vec4;
    %pushi/vec4 8, 0, 4;
    %cmp/u;
    %jmp/1 T_87.4, 6;
    %dup/vec4;
    %pushi/vec4 3, 0, 4;
    %cmp/u;
    %jmp/1 T_87.5, 6;
    %dup/vec4;
    %pushi/vec4 12, 0, 4;
    %cmp/u;
    %jmp/1 T_87.6, 6;
    %dup/vec4;
    %pushi/vec4 15, 0, 4;
    %cmp/u;
    %jmp/1 T_87.7, 6;
    %pushi/vec4 4294967295, 4294967295, 32;
    %assign/vec4 v000001b775dc54f0_0, 0;
    %jmp T_87.9;
T_87.1 ;
    %load/vec4 v000001b775dc6850_0;
    %parti/s 1, 7, 4;
    %replicate 24;
    %load/vec4 v000001b775dc6850_0;
    %parti/s 8, 0, 2;
    %concat/vec4; draw_concat_vec4
    %assign/vec4 v000001b775dc54f0_0, 0;
    %jmp T_87.9;
T_87.2 ;
    %load/vec4 v000001b775dc6850_0;
    %parti/s 1, 15, 5;
    %replicate 24;
    %load/vec4 v000001b775dc6850_0;
    %parti/s 8, 8, 5;
    %concat/vec4; draw_concat_vec4
    %assign/vec4 v000001b775dc54f0_0, 0;
    %jmp T_87.9;
T_87.3 ;
    %load/vec4 v000001b775dc6850_0;
    %parti/s 1, 23, 6;
    %replicate 24;
    %load/vec4 v000001b775dc6850_0;
    %parti/s 8, 16, 6;
    %concat/vec4; draw_concat_vec4
    %assign/vec4 v000001b775dc54f0_0, 0;
    %jmp T_87.9;
T_87.4 ;
    %load/vec4 v000001b775dc6850_0;
    %parti/s 1, 31, 6;
    %replicate 24;
    %load/vec4 v000001b775dc6850_0;
    %parti/s 8, 24, 6;
    %concat/vec4; draw_concat_vec4
    %assign/vec4 v000001b775dc54f0_0, 0;
    %jmp T_87.9;
T_87.5 ;
    %load/vec4 v000001b775dc6850_0;
    %parti/s 1, 15, 5;
    %replicate 16;
    %load/vec4 v000001b775dc6850_0;
    %parti/s 16, 0, 2;
    %concat/vec4; draw_concat_vec4
    %assign/vec4 v000001b775dc54f0_0, 0;
    %jmp T_87.9;
T_87.6 ;
    %load/vec4 v000001b775dc6850_0;
    %parti/s 1, 31, 6;
    %replicate 16;
    %load/vec4 v000001b775dc6850_0;
    %parti/s 16, 16, 6;
    %concat/vec4; draw_concat_vec4
    %assign/vec4 v000001b775dc54f0_0, 0;
    %jmp T_87.9;
T_87.7 ;
    %load/vec4 v000001b775dc6850_0;
    %assign/vec4 v000001b775dc54f0_0, 0;
    %jmp T_87.9;
T_87.9 ;
    %pop/vec4 1;
    %load/vec4 v000001b775dc7070_0;
    %flag_set/vec4 9;
    %flag_get/vec4 9;
    %jmp/0 T_87.12, 9;
    %load/vec4 v000001b775dc74d0_0;
    %nor/r;
    %and;
T_87.12;
    %flag_set/vec4 8;
    %jmp/0xz  T_87.10, 8;
    %load/vec4 v000001b775dc6670_0;
    %parti/s 16, 16, 6;
    %cmpi/e 57344, 0, 16;
    %jmp/0xz  T_87.13, 4;
    %pushi/vec4 1, 0, 1;
    %assign/vec4 v000001b775dc62b0_0, 0;
    %load/vec4 v000001b775dc5a90_0;
    %assign/vec4 v000001b775dc56d0_0, 0;
    %load/vec4 v000001b775dc6670_0;
    %parti/s 16, 0, 2;
    %assign/vec4 v000001b775dc6d50_0, 0;
    %load/vec4 v000001b775dc6df0_0;
    %assign/vec4 v000001b775dc6350_0, 0;
    %load/vec4 v000001b775dc5f90_0;
    %assign/vec4 v000001b775dc68f0_0, 0;
    %jmp T_87.14;
T_87.13 ;
    %load/vec4 v000001b775dc6670_0;
    %parti/s 16, 16, 6;
    %cmpi/e 57345, 0, 16;
    %jmp/0xz  T_87.15, 4;
    %pushi/vec4 1, 0, 1;
    %assign/vec4 v000001b775dc6a30_0, 0;
    %load/vec4 v000001b775dc6670_0;
    %parti/s 16, 0, 2;
    %assign/vec4 v000001b775dc63f0_0, 0;
    %load/vec4 v000001b775dc6df0_0;
    %assign/vec4 v000001b775dc5590_0, 0;
    %jmp T_87.16;
T_87.15 ;
    %load/vec4 v000001b775dc6670_0;
    %parti/s 16, 16, 6;
    %cmpi/e 65535, 0, 16;
    %jmp/0xz  T_87.17, 4;
    %pushi/vec4 1, 0, 1;
    %assign/vec4 v000001b775dc5950_0, 0;
    %load/vec4 v000001b775dc5a90_0;
    %assign/vec4 v000001b775dc5ef0_0, 0;
    %load/vec4 v000001b775dc6670_0;
    %parti/s 16, 0, 2;
    %assign/vec4 v000001b775dc6fd0_0, 0;
    %load/vec4 v000001b775dc6df0_0;
    %assign/vec4 v000001b775dc5770_0, 0;
    %jmp T_87.18;
T_87.17 ;
    %pushi/vec4 0, 0, 1;
    %assign/vec4 v000001b775dc62b0_0, 0;
    %pushi/vec4 0, 0, 1;
    %assign/vec4 v000001b775dc6a30_0, 0;
    %pushi/vec4 0, 0, 1;
    %assign/vec4 v000001b775dc5950_0, 0;
T_87.18 ;
T_87.16 ;
T_87.14 ;
T_87.10 ;
    %jmp T_87;
    .thread T_87;
    .scope S_000001b775d98970;
T_88 ;
    %wait E_000001b775ce6830;
    %load/vec4 v000001b775dbb130_0;
    %assign/vec4 v000001b775dbbc70_0, 0;
    %load/vec4 v000001b775dbbc70_0;
    %assign/vec4 v000001b775dbc3f0_0, 0;
    %pushi/vec4 0, 0, 1;
    %assign/vec4 v000001b775dbc530_0, 0;
    %load/vec4 v000001b775dbbf90_0;
    %flag_set/vec4 8;
    %jmp/0xz  T_88.0, 8;
    %pushi/vec4 0, 0, 1;
    %assign/vec4 v000001b775dbb270_0, 0;
    %pushi/vec4 62, 0, 16;
    %assign/vec4 v000001b775dbd110_0, 0;
    %pushi/vec4 0, 0, 4;
    %assign/vec4 v000001b775dbd390_0, 0;
    %jmp T_88.1;
T_88.0 ;
    %load/vec4 v000001b775dbb270_0;
    %nor/r;
    %flag_set/vec4 10;
    %flag_get/vec4 10;
    %jmp/0 T_88.5, 10;
    %load/vec4 v000001b775dbbc70_0;
    %pushi/vec4 0, 0, 1;
    %cmp/e;
    %flag_get/vec4 4;
    %and;
T_88.5;
    %flag_set/vec4 9;
    %flag_get/vec4 9;
    %jmp/0 T_88.4, 9;
    %load/vec4 v000001b775dbc3f0_0;
    %pushi/vec4 0, 0, 1;
    %cmp/e;
    %flag_get/vec4 4;
    %and;
T_88.4;
    %flag_set/vec4 8;
    %jmp/0xz  T_88.2, 8;
    %pushi/vec4 1, 0, 1;
    %assign/vec4 v000001b775dbb270_0, 0;
    %pushi/vec4 30, 0, 16;
    %assign/vec4 v000001b775dbd110_0, 0;
    %pushi/vec4 0, 0, 4;
    %assign/vec4 v000001b775dbd390_0, 0;
    %jmp T_88.3;
T_88.2 ;
    %load/vec4 v000001b775dbb270_0;
    %flag_set/vec4 8;
    %jmp/0xz  T_88.6, 8;
    %load/vec4 v000001b775dbd110_0;
    %subi 1, 0, 16;
    %assign/vec4 v000001b775dbd110_0, 0;
    %load/vec4 v000001b775dbd110_0;
    %pad/u 32;
    %cmpi/e 0, 0, 32;
    %jmp/0xz  T_88.8, 4;
    %pushi/vec4 61, 0, 16;
    %assign/vec4 v000001b775dbd110_0, 0;
    %load/vec4 v000001b775dbd390_0;
    %addi 1, 0, 4;
    %assign/vec4 v000001b775dbd390_0, 0;
    %load/vec4 v000001b775dbd390_0;
    %pad/u 32;
    %cmpi/u 1, 0, 32;
    %flag_inv 5; GE is !LT
    %flag_get/vec4 5;
    %jmp/0 T_88.12, 5;
    %load/vec4 v000001b775dbd390_0;
    %pad/u 32;
    %cmpi/u 8, 0, 32;
    %flag_get/vec4 4;
    %flag_get/vec4 5;
    %or;
    %and;
T_88.12;
    %flag_set/vec4 8;
    %jmp/0xz  T_88.10, 8;
    %load/vec4 v000001b775dbbc70_0;
    %ix/load 5, 0, 0;
    %load/vec4 v000001b775dbd390_0;
    %subi 1, 0, 4;
    %ix/vec4 4;
    %assign/vec4/off/d v000001b775dbcd50_0, 4, 5;
T_88.10 ;
    %load/vec4 v000001b775dbd390_0;
    %cmpi/e 9, 0, 4;
    %jmp/0xz  T_88.13, 4;
    %pushi/vec4 1, 0, 1;
    %assign/vec4 v000001b775dbc530_0, 0;
    %pushi/vec4 0, 0, 1;
    %assign/vec4 v000001b775dbb270_0, 0;
T_88.13 ;
T_88.8 ;
T_88.6 ;
T_88.3 ;
T_88.1 ;
    %pushi/vec4 0, 0, 1;
    %assign/vec4 v000001b775dbb6d0_0, 0;
    %pushi/vec4 1, 0, 1;
    %assign/vec4 v000001b775dbd070_0, 0;
    %load/vec4 v000001b775dbbf90_0;
    %flag_set/vec4 8;
    %jmp/0xz  T_88.15, 8;
    %pushi/vec4 0, 0, 1;
    %assign/vec4 v000001b775dbc030_0, 0;
    %pushi/vec4 61, 0, 16;
    %assign/vec4 v000001b775dbcdf0_0, 0;
    %pushi/vec4 0, 0, 4;
    %assign/vec4 v000001b775dbb450_0, 0;
    %pushi/vec4 1, 0, 1;
    %assign/vec4 v000001b775dbd070_0, 0;
    %jmp T_88.16;
T_88.15 ;
    %load/vec4 v000001b775dbc030_0;
    %nor/r;
    %flag_set/vec4 9;
    %flag_get/vec4 9;
    %jmp/0 T_88.19, 9;
    %load/vec4 v000001b775dbd250_0;
    %and;
T_88.19;
    %flag_set/vec4 8;
    %jmp/0xz  T_88.17, 8;
    %pushi/vec4 1, 0, 1;
    %assign/vec4 v000001b775dbc030_0, 0;
    %pushi/vec4 61, 0, 16;
    %assign/vec4 v000001b775dbcdf0_0, 0;
    %pushi/vec4 0, 0, 4;
    %assign/vec4 v000001b775dbb450_0, 0;
    %jmp T_88.18;
T_88.17 ;
    %load/vec4 v000001b775dbc030_0;
    %flag_set/vec4 8;
    %jmp/0xz  T_88.20, 8;
    %load/vec4 v000001b775dbb770_0;
    %load/vec4 v000001b775dbb450_0;
    %part/u 1;
    %assign/vec4 v000001b775dbd070_0, 0;
    %load/vec4 v000001b775dbcdf0_0;
    %subi 1, 0, 16;
    %assign/vec4 v000001b775dbcdf0_0, 0;
    %load/vec4 v000001b775dbcdf0_0;
    %pad/u 32;
    %cmpi/e 0, 0, 32;
    %jmp/0xz  T_88.22, 4;
    %pushi/vec4 61, 0, 16;
    %assign/vec4 v000001b775dbcdf0_0, 0;
    %load/vec4 v000001b775dbb450_0;
    %addi 1, 0, 4;
    %assign/vec4 v000001b775dbb450_0, 0;
    %load/vec4 v000001b775dbb450_0;
    %cmpi/e 8, 0, 4;
    %jmp/0xz  T_88.24, 4;
    %pushi/vec4 1, 0, 1;
    %assign/vec4 v000001b775dbb6d0_0, 0;
T_88.24 ;
    %load/vec4 v000001b775dbb450_0;
    %pad/u 32;
    %cmpi/e 9, 0, 32;
    %jmp/0xz  T_88.26, 4;
    %pushi/vec4 0, 0, 1;
    %assign/vec4 v000001b775dbc030_0, 0;
T_88.26 ;
T_88.22 ;
T_88.20 ;
T_88.18 ;
T_88.16 ;
    %jmp T_88;
    .thread T_88;
    .scope S_000001b775d97cf0;
T_89 ;
    %wait E_000001b775ce6830;
    %load/vec4 v000001b775dbda70_0;
    %flag_set/vec4 8;
    %jmp/0xz  T_89.0, 8;
    %pushi/vec4 0, 0, 12;
    %assign/vec4 v000001b775dbfb90_0, 0;
    %pushi/vec4 0, 0, 1;
    %assign/vec4 v000001b775dbf4b0_0, 0;
    %jmp T_89.1;
T_89.0 ;
    %load/vec4 v000001b775dbf550_0;
    %flag_set/vec4 8;
    %jmp/0xz  T_89.2, 8;
    %load/vec4 v000001b775dbf370_0;
    %load/vec4 v000001b775dbfb90_0;
    %pad/u 14;
    %ix/vec4 3;
    %ix/load 4, 0, 0; Constant delay
    %assign/vec4/a/d v000001b775dbccb0, 0, 4;
    %load/vec4 v000001b775dbe010_0;
    %pad/u 32;
    %cmpi/e 0, 0, 32;
    %jmp/0xz  T_89.4, 4;
    %pushi/vec4 1, 0, 1;
    %assign/vec4 v000001b775dbf4b0_0, 0;
    %jmp T_89.5;
T_89.4 ;
    %load/vec4 v000001b775dbfb90_0;
    %addi 1, 0, 12;
    %assign/vec4 v000001b775dbfb90_0, 0;
T_89.5 ;
T_89.2 ;
T_89.1 ;
    %load/vec4 v000001b775dbe330_0;
    %pad/u 14;
    %ix/vec4 4;
    %load/vec4a v000001b775dbccb0, 4;
    %assign/vec4 v000001b775dbed30_0, 0;
    %load/vec4 v000001b775dbda70_0;
    %flag_set/vec4 8;
    %jmp/0xz  T_89.6, 8;
    %pushi/vec4 0, 0, 12;
    %assign/vec4 v000001b775dbe330_0, 0;
    %jmp T_89.7;
T_89.6 ;
    %load/vec4 v000001b775dbe470_0;
    %flag_set/vec4 9;
    %flag_get/vec4 9;
    %jmp/0 T_89.10, 9;
    %load/vec4 v000001b775dbf690_0;
    %and;
T_89.10;
    %flag_set/vec4 8;
    %jmp/0xz  T_89.8, 8;
    %load/vec4 v000001b775dbe330_0;
    %addi 1, 0, 12;
    %assign/vec4 v000001b775dbe330_0, 0;
T_89.8 ;
T_89.7 ;
    %load/vec4 v000001b775dbfb90_0;
    %assign/vec4 v000001b775dbfc30_0, 0;
    %jmp T_89;
    .thread T_89;
    .scope S_000001b775d97200;
T_90 ;
    %wait E_000001b775ce6830;
    %load/vec4 v000001b775dbbbd0_0;
    %flag_set/vec4 8;
    %jmp/0xz  T_90.0, 8;
    %pushi/vec4 0, 0, 12;
    %assign/vec4 v000001b775dbd2f0_0, 0;
    %pushi/vec4 0, 0, 1;
    %assign/vec4 v000001b775dbcfd0_0, 0;
    %jmp T_90.1;
T_90.0 ;
    %load/vec4 v000001b775dbc7b0_0;
    %flag_set/vec4 8;
    %jmp/0xz  T_90.2, 8;
    %load/vec4 v000001b775dbc710_0;
    %load/vec4 v000001b775dbd2f0_0;
    %pad/u 14;
    %ix/vec4 3;
    %ix/load 4, 0, 0; Constant delay
    %assign/vec4/a/d v000001b775dbb8b0, 0, 4;
    %load/vec4 v000001b775dbbe50_0;
    %pad/u 32;
    %cmpi/e 0, 0, 32;
    %jmp/0xz  T_90.4, 4;
    %pushi/vec4 1, 0, 1;
    %assign/vec4 v000001b775dbcfd0_0, 0;
    %jmp T_90.5;
T_90.4 ;
    %load/vec4 v000001b775dbd2f0_0;
    %addi 1, 0, 12;
    %assign/vec4 v000001b775dbd2f0_0, 0;
T_90.5 ;
T_90.2 ;
T_90.1 ;
    %load/vec4 v000001b775dbbdb0_0;
    %pad/u 14;
    %ix/vec4 4;
    %load/vec4a v000001b775dbb8b0, 4;
    %assign/vec4 v000001b775dbc210_0, 0;
    %load/vec4 v000001b775dbbbd0_0;
    %flag_set/vec4 8;
    %jmp/0xz  T_90.6, 8;
    %pushi/vec4 0, 0, 12;
    %assign/vec4 v000001b775dbbdb0_0, 0;
    %jmp T_90.7;
T_90.6 ;
    %load/vec4 v000001b775dbbb30_0;
    %flag_set/vec4 9;
    %flag_get/vec4 9;
    %jmp/0 T_90.10, 9;
    %load/vec4 v000001b775dbb9f0_0;
    %and;
T_90.10;
    %flag_set/vec4 8;
    %jmp/0xz  T_90.8, 8;
    %load/vec4 v000001b775dbbdb0_0;
    %addi 1, 0, 12;
    %assign/vec4 v000001b775dbbdb0_0, 0;
T_90.8 ;
T_90.7 ;
    %load/vec4 v000001b775dbd2f0_0;
    %assign/vec4 v000001b775dbc170_0, 0;
    %jmp T_90;
    .thread T_90;
    .scope S_000001b775d97840;
T_91 ;
    %wait E_000001b775ce7470;
    %load/vec4 v000001b775dbb810_0;
    %store/vec4 v000001b775dcad10_0, 0, 3;
    %load/vec4 v000001b775dbd430_0;
    %subi 1, 0, 21;
    %store/vec4 v000001b775dcaef0_0, 0, 21;
    %pushi/vec4 0, 0, 1;
    %store/vec4 v000001b775dca450_0, 0, 1;
    %pushi/vec4 0, 0, 1;
    %store/vec4 v000001b775dca630_0, 0, 1;
    %load/vec4 v000001b775dca4f0_0;
    %store/vec4 v000001b775dcac70_0, 0, 4;
    %load/vec4 v000001b775dbd4d0_0;
    %store/vec4 v000001b775dca3b0_0, 0, 14;
    %load/vec4 v000001b775dbb310_0;
    %store/vec4 v000001b775dcadb0_0, 0, 14;
    %load/vec4 v000001b775dbb630_0;
    %parti/s 1, 6, 4;
    %replicate 5;
    %load/vec4 v000001b775dbb630_0;
    %parti/s 1, 8, 5;
    %load/vec4 v000001b775dbb630_0;
    %parti/s 1, 6, 4;
    %xor;
    %concat/vec4; draw_concat_vec4
    %load/vec4 v000001b775dbb630_0;
    %parti/s 8, 13, 5;
    %concat/vec4; draw_concat_vec4
    %store/vec4 v000001b775dca130_0, 0, 14;
    %load/vec4 v000001b775dbb630_0;
    %parti/s 1, 7, 4;
    %replicate 5;
    %load/vec4 v000001b775dbb630_0;
    %parti/s 1, 9, 5;
    %load/vec4 v000001b775dbb630_0;
    %parti/s 1, 7, 4;
    %xor;
    %concat/vec4; draw_concat_vec4
    %load/vec4 v000001b775dbb630_0;
    %parti/s 8, 24, 6;
    %concat/vec4; draw_concat_vec4
    %store/vec4 v000001b775dca310_0, 0, 14;
    %load/vec4 v000001b775dcaa90_0;
    %store/vec4 v000001b775dca770_0, 0, 3;
    %load/vec4 v000001b775dbb810_0;
    %dup/vec4;
    %pushi/vec4 0, 0, 3;
    %cmp/u;
    %jmp/1 T_91.0, 6;
    %dup/vec4;
    %pushi/vec4 1, 0, 3;
    %cmp/u;
    %jmp/1 T_91.1, 6;
    %dup/vec4;
    %pushi/vec4 3, 0, 3;
    %cmp/u;
    %jmp/1 T_91.2, 6;
    %pushi/vec4 0, 0, 3;
    %store/vec4 v000001b775dcad10_0, 0, 3;
    %jmp T_91.4;
T_91.0 ;
    %pushi/vec4 10, 0, 4;
    %store/vec4 v000001b775dcac70_0, 0, 4;
    %pushi/vec4 1, 0, 1;
    %store/vec4 v000001b775dca450_0, 0, 1;
    %pushi/vec4 1, 0, 1;
    %store/vec4 v000001b775dca630_0, 0, 1;
    %load/vec4 v000001b775dbd430_0;
    %pad/u 32;
    %cmpi/e 0, 0, 32;
    %jmp/0xz  T_91.5, 4;
    %pushi/vec4 1, 0, 3;
    %store/vec4 v000001b775dcad10_0, 0, 3;
T_91.5 ;
    %jmp T_91.4;
T_91.1 ;
    %load/vec4 v000001b775dcabd0_0;
    %load/vec4 v000001b775dca4f0_0;
    %part/u 1;
    %nor/r;
    %store/vec4 v000001b775dca630_0, 0, 1;
    %load/vec4 v000001b775dca810_0;
    %flag_set/vec4 8;
    %jmp/0xz  T_91.7, 8;
    %load/vec4 v000001b775dca4f0_0;
    %pad/u 32;
    %cmpi/e 0, 0, 32;
    %jmp/0xz  T_91.9, 4;
    %pushi/vec4 3, 0, 3;
    %store/vec4 v000001b775dcad10_0, 0, 3;
    %jmp T_91.10;
T_91.9 ;
    %load/vec4 v000001b775dca4f0_0;
    %subi 1, 0, 4;
    %store/vec4 v000001b775dcac70_0, 0, 4;
T_91.10 ;
T_91.7 ;
    %jmp T_91.4;
T_91.2 ;
    %load/vec4 v000001b775dc7c50_0;
    %pad/u 32;
    %cmpi/e 0, 0, 32;
    %jmp/0xz  T_91.11, 4;
    %pushi/vec4 300000, 0, 21;
    %store/vec4 v000001b775dcaef0_0, 0, 21;
    %jmp T_91.12;
T_91.11 ;
    %load/vec4 v000001b775dbd430_0;
    %subi 1, 0, 21;
    %store/vec4 v000001b775dcaef0_0, 0, 21;
T_91.12 ;
    %jmp T_91.4;
T_91.4 ;
    %pop/vec4 1;
    %load/vec4 v000001b775dca810_0;
    %flag_set/vec4 8;
    %jmp/0xz  T_91.13, 8;
    %load/vec4 v000001b775dc83d0_0;
    %load/vec4 v000001b775dbb630_0;
    %parti/s 32, 1, 2;
    %concat/vec4; draw_concat_vec4
    %store/vec4 v000001b775dca8b0_0, 0, 33;
    %load/vec4 v000001b775dbcf30_0;
    %subi 1, 0, 6;
    %store/vec4 v000001b775dca590_0, 0, 6;
    %load/vec4 v000001b775dca590_0;
    %pad/u 32;
    %cmpi/e 0, 0, 32;
    %jmp/0xz  T_91.15, 4;
    %load/vec4 v000001b775dbd4d0_0;
    %load/vec4 v000001b775dca130_0;
    %add;
    %store/vec4 v000001b775dca3b0_0, 0, 14;
    %load/vec4 v000001b775dbb310_0;
    %load/vec4 v000001b775dca310_0;
    %sub;
    %store/vec4 v000001b775dcadb0_0, 0, 14;
    %load/vec4 v000001b775dbb630_0;
    %parti/s 3, 2, 3;
    %store/vec4 v000001b775dca770_0, 0, 3;
T_91.15 ;
    %jmp T_91.14;
T_91.13 ;
    %load/vec4 v000001b775dbb630_0;
    %store/vec4 v000001b775dca8b0_0, 0, 33;
    %load/vec4 v000001b775dbd430_0;
    %pad/u 32;
    %cmpi/e 0, 0, 32;
    %jmp/0xz  T_91.17, 4;
    %pushi/vec4 33, 0, 6;
    %store/vec4 v000001b775dca590_0, 0, 6;
    %jmp T_91.18;
T_91.17 ;
    %load/vec4 v000001b775dbcf30_0;
    %store/vec4 v000001b775dca590_0, 0, 6;
T_91.18 ;
T_91.14 ;
    %load/vec4 v000001b775dca3b0_0;
    %pad/s 32;
    %cmpi/s 0, 0, 32;
    %jmp/0xz  T_91.19, 5;
    %pushi/vec4 0, 0, 14;
    %store/vec4 v000001b775dca3b0_0, 0, 14;
T_91.19 ;
    %load/vec4 v000001b775dca3b0_0;
    %cmpi/u 5112, 0, 14;
    %flag_or 5, 4; GT is !LE
    %flag_inv 5;
    %jmp/0xz  T_91.21, 5;
    %pushi/vec4 5112, 0, 14;
    %store/vec4 v000001b775dca3b0_0, 0, 14;
T_91.21 ;
    %load/vec4 v000001b775dcadb0_0;
    %pad/s 32;
    %cmpi/s 0, 0, 32;
    %jmp/0xz  T_91.23, 5;
    %pushi/vec4 0, 0, 14;
    %store/vec4 v000001b775dcadb0_0, 0, 14;
T_91.23 ;
    %load/vec4 v000001b775dcadb0_0;
    %cmpi/u 3967, 0, 14;
    %flag_or 5, 4; GT is !LE
    %flag_inv 5;
    %jmp/0xz  T_91.25, 5;
    %pushi/vec4 3967, 0, 14;
    %store/vec4 v000001b775dcadb0_0, 0, 14;
T_91.25 ;
    %load/vec4 v000001b775dca270_0;
    %flag_set/vec4 8;
    %jmp/0xz  T_91.27, 8;
    %pushi/vec4 8192, 0, 21;
    %store/vec4 v000001b775dcaef0_0, 0, 21;
    %pushi/vec4 10, 0, 4;
    %store/vec4 v000001b775dcac70_0, 0, 4;
    %pushi/vec4 0, 0, 3;
    %store/vec4 v000001b775dcad10_0, 0, 3;
    %pushi/vec4 0, 0, 1;
    %store/vec4 v000001b775dca450_0, 0, 1;
    %pushi/vec4 0, 0, 1;
    %store/vec4 v000001b775dca630_0, 0, 1;
    %pushi/vec4 0, 0, 14;
    %store/vec4 v000001b775dca3b0_0, 0, 14;
    %pushi/vec4 0, 0, 14;
    %store/vec4 v000001b775dcadb0_0, 0, 14;
T_91.27 ;
    %jmp T_91;
    .thread T_91, $push;
    .scope S_000001b775d97840;
T_92 ;
    %wait E_000001b775ce6830;
    %load/vec4 v000001b775dcaef0_0;
    %assign/vec4 v000001b775dbd430_0, 0;
    %load/vec4 v000001b775dcac70_0;
    %assign/vec4 v000001b775dca4f0_0, 0;
    %load/vec4 v000001b775dca450_0;
    %assign/vec4 v000001b775dca6d0_0, 0;
    %load/vec4 v000001b775dca630_0;
    %assign/vec4 v000001b775dbcad0_0, 0;
    %load/vec4 v000001b775dcad10_0;
    %assign/vec4 v000001b775dbb810_0, 0;
    %load/vec4 v000001b775dca1d0_0;
    %assign/vec4 v000001b775dca090_0, 0;
    %load/vec4 v000001b775dc7c50_0;
    %assign/vec4 v000001b775dca1d0_0, 0;
    %load/vec4 v000001b775dca3b0_0;
    %assign/vec4 v000001b775dbd4d0_0, 0;
    %load/vec4 v000001b775dcadb0_0;
    %assign/vec4 v000001b775dbb310_0, 0;
    %load/vec4 v000001b775dca770_0;
    %assign/vec4 v000001b775dcaa90_0, 0;
    %load/vec4 v000001b775dca8b0_0;
    %assign/vec4 v000001b775dbb630_0, 0;
    %load/vec4 v000001b775dca590_0;
    %assign/vec4 v000001b775dbcf30_0, 0;
    %jmp T_92;
    .thread T_92;
    .scope S_000001b775d98c90;
T_93 ;
    %wait E_000001b775ce71b0;
    %load/vec4 v000001b775dc9cd0_0;
    %store/vec4 v000001b775dc7cf0_0, 0, 8;
    %load/vec4 v000001b775dc9f50_0;
    %store/vec4 v000001b775dc9690_0, 0, 8;
    %pushi/vec4 0, 0, 1;
    %store/vec4 v000001b775dc9730_0, 0, 1;
    %load/vec4 v000001b775dc7a70_0;
    %subi 1, 0, 14;
    %store/vec4 v000001b775dc95f0_0, 0, 14;
    %load/vec4 v000001b775dc9910_0;
    %store/vec4 v000001b775dc9550_0, 0, 4;
    %load/vec4 v000001b775dc8010_0;
    %flag_set/vec4 8;
    %jmp/1 T_93.2, 8;
    %load/vec4 v000001b775dc7a70_0;
    %pad/u 32;
    %cmpi/e 0, 0, 32;
    %flag_or 8, 4;
T_93.2;
    %jmp/0xz  T_93.0, 8;
    %pushi/vec4 0, 0, 8;
    %store/vec4 v000001b775dc7cf0_0, 0, 8;
    %pushi/vec4 0, 0, 4;
    %store/vec4 v000001b775dc9550_0, 0, 4;
    %pushi/vec4 16383, 0, 14;
    %store/vec4 v000001b775dc95f0_0, 0, 14;
    %jmp T_93.1;
T_93.0 ;
    %load/vec4 v000001b775dc81f0_0;
    %cmpi/e 0, 0, 1;
    %flag_get/vec4 4;
    %jmp/0 T_93.5, 4;
    %load/vec4 v000001b775dc92d0_0;
    %pushi/vec4 1, 0, 1;
    %cmp/e;
    %flag_get/vec4 4;
    %and;
T_93.5;
    %flag_set/vec4 8;
    %jmp/0xz  T_93.3, 8;
    %load/vec4 v000001b775dc8290_0;
    %load/vec4 v000001b775dc9cd0_0;
    %parti/s 7, 1, 2;
    %concat/vec4; draw_concat_vec4
    %store/vec4 v000001b775dc7cf0_0, 0, 8;
    %load/vec4 v000001b775dc9910_0;
    %addi 1, 0, 4;
    %store/vec4 v000001b775dc9550_0, 0, 4;
    %pushi/vec4 16383, 0, 14;
    %store/vec4 v000001b775dc95f0_0, 0, 14;
    %load/vec4 v000001b775dc9910_0;
    %pad/u 32;
    %cmpi/e 9, 0, 32;
    %jmp/0xz  T_93.6, 4;
    %load/vec4 v000001b775dc9cd0_0;
    %store/vec4 v000001b775dc9690_0, 0, 8;
    %pushi/vec4 1, 0, 1;
    %store/vec4 v000001b775dc9730_0, 0, 1;
    %jmp T_93.7;
T_93.6 ;
    %load/vec4 v000001b775dc9910_0;
    %pad/u 32;
    %cmpi/e 10, 0, 32;
    %jmp/0xz  T_93.8, 4;
    %pushi/vec4 0, 0, 4;
    %store/vec4 v000001b775dc9550_0, 0, 4;
T_93.8 ;
T_93.7 ;
T_93.3 ;
T_93.1 ;
    %jmp T_93;
    .thread T_93, $push;
    .scope S_000001b775d98c90;
T_94 ;
    %wait E_000001b775ce6830;
    %load/vec4 v000001b775dc7cf0_0;
    %assign/vec4 v000001b775dc9cd0_0, 0;
    %load/vec4 v000001b775dc9550_0;
    %assign/vec4 v000001b775dc9910_0, 0;
    %load/vec4 v000001b775dc95f0_0;
    %assign/vec4 v000001b775dc7a70_0, 0;
    %load/vec4 v000001b775dc9d70_0;
    %assign/vec4 v000001b775dc81f0_0, 0;
    %load/vec4 v000001b775dc7ed0_0;
    %assign/vec4 v000001b775dc8290_0, 0;
    %load/vec4 v000001b775dc81f0_0;
    %assign/vec4 v000001b775dc92d0_0, 0;
    %load/vec4 v000001b775dc9690_0;
    %assign/vec4 v000001b775dc9f50_0, 0;
    %load/vec4 v000001b775dc9730_0;
    %assign/vec4 v000001b775dc94b0_0, 0;
    %jmp T_94;
    .thread T_94;
    .scope S_000001b775d98330;
T_95 ;
    %wait E_000001b775ce6830;
    %load/vec4 v000001b775dc8970_0;
    %flag_set/vec4 8;
    %jmp/0xz  T_95.0, 8;
    %pushi/vec4 0, 0, 12;
    %assign/vec4 v000001b775dc8b50_0, 0;
    %pushi/vec4 0, 0, 1;
    %assign/vec4 v000001b775dc9af0_0, 0;
    %jmp T_95.1;
T_95.0 ;
    %load/vec4 v000001b775dc7890_0;
    %flag_set/vec4 8;
    %jmp/0xz  T_95.2, 8;
    %load/vec4 v000001b775dc9ff0_0;
    %load/vec4 v000001b775dc8b50_0;
    %pad/u 14;
    %ix/vec4 3;
    %ix/load 4, 0, 0; Constant delay
    %assign/vec4/a/d v000001b775dc8c90, 0, 4;
    %load/vec4 v000001b775dc8330_0;
    %pad/u 32;
    %cmpi/e 0, 0, 32;
    %jmp/0xz  T_95.4, 4;
    %pushi/vec4 1, 0, 1;
    %assign/vec4 v000001b775dc9af0_0, 0;
    %jmp T_95.5;
T_95.4 ;
    %load/vec4 v000001b775dc8b50_0;
    %addi 1, 0, 12;
    %assign/vec4 v000001b775dc8b50_0, 0;
T_95.5 ;
T_95.2 ;
T_95.1 ;
    %load/vec4 v000001b775dc9eb0_0;
    %pad/u 14;
    %ix/vec4 4;
    %load/vec4a v000001b775dc8c90, 4;
    %assign/vec4 v000001b775dc8ab0_0, 0;
    %load/vec4 v000001b775dc8970_0;
    %flag_set/vec4 8;
    %jmp/0xz  T_95.6, 8;
    %pushi/vec4 0, 0, 12;
    %assign/vec4 v000001b775dc9eb0_0, 0;
    %jmp T_95.7;
T_95.6 ;
    %load/vec4 v000001b775dc90f0_0;
    %flag_set/vec4 9;
    %flag_get/vec4 9;
    %jmp/0 T_95.10, 9;
    %load/vec4 v000001b775dc9a50_0;
    %and;
T_95.10;
    %flag_set/vec4 8;
    %jmp/0xz  T_95.8, 8;
    %load/vec4 v000001b775dc9eb0_0;
    %addi 1, 0, 12;
    %assign/vec4 v000001b775dc9eb0_0, 0;
T_95.8 ;
T_95.7 ;
    %load/vec4 v000001b775dc8b50_0;
    %assign/vec4 v000001b775dc88d0_0, 0;
    %jmp T_95;
    .thread T_95;
    .scope S_000001b775d97070;
T_96 ;
Ewait_28 .event/or E_000001b775ce6970, E_0x0;
    %wait Ewait_28;
    %load/vec4 v000001b775dc8bf0_0;
    %store/vec4 v000001b775dc7e30_0, 0, 3;
    %load/vec4 v000001b775dc80b0_0;
    %pad/u 32;
    %cmpi/ne 0, 0, 32;
    %flag_mov 8, 4;
    %jmp/0 T_96.0, 8;
    %load/vec4 v000001b775dc80b0_0;
    %subi 1, 0, 8;
    %jmp/1 T_96.1, 8;
T_96.0 ; End of true expr.
    %pushi/vec4 0, 0, 8;
    %jmp/0 T_96.1, 8;
 ; End of false expr.
    %blend;
T_96.1;
    %store/vec4 v000001b775dc9230_0, 0, 8;
    %load/vec4 v000001b775dc80b0_0;
    %cmpi/u 64, 0, 8;
    %flag_or 5, 4; GT is !LE
    %flag_inv 5;
    %flag_get/vec4 5;
    %jmp/0 T_96.2, 5;
    %load/vec4 v000001b775dc80b0_0;
    %cmpi/u 192, 0, 8;
    %flag_get/vec4 4;
    %flag_get/vec4 5;
    %or;
    %and;
T_96.2;
    %store/vec4 v000001b775dc8150_0, 0, 1;
    %load/vec4 v000001b775dc7bb0_0;
    %store/vec4 v000001b775dc9410_0, 0, 5;
    %load/vec4 v000001b775dc8dd0_0;
    %store/vec4 v000001b775dc9b90_0, 0, 1;
    %load/vec4 v000001b775dc8a10_0;
    %store/vec4 v000001b775dc7930_0, 0, 1;
    %load/vec4 v000001b775dc5c70_0;
    %store/vec4 v000001b775dc8510_0, 0, 1;
    %load/vec4 v000001b775dc8bf0_0;
    %dup/vec4;
    %pushi/vec4 0, 0, 3;
    %cmp/u;
    %jmp/1 T_96.3, 6;
    %dup/vec4;
    %pushi/vec4 1, 0, 3;
    %cmp/u;
    %jmp/1 T_96.4, 6;
    %dup/vec4;
    %pushi/vec4 2, 0, 3;
    %cmp/u;
    %jmp/1 T_96.5, 6;
    %dup/vec4;
    %pushi/vec4 3, 0, 3;
    %cmp/u;
    %jmp/1 T_96.6, 6;
    %dup/vec4;
    %pushi/vec4 4, 0, 3;
    %cmp/u;
    %jmp/1 T_96.7, 6;
    %pushi/vec4 0, 0, 3;
    %store/vec4 v000001b775dc7e30_0, 0, 3;
    %jmp T_96.9;
T_96.3 ;
    %pushi/vec4 125, 0, 8;
    %store/vec4 v000001b775dc9230_0, 0, 8;
    %pushi/vec4 1, 0, 1;
    %store/vec4 v000001b775dc7930_0, 0, 1;
    %pushi/vec4 1, 0, 1;
    %store/vec4 v000001b775dc8150_0, 0, 1;
    %load/vec4 v000001b775dc9c30_0;
    %flag_set/vec4 8;
    %jmp/0xz  T_96.10, 8;
    %pushi/vec4 1, 0, 3;
    %store/vec4 v000001b775dc7e30_0, 0, 3;
T_96.10 ;
    %jmp T_96.9;
T_96.4 ;
    %pushi/vec4 0, 0, 1;
    %store/vec4 v000001b775dc9b90_0, 0, 1;
    %pushi/vec4 1, 0, 1;
    %store/vec4 v000001b775dc7930_0, 0, 1;
    %pushi/vec4 64, 0, 32;
    %load/vec4 v000001b775dc80b0_0;
    %pad/u 32;
    %cmp/u;
    %flag_get/vec4 5;
    %store/vec4 v000001b775dc8150_0, 0, 1;
    %load/vec4 v000001b775dc80b0_0;
    %pad/u 32;
    %cmpi/e 0, 0, 32;
    %jmp/0xz  T_96.12, 4;
    %pushi/vec4 250, 0, 8;
    %store/vec4 v000001b775dc9230_0, 0, 8;
    %pushi/vec4 2, 0, 3;
    %store/vec4 v000001b775dc7e30_0, 0, 3;
    %pushi/vec4 23, 0, 5;
    %store/vec4 v000001b775dc9410_0, 0, 5;
T_96.12 ;
    %jmp T_96.9;
T_96.5 ;
    %load/vec4 v000001b775dc97d0_0;
    %load/vec4 v000001b775dc7bb0_0;
    %part/u 1;
    %store/vec4 v000001b775dc9b90_0, 0, 1;
    %pushi/vec4 1, 0, 1;
    %store/vec4 v000001b775dc7930_0, 0, 1;
    %load/vec4 v000001b775dc80b0_0;
    %pad/u 32;
    %cmpi/e 0, 0, 32;
    %jmp/0xz  T_96.14, 4;
    %pushi/vec4 250, 0, 8;
    %store/vec4 v000001b775dc9230_0, 0, 8;
    %load/vec4 v000001b775dc7bb0_0;
    %subi 1, 0, 5;
    %store/vec4 v000001b775dc9410_0, 0, 5;
    %load/vec4 v000001b775dc7bb0_0;
    %pad/u 32;
    %cmpi/e 0, 0, 32;
    %jmp/1 T_96.19, 4;
    %flag_mov 8, 4;
    %load/vec4 v000001b775dc7bb0_0;
    %pad/u 32;
    %cmpi/e 8, 0, 32;
    %flag_or 4, 8;
T_96.19;
    %jmp/1 T_96.18, 4;
    %flag_mov 8, 4;
    %load/vec4 v000001b775dc7bb0_0;
    %pad/u 32;
    %cmpi/e 16, 0, 32;
    %flag_or 4, 8;
T_96.18;
    %jmp/0xz  T_96.16, 4;
    %pushi/vec4 3, 0, 3;
    %store/vec4 v000001b775dc7e30_0, 0, 3;
T_96.16 ;
T_96.14 ;
    %jmp T_96.9;
T_96.6 ;
    %pushi/vec4 0, 0, 1;
    %store/vec4 v000001b775dc7930_0, 0, 1;
    %load/vec4 v000001b775dc80b0_0;
    %pad/u 32;
    %cmpi/u 64, 0, 32;
    %flag_or 5, 4; GT is !LE
    %flag_inv 5;
    %flag_get/vec4 5;
    %jmp/0 T_96.20, 5;
    %load/vec4 v000001b775dc80b0_0;
    %pad/u 32;
    %cmpi/u 192, 0, 32;
    %flag_get/vec4 4;
    %flag_get/vec4 5;
    %or;
    %and;
T_96.20;
    %store/vec4 v000001b775dc8150_0, 0, 1;
    %load/vec4 v000001b775dc80b0_0;
    %pad/u 32;
    %cmpi/e 64, 0, 32;
    %flag_get/vec4 4;
    %jmp/0 T_96.23, 4;
    %load/vec4 v000001b775dc5270_0;
    %pushi/vec4 1, 0, 1;
    %cmp/e;
    %flag_get/vec4 4;
    %and;
T_96.23;
    %flag_set/vec4 8;
    %jmp/0xz  T_96.21, 8;
    %pushi/vec4 1, 0, 1;
    %store/vec4 v000001b775dc8510_0, 0, 1;
    %pushi/vec4 4, 0, 3;
    %store/vec4 v000001b775dc7e30_0, 0, 3;
    %jmp T_96.22;
T_96.21 ;
    %load/vec4 v000001b775dc80b0_0;
    %pad/u 32;
    %cmpi/e 0, 0, 32;
    %jmp/0xz  T_96.24, 4;
    %pushi/vec4 250, 0, 8;
    %store/vec4 v000001b775dc9230_0, 0, 8;
    %pushi/vec4 0, 0, 1;
    %store/vec4 v000001b775dc8510_0, 0, 1;
    %load/vec4 v000001b775dc7bb0_0;
    %pad/u 32;
    %cmpi/e 15, 0, 32;
    %jmp/1 T_96.28, 4;
    %flag_mov 8, 4;
    %load/vec4 v000001b775dc7bb0_0;
    %pad/u 32;
    %cmpi/e 7, 0, 32;
    %flag_or 4, 8;
T_96.28;
    %jmp/0xz  T_96.26, 4;
    %pushi/vec4 2, 0, 3;
    %store/vec4 v000001b775dc7e30_0, 0, 3;
    %jmp T_96.27;
T_96.26 ;
    %pushi/vec4 4, 0, 3;
    %store/vec4 v000001b775dc7e30_0, 0, 3;
T_96.27 ;
T_96.24 ;
T_96.22 ;
    %jmp T_96.9;
T_96.7 ;
    %load/vec4 v000001b775dc80b0_0;
    %pad/u 32;
    %cmpi/u 128, 0, 32;
    %flag_get/vec4 5;
    %store/vec4 v000001b775dc9b90_0, 0, 1;
    %pushi/vec4 1, 0, 1;
    %store/vec4 v000001b775dc7930_0, 0, 1;
    %load/vec4 v000001b775dc80b0_0;
    %pad/u 32;
    %cmpi/e 65, 0, 32;
    %jmp/0xz  T_96.29, 4;
    %pushi/vec4 0, 0, 3;
    %store/vec4 v000001b775dc7e30_0, 0, 3;
T_96.29 ;
    %jmp T_96.9;
T_96.9 ;
    %pop/vec4 1;
    %load/vec4 v000001b775dc7b10_0;
    %flag_set/vec4 8;
    %jmp/0xz  T_96.31, 8;
    %pushi/vec4 0, 0, 3;
    %store/vec4 v000001b775dc7e30_0, 0, 3;
    %pushi/vec4 0, 0, 8;
    %store/vec4 v000001b775dc9230_0, 0, 8;
    %pushi/vec4 0, 0, 5;
    %store/vec4 v000001b775dc9410_0, 0, 5;
    %pushi/vec4 1, 0, 1;
    %store/vec4 v000001b775dc9b90_0, 0, 1;
    %pushi/vec4 1, 0, 1;
    %store/vec4 v000001b775dc7930_0, 0, 1;
    %pushi/vec4 0, 0, 1;
    %store/vec4 v000001b775dc8510_0, 0, 1;
    %pushi/vec4 1, 0, 1;
    %store/vec4 v000001b775dc8150_0, 0, 1;
T_96.31 ;
    %jmp T_96;
    .thread T_96, $push;
    .scope S_000001b775d97070;
T_97 ;
    %wait E_000001b775ce6830;
    %load/vec4 v000001b775dc7e30_0;
    %assign/vec4 v000001b775dc8bf0_0, 0;
    %load/vec4 v000001b775dc9230_0;
    %assign/vec4 v000001b775dc80b0_0, 0;
    %load/vec4 v000001b775dc9410_0;
    %assign/vec4 v000001b775dc7bb0_0, 0;
    %load/vec4 v000001b775dc9b90_0;
    %assign/vec4 v000001b775dc8dd0_0, 0;
    %load/vec4 v000001b775dc7930_0;
    %assign/vec4 v000001b775dc8a10_0, 0;
    %load/vec4 v000001b775dc8510_0;
    %assign/vec4 v000001b775dc5c70_0, 0;
    %load/vec4 v000001b775dc8150_0;
    %assign/vec4 v000001b775dc5130_0, 0;
    %jmp T_97;
    .thread T_97;
    .scope S_000001b775d98b00;
T_98 ;
    %vpi_func 41 92 "$fopen" 32, "uart_log.bin", "rb" {0 0 0};
    %store/vec4 v000001b775dbdc50_0, 0, 32;
    %vpi_func 41 93 "$fread" 32, v000001b775dd7c60, v000001b775dbdc50_0 {0 0 0};
    %store/vec4 v000001b775dd7e40_0, 0, 32;
    %vpi_call/w 41 94 "$fclose", v000001b775dbdc50_0 {0 0 0};
    %vpi_func 41 95 "$fopen" 32, "rtl_uart.log", "wb" {0 0 0};
    %store/vec4 v000001b775dbdc50_0, 0, 32;
    %pushi/vec4 0, 0, 32;
    %store/vec4 v000001b775dd6a40_0, 0, 32;
    %end;
    .thread T_98;
    .scope S_000001b775d98b00;
T_99 ;
    %wait E_000001b775ce6830;
    %pushi/vec4 0, 0, 32;
    %assign/vec4 v000001b775dbd890_0, 0;
    %pushi/vec4 0, 0, 1;
    %assign/vec4 v000001b775dbec90_0, 0;
    %load/vec4 v000001b775dbe650_0;
    %load/vec4 v000001b775dd6900_0;
    %or;
    %assign/vec4 v000001b775dd6900_0, 0;
    %load/vec4 v000001b775dd78a0_0;
    %pad/u 32;
    %cmpi/e 124999, 0, 32;
    %jmp/0xz  T_99.0, 4;
    %pushi/vec4 0, 0, 18;
    %assign/vec4 v000001b775dd78a0_0, 0;
    %load/vec4 v000001b775dd6cc0_0;
    %addi 1, 0, 32;
    %assign/vec4 v000001b775dd6cc0_0, 0;
    %jmp T_99.1;
T_99.0 ;
    %load/vec4 v000001b775dd78a0_0;
    %addi 1, 0, 18;
    %assign/vec4 v000001b775dd78a0_0, 0;
T_99.1 ;
    %load/vec4 v000001b775dbe1f0_0;
    %flag_set/vec4 9;
    %flag_get/vec4 9;
    %jmp/0 T_99.4, 9;
    %load/vec4 v000001b775dbd930_0;
    %and;
T_99.4;
    %flag_set/vec4 8;
    %jmp/0xz  T_99.2, 8;
    %load/vec4 v000001b775dbe150_0;
    %dup/vec4;
    %pushi/vec4 0, 0, 16;
    %cmp/u;
    %jmp/1 T_99.5, 6;
    %dup/vec4;
    %pushi/vec4 4, 0, 16;
    %cmp/u;
    %jmp/1 T_99.6, 6;
    %dup/vec4;
    %pushi/vec4 16, 0, 16;
    %cmp/u;
    %jmp/1 T_99.7, 6;
    %dup/vec4;
    %pushi/vec4 40, 0, 16;
    %cmp/u;
    %jmp/1 T_99.8, 6;
    %dup/vec4;
    %pushi/vec4 44, 0, 16;
    %cmp/u;
    %jmp/1 T_99.9, 6;
    %dup/vec4;
    %pushi/vec4 52, 0, 16;
    %cmp/u;
    %jmp/1 T_99.10, 6;
    %jmp T_99.12;
T_99.5 ;
    %load/vec4 v000001b775dbefb0_0;
    %parti/s 24, 0, 2;
    %load/vec4 v000001b775dd7f80_0;
    %cmp/ne;
    %jmp/0xz  T_99.13, 4;
    %vpi_call/w 41 116 "$display", "[%t] 7SEG = %06X", $time, &PV<v000001b775dbefb0_0, 0, 24> {0 0 0};
T_99.13 ;
    %load/vec4 v000001b775dbe790_0;
    %parti/s 1, 0, 2;
    %flag_set/vec4 8;
    %jmp/0xz  T_99.15, 8;
    %load/vec4 v000001b775dbefb0_0;
    %parti/s 8, 0, 2;
    %ix/load 4, 0, 0;
    %ix/load 5, 0, 0;
    %flag_set/imm 4, 0;
    %assign/vec4/off/d v000001b775dd7f80_0, 4, 5;
T_99.15 ;
    %load/vec4 v000001b775dbe790_0;
    %parti/s 1, 1, 2;
    %flag_set/vec4 8;
    %jmp/0xz  T_99.17, 8;
    %load/vec4 v000001b775dbefb0_0;
    %parti/s 8, 8, 5;
    %ix/load 4, 8, 0;
    %ix/load 5, 0, 0;
    %flag_set/imm 4, 0;
    %assign/vec4/off/d v000001b775dd7f80_0, 4, 5;
T_99.17 ;
    %load/vec4 v000001b775dbe790_0;
    %parti/s 1, 2, 3;
    %flag_set/vec4 8;
    %jmp/0xz  T_99.19, 8;
    %load/vec4 v000001b775dbefb0_0;
    %parti/s 8, 16, 6;
    %ix/load 4, 16, 0;
    %ix/load 5, 0, 0;
    %flag_set/imm 4, 0;
    %assign/vec4/off/d v000001b775dd7f80_0, 4, 5;
T_99.19 ;
    %jmp T_99.12;
T_99.6 ;
    %load/vec4 v000001b775dbefb0_0;
    %parti/s 10, 0, 2;
    %load/vec4 v000001b775dbf730_0;
    %cmp/ne;
    %jmp/0xz  T_99.21, 4;
    %vpi_call/w 41 123 "$display", "[%t] LED = %03X", $time, &PV<v000001b775dbefb0_0, 0, 10> {0 0 0};
T_99.21 ;
    %load/vec4 v000001b775dbe790_0;
    %parti/s 1, 0, 2;
    %flag_set/vec4 8;
    %jmp/0xz  T_99.23, 8;
    %load/vec4 v000001b775dbefb0_0;
    %parti/s 8, 0, 2;
    %ix/load 4, 0, 0;
    %ix/load 5, 0, 0;
    %flag_set/imm 4, 0;
    %assign/vec4/off/d v000001b775dbf730_0, 4, 5;
T_99.23 ;
    %load/vec4 v000001b775dbe790_0;
    %parti/s 1, 1, 2;
    %flag_set/vec4 8;
    %jmp/0xz  T_99.25, 8;
    %load/vec4 v000001b775dbefb0_0;
    %parti/s 2, 8, 5;
    %ix/load 4, 8, 0;
    %ix/load 5, 0, 0;
    %flag_set/imm 4, 0;
    %assign/vec4/off/d v000001b775dbf730_0, 4, 5;
T_99.25 ;
    %jmp T_99.12;
T_99.7 ;
    %vpi_call/w 41 129 "$write", "%c", &PV<v000001b775dbefb0_0, 0, 8> {0 0 0};
    %vpi_call/w 41 130 "$fwrite", v000001b775dbdc50_0, "%c", &PV<v000001b775dbefb0_0, 0, 8> {0 0 0};
    %jmp T_99.12;
T_99.8 ;
    %load/vec4 v000001b775dbe790_0;
    %parti/s 1, 0, 2;
    %flag_set/vec4 8;
    %jmp/0xz  T_99.27, 8;
    %load/vec4 v000001b775dbefb0_0;
    %parti/s 8, 0, 2;
    %ix/load 4, 0, 0;
    %ix/load 5, 0, 0;
    %flag_set/imm 4, 0;
    %assign/vec4/off/d v000001b775dd6cc0_0, 4, 5;
T_99.27 ;
    %load/vec4 v000001b775dbe790_0;
    %parti/s 1, 1, 2;
    %flag_set/vec4 8;
    %jmp/0xz  T_99.29, 8;
    %load/vec4 v000001b775dbefb0_0;
    %parti/s 8, 8, 5;
    %ix/load 4, 8, 0;
    %ix/load 5, 0, 0;
    %flag_set/imm 4, 0;
    %assign/vec4/off/d v000001b775dd6cc0_0, 4, 5;
T_99.29 ;
    %load/vec4 v000001b775dbe790_0;
    %parti/s 1, 2, 3;
    %flag_set/vec4 8;
    %jmp/0xz  T_99.31, 8;
    %load/vec4 v000001b775dbefb0_0;
    %parti/s 8, 16, 6;
    %ix/load 4, 16, 0;
    %ix/load 5, 0, 0;
    %flag_set/imm 4, 0;
    %assign/vec4/off/d v000001b775dd6cc0_0, 4, 5;
T_99.31 ;
    %load/vec4 v000001b775dbe790_0;
    %parti/s 1, 3, 3;
    %flag_set/vec4 8;
    %jmp/0xz  T_99.33, 8;
    %load/vec4 v000001b775dbefb0_0;
    %parti/s 8, 24, 6;
    %ix/load 4, 24, 0;
    %ix/load 5, 0, 0;
    %flag_set/imm 4, 0;
    %assign/vec4/off/d v000001b775dd6cc0_0, 4, 5;
T_99.33 ;
    %jmp T_99.12;
T_99.9 ;
    %load/vec4 v000001b775dbefb0_0;
    %parti/s 24, 0, 2;
    %assign/vec4 v000001b775dbe0b0_0, 0;
    %pushi/vec4 1, 0, 1;
    %assign/vec4 v000001b775dbec90_0, 0;
    %jmp T_99.12;
T_99.10 ;
    %load/vec4 v000001b775dbefb0_0;
    %parti/s 3, 0, 2;
    %assign/vec4 v000001b775dd6900_0, 0;
    %jmp T_99.12;
T_99.12 ;
    %pop/vec4 1;
    %jmp T_99.3;
T_99.2 ;
    %load/vec4 v000001b775dbe1f0_0;
    %flag_set/vec4 9;
    %flag_get/vec4 9;
    %jmp/0 T_99.37, 9;
    %load/vec4 v000001b775dbd930_0;
    %nor/r;
    %and;
T_99.37;
    %flag_set/vec4 8;
    %jmp/0xz  T_99.35, 8;
    %load/vec4 v000001b775dbe150_0;
    %dup/vec4;
    %pushi/vec4 0, 0, 16;
    %cmp/u;
    %jmp/1 T_99.38, 6;
    %dup/vec4;
    %pushi/vec4 4, 0, 16;
    %cmp/u;
    %jmp/1 T_99.39, 6;
    %dup/vec4;
    %pushi/vec4 8, 0, 16;
    %cmp/u;
    %jmp/1 T_99.40, 6;
    %dup/vec4;
    %pushi/vec4 12, 0, 16;
    %cmp/u;
    %jmp/1 T_99.41, 6;
    %dup/vec4;
    %pushi/vec4 16, 0, 16;
    %cmp/u;
    %jmp/1 T_99.42, 6;
    %dup/vec4;
    %pushi/vec4 20, 0, 16;
    %cmp/u;
    %jmp/1 T_99.43, 6;
    %dup/vec4;
    %pushi/vec4 24, 0, 16;
    %cmp/u;
    %jmp/1 T_99.44, 6;
    %dup/vec4;
    %pushi/vec4 28, 0, 16;
    %cmp/u;
    %jmp/1 T_99.45, 6;
    %dup/vec4;
    %pushi/vec4 32, 0, 16;
    %cmp/u;
    %jmp/1 T_99.46, 6;
    %dup/vec4;
    %pushi/vec4 36, 0, 16;
    %cmp/u;
    %jmp/1 T_99.47, 6;
    %dup/vec4;
    %pushi/vec4 40, 0, 16;
    %cmp/u;
    %jmp/1 T_99.48, 6;
    %dup/vec4;
    %pushi/vec4 44, 0, 16;
    %cmp/u;
    %jmp/1 T_99.49, 6;
    %dup/vec4;
    %pushi/vec4 48, 0, 16;
    %cmp/u;
    %jmp/1 T_99.50, 6;
    %dup/vec4;
    %pushi/vec4 52, 0, 16;
    %cmp/u;
    %jmp/1 T_99.51, 6;
    %pushi/vec4 0, 0, 32;
    %assign/vec4 v000001b775dbd890_0, 0;
    %jmp T_99.53;
T_99.38 ;
    %pushi/vec4 0, 0, 8;
    %load/vec4 v000001b775dd7f80_0;
    %concat/vec4; draw_concat_vec4
    %assign/vec4 v000001b775dbd890_0, 0;
    %jmp T_99.53;
T_99.39 ;
    %pushi/vec4 0, 0, 22;
    %load/vec4 v000001b775dbf730_0;
    %concat/vec4; draw_concat_vec4
    %assign/vec4 v000001b775dbd890_0, 0;
    %jmp T_99.53;
T_99.40 ;
    %pushi/vec4 0, 0, 22;
    %load/vec4 v000001b775dbf5f0_0;
    %concat/vec4; draw_concat_vec4
    %assign/vec4 v000001b775dbd890_0, 0;
    %jmp T_99.53;
T_99.41 ;
    %pushi/vec4 0, 0, 28;
    %load/vec4 v000001b775dbea10_0;
    %concat/vec4; draw_concat_vec4
    %assign/vec4 v000001b775dbd890_0, 0;
    %jmp T_99.53;
T_99.42 ;
    %pushi/vec4 0, 0, 20;
    %load/vec4 v000001b775dbded0_0;
    %concat/vec4; draw_concat_vec4
    %assign/vec4 v000001b775dbd890_0, 0;
    %jmp T_99.53;
T_99.43 ;
    %load/vec4 v000001b775dbf0f0_0;
    %flag_set/vec4 8;
    %jmp/0 T_99.54, 8;
    %pushi/vec4 0, 0, 24;
    %load/vec4 v000001b775dbe3d0_0;
    %concat/vec4; draw_concat_vec4
    %jmp/1 T_99.55, 8;
T_99.54 ; End of true expr.
    %pushi/vec4 4294967295, 0, 32;
    %jmp/0 T_99.55, 8;
 ; End of false expr.
    %blend;
T_99.55;
    %assign/vec4 v000001b775dbd890_0, 0;
    %load/vec4 v000001b775dd6a40_0;
    %load/vec4 v000001b775dd7e40_0;
    %cmp/s;
    %flag_mov 8, 5;
    %jmp/0 T_99.56, 8;
    %pushi/vec4 0, 0, 24;
    %ix/getv/s 4, v000001b775dd6a40_0;
    %load/vec4a v000001b775dd7c60, 4;
    %concat/vec4; draw_concat_vec4
    %jmp/1 T_99.57, 8;
T_99.56 ; End of true expr.
    %pushi/vec4 4294967295, 0, 32;
    %jmp/0 T_99.57, 8;
 ; End of false expr.
    %blend;
T_99.57;
    %assign/vec4 v000001b775dbd890_0, 0;
    %load/vec4 v000001b775dd6a40_0;
    %addi 1, 0, 32;
    %assign/vec4 v000001b775dd6a40_0, 0;
    %jmp T_99.53;
T_99.44 ;
    %pushi/vec4 0, 0, 22;
    %load/vec4 v000001b775dd6c20_0;
    %concat/vec4; draw_concat_vec4
    %assign/vec4 v000001b775dbd890_0, 0;
    %jmp T_99.53;
T_99.45 ;
    %pushi/vec4 0, 0, 22;
    %load/vec4 v000001b775dd5dc0_0;
    %concat/vec4; draw_concat_vec4
    %assign/vec4 v000001b775dbd890_0, 0;
    %jmp T_99.53;
T_99.46 ;
    %pushi/vec4 0, 0, 29;
    %load/vec4 v000001b775dd6360_0;
    %concat/vec4; draw_concat_vec4
    %assign/vec4 v000001b775dbd890_0, 0;
    %jmp T_99.53;
T_99.47 ;
    %load/vec4 v000001b775dd5e60_0;
    %flag_set/vec4 8;
    %jmp/0 T_99.58, 8;
    %pushi/vec4 0, 0, 24;
    %load/vec4 v000001b775dbeb50_0;
    %concat/vec4; draw_concat_vec4
    %jmp/1 T_99.59, 8;
T_99.58 ; End of true expr.
    %pushi/vec4 4294967295, 0, 32;
    %jmp/0 T_99.59, 8;
 ; End of false expr.
    %blend;
T_99.59;
    %assign/vec4 v000001b775dbd890_0, 0;
    %jmp T_99.53;
T_99.48 ;
    %load/vec4 v000001b775dd6cc0_0;
    %assign/vec4 v000001b775dbd890_0, 0;
    %jmp T_99.53;
T_99.49 ;
    %pushi/vec4 0, 0, 30;
    %load/vec4 v000001b775dbde30_0;
    %concat/vec4; draw_concat_vec4
    %load/vec4 v000001b775dbdf70_0;
    %concat/vec4; draw_concat_vec4
    %assign/vec4 v000001b775dbd890_0, 0;
    %jmp T_99.53;
T_99.50 ;
    %pushi/vec4 0, 0, 32;
    %assign/vec4 v000001b775dbd890_0, 0;
    %pushi/vec4 1, 0, 32;
    %assign/vec4 v000001b775dbd890_0, 0;
    %jmp T_99.53;
T_99.51 ;
    %pushi/vec4 0, 0, 29;
    %load/vec4 v000001b775dd6900_0;
    %concat/vec4; draw_concat_vec4
    %assign/vec4 v000001b775dbd890_0, 0;
    %jmp T_99.53;
T_99.53 ;
    %pop/vec4 1;
T_99.35 ;
T_99.3 ;
    %load/vec4 v000001b775dd7580_0;
    %flag_set/vec4 8;
    %jmp/0xz  T_99.60, 8;
    %pushi/vec4 0, 0, 24;
    %assign/vec4 v000001b775dd7f80_0, 0;
    %pushi/vec4 0, 0, 10;
    %assign/vec4 v000001b775dbf730_0, 0;
    %pushi/vec4 0, 0, 32;
    %assign/vec4 v000001b775dd6cc0_0, 0;
    %pushi/vec4 0, 0, 3;
    %assign/vec4 v000001b775dd6900_0, 0;
T_99.60 ;
    %jmp T_99;
    .thread T_99;
    .scope S_000001b775d98b00;
T_100 ;
    %wait E_000001b775ce6830;
    %load/vec4 v000001b775dbea10_0;
    %parti/s 1, 1, 2;
    %pad/u 32;
    %cmpi/e 0, 0, 32;
    %flag_get/vec4 4;
    %jmp/0 T_100.2, 4;
    %load/vec4 v000001b775dd5f00_0;
    %pad/u 32;
    %pushi/vec4 1, 0, 32;
    %cmp/e;
    %flag_get/vec4 4;
    %and;
T_100.2;
    %flag_set/vec4 8;
    %jmp/0xz  T_100.0, 8;
    %load/vec4 v000001b775dbe290_0;
    %parti/s 24, 0, 2;
    %assign/vec4 v000001b775dbdbb0_0, 0;
T_100.0 ;
    %load/vec4 v000001b775dbea10_0;
    %parti/s 1, 1, 2;
    %assign/vec4 v000001b775dd5f00_0, 0;
    %jmp T_100;
    .thread T_100;
    .scope S_000001b7756ee9f0;
T_101 ;
    %pushi/vec4 0, 0, 1;
    %store/vec4 v000001b775ddb2c0_0, 0, 1;
    %pushi/vec4 0, 0, 1;
    %store/vec4 v000001b775ddb9a0_0, 0, 1;
    %end;
    .thread T_101, $init;
    .scope S_000001b7756ee9f0;
T_102 ;
    %wait E_000001b775ce6830;
    %load/vec4 v000001b775ddb220_0;
    %inv;
    %assign/vec4 v000001b775ddb540_0, 0;
    %jmp T_102;
    .thread T_102;
    .scope S_000001b775cb2250;
T_103 ;
    %pushi/vec4 0, 65535, 16;
    %store/vec4 v000001b775b3d0f0_0, 0, 16;
    %pushi/vec4 0, 0, 1;
    %store/vec4 v000001b775b67480_0, 0, 1;
    %pushi/vec4 0, 0, 1;
    %store/vec4 v000001b775b65fe0_0, 0, 1;
    %pushi/vec4 1, 0, 1;
    %store/vec4 v000001b775cac760_0, 0, 1;
    %pushi/vec4 1, 0, 1;
    %store/vec4 v000001b775cacee0_0, 0, 1;
    %pushi/vec4 1, 0, 1;
    %store/vec4 v000001b775cabae0_0, 0, 1;
    %pushi/vec4 1, 0, 1;
    %store/vec4 v000001b775cabb80_0, 0, 1;
    %pushi/vec4 0, 0, 1;
    %store/vec4 v000001b775b3cc90_0, 0, 1;
    %pushi/vec4 0, 0, 1;
    %store/vec4 v000001b775b3d230_0, 0, 1;
    %pushi/vec4 0, 0, 1;
    %store/vec4 v000001b775b3d410_0, 0, 1;
    %pushi/vec4 0, 0, 1;
    %store/vec4 v000001b775b3d690_0, 0, 1;
    %pushi/vec4 0, 0, 64;
    %ix/load 4, 0, 0;
    %flag_set/imm 4, 0;
    %store/vec4a v000001b77570ab00, 4, 0;
    %pushi/vec4 0, 0, 64;
    %ix/load 4, 1, 0;
    %flag_set/imm 4, 0;
    %store/vec4a v000001b77570ab00, 4, 0;
    %pushi/vec4 0, 0, 64;
    %ix/load 4, 2, 0;
    %flag_set/imm 4, 0;
    %store/vec4a v000001b77570ab00, 4, 0;
    %pushi/vec4 0, 0, 64;
    %ix/load 4, 3, 0;
    %flag_set/imm 4, 0;
    %store/vec4a v000001b77570ab00, 4, 0;
    %pushi/vec4 0, 0, 1;
    %ix/load 4, 0, 0;
    %flag_set/imm 4, 0;
    %store/vec4a v000001b775c361d0, 4, 0;
    %pushi/vec4 0, 0, 1;
    %ix/load 4, 1, 0;
    %flag_set/imm 4, 0;
    %store/vec4a v000001b775c361d0, 4, 0;
    %pushi/vec4 0, 0, 1;
    %ix/load 4, 2, 0;
    %flag_set/imm 4, 0;
    %store/vec4a v000001b775c361d0, 4, 0;
    %pushi/vec4 0, 0, 1;
    %ix/load 4, 3, 0;
    %flag_set/imm 4, 0;
    %store/vec4a v000001b775c361d0, 4, 0;
    %pushi/vec4 0, 0, 1;
    %ix/load 4, 0, 0;
    %flag_set/imm 4, 0;
    %store/vec4a v000001b775c35550, 4, 0;
    %pushi/vec4 0, 0, 1;
    %ix/load 4, 1, 0;
    %flag_set/imm 4, 0;
    %store/vec4a v000001b775c35550, 4, 0;
    %pushi/vec4 0, 0, 1;
    %ix/load 4, 2, 0;
    %flag_set/imm 4, 0;
    %store/vec4a v000001b775c35550, 4, 0;
    %pushi/vec4 0, 0, 1;
    %ix/load 4, 3, 0;
    %flag_set/imm 4, 0;
    %store/vec4a v000001b775c35550, 4, 0;
    %pushi/vec4 0, 0, 64;
    %store/vec4 v000001b775b3cbf0_0, 0, 64;
    %pushi/vec4 0, 0, 64;
    %store/vec4 v000001b775c364f0_0, 0, 64;
    %pushi/vec4 0, 0, 64;
    %store/vec4 v000001b775c35370_0, 0, 64;
    %pushi/vec4 0, 0, 64;
    %store/vec4 v000001b775c11330_0, 0, 64;
    %pushi/vec4 0, 0, 64;
    %store/vec4 v000001b775c11650_0, 0, 64;
    %pushi/vec4 0, 0, 64;
    %store/vec4 v000001b775c10d90_0, 0, 64;
    %pushi/vec4 0, 0, 64;
    %store/vec4 v000001b775c11790_0, 0, 64;
    %pushi/vec4 0, 0, 64;
    %store/vec4 v000001b775c10c50_0, 0, 64;
    %pushi/vec4 0, 0, 64;
    %store/vec4 v000001b775c11b50_0, 0, 64;
    %pushi/vec4 0, 0, 64;
    %store/vec4 v000001b775c113d0_0, 0, 64;
    %pushi/vec4 0, 0, 64;
    %store/vec4 v000001b775c11bf0_0, 0, 64;
    %pushi/vec4 0, 0, 64;
    %store/vec4 v000001b775c11f10_0, 0, 64;
    %pushi/vec4 0, 0, 64;
    %store/vec4 v000001b775c102f0_0, 0, 64;
    %pushi/vec4 0, 0, 64;
    %store/vec4 v000001b775c10930_0, 0, 64;
    %pushi/vec4 0, 0, 64;
    %store/vec4 v000001b775c35690_0, 0, 64;
    %pushi/vec4 0, 0, 64;
    %store/vec4 v000001b775c35870_0, 0, 64;
    %pushi/vec4 0, 0, 64;
    %store/vec4 v000001b775c34b50_0, 0, 64;
    %pushi/vec4 0, 0, 64;
    %store/vec4 v000001b775c34bf0_0, 0, 64;
    %pushi/vec4 0, 0, 64;
    %store/vec4 v000001b775c35190_0, 0, 64;
    %vpi_call/w 4 180 "$timeformat", 32'sb11111111111111111111111111110111, 32'sb00000000000000000000000000000001, " ns", 32'sb00000000000000000000000000001100 {0 0 0};
    %end;
    .thread T_103;
    .scope S_000001b775cb2250;
T_104 ;
    %wait E_000001b775ce70b0;
    %load/vec4 v000001b775b67b60_0;
    %store/vec4 v000001b77570b640_0, 0, 1;
    %load/vec4 v000001b775b66440_0;
    %store/vec4 v000001b775b67b60_0, 0, 1;
    %wait E_000001b775ce6b70;
    %pushi/vec4 0, 0, 1;
    %store/vec4 v000001b77570b640_0, 0, 1;
    %jmp T_104;
    .thread T_104;
    .scope S_000001b775cb2250;
T_105 ;
    %wait E_000001b775ce6ab0;
    %load/vec4 v000001b775b66760_0;
    %dup/vec4;
    %pushi/vec4 1, 0, 3;
    %cmp/u;
    %jmp/1 T_105.0, 6;
    %dup/vec4;
    %pushi/vec4 2, 0, 3;
    %cmp/u;
    %jmp/1 T_105.1, 6;
    %dup/vec4;
    %pushi/vec4 3, 0, 3;
    %cmp/u;
    %jmp/1 T_105.2, 6;
    %jmp T_105.3;
T_105.0 ;
    %pushi/vec4 0, 0, 64;
    %store/vec4 v000001b7757c4230_0, 0, 64;
    %pushi/vec4 0, 0, 64;
    %store/vec4 v000001b7757c4370_0, 0, 64;
    %jmp T_105.3;
T_105.1 ;
    %pushi/vec4 6, 0, 64;
    %store/vec4 v000001b7757c4230_0, 0, 64;
    %pushi/vec4 6, 0, 64;
    %store/vec4 v000001b7757c4370_0, 0, 64;
    %jmp T_105.3;
T_105.2 ;
    %pushi/vec4 5, 0, 64;
    %store/vec4 v000001b7757c4230_0, 0, 64;
    %pushi/vec4 5, 0, 64;
    %store/vec4 v000001b7757c4370_0, 0, 64;
    %jmp T_105.3;
T_105.3 ;
    %pop/vec4 1;
    %jmp T_105;
    .thread T_105, $push;
    .scope S_000001b775cb2250;
T_106 ;
    %wait E_000001b775ce6a30;
    %ix/load 4, 1, 0;
    %flag_set/imm 4, 0;
    %load/vec4a v000001b775b67980, 4;
    %ix/load 4, 0, 0;
    %flag_set/imm 4, 0;
    %store/vec4a v000001b775b67980, 4, 0;
    %ix/load 4, 2, 0;
    %flag_set/imm 4, 0;
    %load/vec4a v000001b775b67980, 4;
    %ix/load 4, 1, 0;
    %flag_set/imm 4, 0;
    %store/vec4a v000001b775b67980, 4, 0;
    %ix/load 4, 3, 0;
    %flag_set/imm 4, 0;
    %load/vec4a v000001b775b67980, 4;
    %ix/load 4, 2, 0;
    %flag_set/imm 4, 0;
    %store/vec4a v000001b775b67980, 4, 0;
    %pushi/vec4 1, 0, 4;
    %ix/load 4, 3, 0;
    %flag_set/imm 4, 0;
    %store/vec4a v000001b775b67980, 4, 0;
    %ix/load 4, 1, 0;
    %flag_set/imm 4, 0;
    %load/vec4a v000001b775b66f80, 4;
    %ix/load 4, 0, 0;
    %flag_set/imm 4, 0;
    %store/vec4a v000001b775b66f80, 4, 0;
    %ix/load 4, 2, 0;
    %flag_set/imm 4, 0;
    %load/vec4a v000001b775b66f80, 4;
    %ix/load 4, 1, 0;
    %flag_set/imm 4, 0;
    %store/vec4a v000001b775b66f80, 4, 0;
    %ix/load 4, 3, 0;
    %flag_set/imm 4, 0;
    %load/vec4a v000001b775b66f80, 4;
    %ix/load 4, 2, 0;
    %flag_set/imm 4, 0;
    %store/vec4a v000001b775b66f80, 4, 0;
    %pushi/vec4 0, 0, 10;
    %ix/load 4, 3, 0;
    %flag_set/imm 4, 0;
    %store/vec4a v000001b775b66f80, 4, 0;
    %ix/load 4, 1, 0;
    %flag_set/imm 4, 0;
    %load/vec4a v000001b775cad3e0, 4;
    %ix/load 4, 0, 0;
    %flag_set/imm 4, 0;
    %store/vec4a v000001b775cad3e0, 4, 0;
    %ix/load 4, 2, 0;
    %flag_set/imm 4, 0;
    %load/vec4a v000001b775cad3e0, 4;
    %ix/load 4, 1, 0;
    %flag_set/imm 4, 0;
    %store/vec4a v000001b775cad3e0, 4, 0;
    %ix/load 4, 3, 0;
    %flag_set/imm 4, 0;
    %load/vec4a v000001b775cad3e0, 4;
    %ix/load 4, 2, 0;
    %flag_set/imm 4, 0;
    %store/vec4a v000001b775cad3e0, 4, 0;
    %pushi/vec4 0, 0, 2;
    %ix/load 4, 3, 0;
    %flag_set/imm 4, 0;
    %store/vec4a v000001b775cad3e0, 4, 0;
    %ix/load 4, 1, 0;
    %flag_set/imm 4, 0;
    %load/vec4a v000001b775cad700, 4;
    %ix/load 4, 0, 0;
    %flag_set/imm 4, 0;
    %store/vec4a v000001b775cad700, 4, 0;
    %ix/load 4, 2, 0;
    %flag_set/imm 4, 0;
    %load/vec4a v000001b775cad700, 4;
    %ix/load 4, 1, 0;
    %flag_set/imm 4, 0;
    %store/vec4a v000001b775cad700, 4, 0;
    %ix/load 4, 3, 0;
    %flag_set/imm 4, 0;
    %load/vec4a v000001b775cad700, 4;
    %ix/load 4, 2, 0;
    %flag_set/imm 4, 0;
    %store/vec4a v000001b775cad700, 4, 0;
    %pushi/vec4 0, 0, 2;
    %ix/load 4, 3, 0;
    %flag_set/imm 4, 0;
    %store/vec4a v000001b775cad700, 4, 0;
    %ix/load 4, 1, 0;
    %flag_set/imm 4, 0;
    %load/vec4a v000001b775cac580, 4;
    %ix/load 4, 0, 0;
    %flag_set/imm 4, 0;
    %store/vec4a v000001b775cac580, 4, 0;
    %ix/load 4, 2, 0;
    %flag_set/imm 4, 0;
    %load/vec4a v000001b775cac580, 4;
    %ix/load 4, 1, 0;
    %flag_set/imm 4, 0;
    %store/vec4a v000001b775cac580, 4, 0;
    %ix/load 4, 3, 0;
    %flag_set/imm 4, 0;
    %load/vec4a v000001b775cac580, 4;
    %ix/load 4, 2, 0;
    %flag_set/imm 4, 0;
    %store/vec4a v000001b775cac580, 4, 0;
    %pushi/vec4 0, 0, 1;
    %ix/load 4, 3, 0;
    %flag_set/imm 4, 0;
    %store/vec4a v000001b775cac580, 4, 0;
    %load/vec4 v000001b775b3c6f0_0;
    %store/vec4 v000001b775b3c1f0_0, 0, 2;
    %load/vec4 v000001b775b3c150_0;
    %store/vec4 v000001b775b3c6f0_0, 0, 2;
    %ix/load 4, 0, 0;
    %flag_set/imm 4, 0;
    %load/vec4a v000001b775cabc20, 4;
    %cmpi/e 1, 0, 1;
    %jmp/0xz  T_106.0, 6;
    %ix/load 4, 0, 0;
    %flag_set/imm 4, 0;
    %load/vec4a v000001b775b673e0, 4;
    %addi 1, 0, 32;
    %ix/load 4, 0, 0;
    %flag_set/imm 4, 0;
    %store/vec4a v000001b775b673e0, 4, 0;
T_106.0 ;
    %ix/load 4, 1, 0;
    %flag_set/imm 4, 0;
    %load/vec4a v000001b775cabc20, 4;
    %cmpi/e 1, 0, 1;
    %jmp/0xz  T_106.2, 6;
    %ix/load 4, 1, 0;
    %flag_set/imm 4, 0;
    %load/vec4a v000001b775b673e0, 4;
    %addi 1, 0, 32;
    %ix/load 4, 1, 0;
    %flag_set/imm 4, 0;
    %store/vec4a v000001b775b673e0, 4, 0;
T_106.2 ;
    %ix/load 4, 2, 0;
    %flag_set/imm 4, 0;
    %load/vec4a v000001b775cabc20, 4;
    %cmpi/e 1, 0, 1;
    %jmp/0xz  T_106.4, 6;
    %ix/load 4, 2, 0;
    %flag_set/imm 4, 0;
    %load/vec4a v000001b775b673e0, 4;
    %addi 1, 0, 32;
    %ix/load 4, 2, 0;
    %flag_set/imm 4, 0;
    %store/vec4a v000001b775b673e0, 4, 0;
T_106.4 ;
    %ix/load 4, 3, 0;
    %flag_set/imm 4, 0;
    %load/vec4a v000001b775cabc20, 4;
    %cmpi/e 1, 0, 1;
    %jmp/0xz  T_106.6, 6;
    %ix/load 4, 3, 0;
    %flag_set/imm 4, 0;
    %load/vec4a v000001b775b673e0, 4;
    %addi 1, 0, 32;
    %ix/load 4, 3, 0;
    %flag_set/imm 4, 0;
    %store/vec4a v000001b775b673e0, 4, 0;
T_106.6 ;
    %ix/load 4, 0, 0;
    %flag_set/imm 4, 0;
    %load/vec4a v000001b775c35550, 4;
    %cmpi/e 1, 0, 1;
    %jmp/0xz  T_106.8, 6;
    %ix/load 4, 0, 0;
    %flag_set/imm 4, 0;
    %load/vec4a v000001b775c35af0, 4;
    %addi 1, 0, 32;
    %ix/load 4, 0, 0;
    %flag_set/imm 4, 0;
    %store/vec4a v000001b775c35af0, 4, 0;
T_106.8 ;
    %ix/load 4, 1, 0;
    %flag_set/imm 4, 0;
    %load/vec4a v000001b775c35550, 4;
    %cmpi/e 1, 0, 1;
    %jmp/0xz  T_106.10, 6;
    %ix/load 4, 1, 0;
    %flag_set/imm 4, 0;
    %load/vec4a v000001b775c35af0, 4;
    %addi 1, 0, 32;
    %ix/load 4, 1, 0;
    %flag_set/imm 4, 0;
    %store/vec4a v000001b775c35af0, 4, 0;
T_106.10 ;
    %ix/load 4, 2, 0;
    %flag_set/imm 4, 0;
    %load/vec4a v000001b775c35550, 4;
    %cmpi/e 1, 0, 1;
    %jmp/0xz  T_106.12, 6;
    %ix/load 4, 2, 0;
    %flag_set/imm 4, 0;
    %load/vec4a v000001b775c35af0, 4;
    %addi 1, 0, 32;
    %ix/load 4, 2, 0;
    %flag_set/imm 4, 0;
    %store/vec4a v000001b775c35af0, 4, 0;
T_106.12 ;
    %ix/load 4, 3, 0;
    %flag_set/imm 4, 0;
    %load/vec4a v000001b775c35550, 4;
    %cmpi/e 1, 0, 1;
    %jmp/0xz  T_106.14, 6;
    %ix/load 4, 3, 0;
    %flag_set/imm 4, 0;
    %load/vec4a v000001b775c35af0, 4;
    %addi 1, 0, 32;
    %ix/load 4, 3, 0;
    %flag_set/imm 4, 0;
    %store/vec4a v000001b775c35af0, 4, 0;
T_106.14 ;
    %load/vec4 v000001b775b3cbf0_0;
    %addi 1, 0, 64;
    %store/vec4 v000001b775b3cbf0_0, 0, 64;
    %load/vec4 v000001b775cabe00_0;
    %cmpi/e 1, 0, 1;
    %jmp/0xz  T_106.16, 6;
    %load/vec4 v000001b775b66120_0;
    %flag_set/vec4 8;
    %jmp/0xz  T_106.18, 8;
    %vpi_call/w 4 268 "$display", "%m : at time %t AREF : Auto Refresh", $time {0 0 0};
T_106.18 ;
    %vpi_func 4 272 "$time" 64 {0 0 0};
    %load/vec4 v000001b775c364f0_0;
    %sub;
    %cvt/rv;
    %pushi/real 1107296256, 4072; load=66.0000
    %cmp/wr;
    %jmp/0xz  T_106.20, 5;
    %vpi_call/w 4 273 "$display", "%m : at time %t ERROR: tRFC violation during Auto Refresh", $time {0 0 0};
T_106.20 ;
    %vpi_func 4 277 "$time" 64 {0 0 0};
    %load/vec4 v000001b775c35870_0;
    %sub;
    %cvt/rv;
    %pushi/real 1342177280, 4070; load=20.0000
    %cmp/wr;
    %jmp/1 T_106.26, 5;
    %flag_mov 8, 5;
    %vpi_func 4 277 "$time" 64 {0 0 0};
    %load/vec4 v000001b775c34b50_0;
    %sub;
    %cvt/rv;
    %pushi/real 1342177280, 4070; load=20.0000
    %cmp/wr;
    %flag_or 5, 8;
T_106.26;
    %jmp/1 T_106.25, 5;
    %flag_mov 8, 5;
    %vpi_func 4 278 "$time" 64 {0 0 0};
    %load/vec4 v000001b775c34bf0_0;
    %sub;
    %cvt/rv;
    %pushi/real 1342177280, 4070; load=20.0000
    %cmp/wr;
    %flag_or 5, 8;
T_106.25;
    %jmp/1 T_106.24, 5;
    %flag_mov 8, 5;
    %vpi_func 4 278 "$time" 64 {0 0 0};
    %load/vec4 v000001b775c35190_0;
    %sub;
    %cvt/rv;
    %pushi/real 1342177280, 4070; load=20.0000
    %cmp/wr;
    %flag_or 5, 8;
T_106.24;
    %jmp/0xz  T_106.22, 5;
    %vpi_call/w 4 279 "$display", "%m : at time %t ERROR: tRP violation during Auto Refresh", $time {0 0 0};
T_106.22 ;
    %load/vec4 v000001b775b3cc90_0;
    %cmpi/e 0, 0, 1;
    %jmp/1 T_106.31, 6;
    %flag_mov 8, 6;
    %load/vec4 v000001b775b3d230_0;
    %cmpi/e 0, 0, 1;
    %flag_or 6, 8;
T_106.31;
    %jmp/1 T_106.30, 6;
    %flag_mov 8, 6;
    %load/vec4 v000001b775b3d410_0;
    %cmpi/e 0, 0, 1;
    %flag_or 6, 8;
T_106.30;
    %jmp/1 T_106.29, 6;
    %flag_mov 8, 6;
    %load/vec4 v000001b775b3d690_0;
    %cmpi/e 0, 0, 1;
    %flag_or 6, 8;
T_106.29;
    %jmp/0xz  T_106.27, 6;
    %vpi_call/w 4 284 "$display", "%m : at time %t ERROR: All banks must be Precharge before Auto Refresh", $time {0 0 0};
T_106.27 ;
    %load/vec4 v000001b775b3cbf0_0;
    %cvt/rv;
    %pushi/real 1073741824, 4067; load=2.00000
    %cmp/wr;
    %jmp/0xz  T_106.32, 5;
    %vpi_call/w 4 289 "$display", "%m : at time %t ERROR: tMRD violation during Auto Refresh", $time {0 0 0};
T_106.32 ;
    %vpi_func 4 293 "$time" 64 {0 0 0};
    %store/vec4 v000001b775c364f0_0, 0, 64;
T_106.16 ;
    %load/vec4 v000001b775b3daf0_0;
    %cmpi/e 1, 0, 1;
    %jmp/0xz  T_106.34, 6;
    %load/vec4 v000001b775caca80_0;
    %store/vec4 v000001b775b3dc30_0, 0, 13;
    %load/vec4 v000001b775b66120_0;
    %flag_set/vec4 8;
    %jmp/0xz  T_106.36, 8;
    %vpi_call/w 4 303 "$display", "%m : at time %t LMR  : Load Mode Register", $time {0 0 0};
    %load/vec4 v000001b775caca80_0;
    %parti/s 3, 4, 4;
    %dup/vec4;
    %pushi/vec4 2, 0, 3;
    %cmp/u;
    %jmp/1 T_106.38, 6;
    %dup/vec4;
    %pushi/vec4 3, 0, 3;
    %cmp/u;
    %jmp/1 T_106.39, 6;
    %vpi_call/w 4 308 "$display", "%m :                             CAS Latency      = Reserved" {0 0 0};
    %jmp T_106.41;
T_106.38 ;
    %vpi_call/w 4 306 "$display", "%m :                             CAS Latency      = 2" {0 0 0};
    %jmp T_106.41;
T_106.39 ;
    %vpi_call/w 4 307 "$display", "%m :                             CAS Latency      = 3" {0 0 0};
    %jmp T_106.41;
T_106.41 ;
    %pop/vec4 1;
    %load/vec4 v000001b775caca80_0;
    %parti/s 3, 0, 2;
    %dup/vec4;
    %pushi/vec4 0, 0, 3;
    %cmp/u;
    %jmp/1 T_106.42, 6;
    %dup/vec4;
    %pushi/vec4 1, 0, 3;
    %cmp/u;
    %jmp/1 T_106.43, 6;
    %dup/vec4;
    %pushi/vec4 2, 0, 3;
    %cmp/u;
    %jmp/1 T_106.44, 6;
    %dup/vec4;
    %pushi/vec4 3, 0, 3;
    %cmp/u;
    %jmp/1 T_106.45, 6;
    %dup/vec4;
    %pushi/vec4 7, 0, 3;
    %cmp/u;
    %jmp/1 T_106.46, 6;
    %vpi_call/w 4 318 "$display", "%m :                             Burst Length     = Reserved" {0 0 0};
    %jmp T_106.48;
T_106.42 ;
    %vpi_call/w 4 313 "$display", "%m :                             Burst Length     = 1" {0 0 0};
    %jmp T_106.48;
T_106.43 ;
    %vpi_call/w 4 314 "$display", "%m :                             Burst Length     = 2" {0 0 0};
    %jmp T_106.48;
T_106.44 ;
    %vpi_call/w 4 315 "$display", "%m :                             Burst Length     = 4" {0 0 0};
    %jmp T_106.48;
T_106.45 ;
    %vpi_call/w 4 316 "$display", "%m :                             Burst Length     = 8" {0 0 0};
    %jmp T_106.48;
T_106.46 ;
    %vpi_call/w 4 317 "$display", "%m :                             Burst Length     = Full" {0 0 0};
    %jmp T_106.48;
T_106.48 ;
    %pop/vec4 1;
    %load/vec4 v000001b775caca80_0;
    %parti/s 1, 3, 3;
    %cmpi/e 0, 0, 1;
    %jmp/0xz  T_106.49, 6;
    %vpi_call/w 4 323 "$display", "%m :                             Burst Type       = Sequential" {0 0 0};
    %jmp T_106.50;
T_106.49 ;
    %load/vec4 v000001b775caca80_0;
    %parti/s 1, 3, 3;
    %cmpi/e 1, 0, 1;
    %jmp/0xz  T_106.51, 6;
    %vpi_call/w 4 325 "$display", "%m :                             Burst Type       = Interleaved" {0 0 0};
    %jmp T_106.52;
T_106.51 ;
    %vpi_call/w 4 327 "$display", "%m :                             Burst Type       = Reserved" {0 0 0};
T_106.52 ;
T_106.50 ;
    %load/vec4 v000001b775caca80_0;
    %parti/s 1, 9, 5;
    %cmpi/e 0, 0, 1;
    %jmp/0xz  T_106.53, 6;
    %vpi_call/w 4 332 "$display", "%m :                             Write Burst Mode = Programmed Burst Length" {0 0 0};
    %jmp T_106.54;
T_106.53 ;
    %load/vec4 v000001b775caca80_0;
    %parti/s 1, 9, 5;
    %cmpi/e 1, 0, 1;
    %jmp/0xz  T_106.55, 6;
    %vpi_call/w 4 334 "$display", "%m :                             Write Burst Mode = Single Location Access" {0 0 0};
    %jmp T_106.56;
T_106.55 ;
    %vpi_call/w 4 336 "$display", "%m :                             Write Burst Mode = Reserved" {0 0 0};
T_106.56 ;
T_106.54 ;
T_106.36 ;
    %load/vec4 v000001b775b3cc90_0;
    %cmpi/e 0, 0, 1;
    %flag_get/vec4 6;
    %jmp/0 T_106.61, 6;
    %load/vec4 v000001b775b3d230_0;
    %pushi/vec4 0, 0, 1;
    %cmp/e;
    %flag_get/vec4 6;
    %and;
T_106.61;
    %flag_set/vec4 10;
    %flag_get/vec4 10;
    %jmp/0 T_106.60, 10;
    %load/vec4 v000001b775b3d410_0;
    %pushi/vec4 0, 0, 1;
    %cmp/e;
    %flag_get/vec4 6;
    %and;
T_106.60;
    %flag_set/vec4 9;
    %flag_get/vec4 9;
    %jmp/0 T_106.59, 9;
    %load/vec4 v000001b775b3d690_0;
    %pushi/vec4 0, 0, 1;
    %cmp/e;
    %flag_get/vec4 6;
    %and;
T_106.59;
    %flag_set/vec4 8;
    %jmp/0xz  T_106.57, 8;
    %vpi_call/w 4 342 "$display", "%m : at time %t ERROR: all banks must be Precharge before Load Mode Register", $time {0 0 0};
T_106.57 ;
    %vpi_func 4 346 "$time" 64 {0 0 0};
    %load/vec4 v000001b775c35870_0;
    %sub;
    %cvt/rv;
    %pushi/real 1342177280, 4070; load=20.0000
    %cmp/wr;
    %jmp/1 T_106.66, 5;
    %flag_mov 8, 5;
    %vpi_func 4 346 "$time" 64 {0 0 0};
    %load/vec4 v000001b775c34b50_0;
    %sub;
    %cvt/rv;
    %pushi/real 1342177280, 4070; load=20.0000
    %cmp/wr;
    %flag_or 5, 8;
T_106.66;
    %jmp/1 T_106.65, 5;
    %flag_mov 8, 5;
    %vpi_func 4 347 "$time" 64 {0 0 0};
    %load/vec4 v000001b775c34bf0_0;
    %sub;
    %cvt/rv;
    %pushi/real 1342177280, 4070; load=20.0000
    %cmp/wr;
    %flag_or 5, 8;
T_106.65;
    %jmp/1 T_106.64, 5;
    %flag_mov 8, 5;
    %vpi_func 4 347 "$time" 64 {0 0 0};
    %load/vec4 v000001b775c35190_0;
    %sub;
    %cvt/rv;
    %pushi/real 1342177280, 4070; load=20.0000
    %cmp/wr;
    %flag_or 5, 8;
T_106.64;
    %jmp/0xz  T_106.62, 5;
    %vpi_call/w 4 348 "$display", "%m : at time %t ERROR: tRP violation during Load Mode Register", $time {0 0 0};
T_106.62 ;
    %vpi_func 4 352 "$time" 64 {0 0 0};
    %load/vec4 v000001b775c364f0_0;
    %sub;
    %cvt/rv;
    %pushi/real 1107296256, 4072; load=66.0000
    %cmp/wr;
    %jmp/0xz  T_106.67, 5;
    %vpi_call/w 4 353 "$display", "%m : at time %t ERROR: tRFC violation during Load Mode Register", $time {0 0 0};
T_106.67 ;
    %load/vec4 v000001b775b3cbf0_0;
    %cvt/rv;
    %pushi/real 1073741824, 4067; load=2.00000
    %cmp/wr;
    %jmp/0xz  T_106.69, 5;
    %vpi_call/w 4 358 "$display", "%m : at time %t ERROR: tMRD violation during Load Mode Register", $time {0 0 0};
T_106.69 ;
    %pushi/vec4 0, 0, 64;
    %store/vec4 v000001b775b3cbf0_0, 0, 64;
T_106.34 ;
    %load/vec4 v000001b775cad0c0_0;
    %cmpi/e 1, 0, 1;
    %jmp/0xz  T_106.71, 6;
    %load/vec4 v000001b775cac080_0;
    %cmpi/e 0, 0, 2;
    %flag_get/vec4 6;
    %jmp/0 T_106.78, 6;
    %load/vec4 v000001b775cac760_0;
    %pushi/vec4 1, 0, 1;
    %cmp/e;
    %flag_get/vec4 6;
    %and;
T_106.78;
    %flag_set/vec4 8;
    %jmp/1 T_106.77, 8;
    %load/vec4 v000001b775cac080_0;
    %cmpi/e 1, 0, 2;
    %flag_get/vec4 6;
    %jmp/0 T_106.79, 6;
    %load/vec4 v000001b775cacee0_0;
    %pushi/vec4 1, 0, 1;
    %cmp/e;
    %flag_get/vec4 6;
    %and;
T_106.79;
    %flag_set/vec4 9;
    %flag_or 8, 9;
T_106.77;
    %jmp/1 T_106.76, 8;
    %load/vec4 v000001b775cac080_0;
    %cmpi/e 2, 0, 2;
    %flag_get/vec4 6;
    %jmp/0 T_106.80, 6;
    %load/vec4 v000001b775cabae0_0;
    %pushi/vec4 1, 0, 1;
    %cmp/e;
    %flag_get/vec4 6;
    %and;
T_106.80;
    %flag_set/vec4 9;
    %flag_or 8, 9;
T_106.76;
    %jmp/1 T_106.75, 8;
    %load/vec4 v000001b775cac080_0;
    %cmpi/e 3, 0, 2;
    %flag_get/vec4 6;
    %jmp/0 T_106.81, 6;
    %load/vec4 v000001b775cabb80_0;
    %pushi/vec4 1, 0, 1;
    %cmp/e;
    %flag_get/vec4 6;
    %and;
T_106.81;
    %flag_set/vec4 9;
    %flag_or 8, 9;
T_106.75;
    %jmp/0xz  T_106.73, 8;
    %vpi_call/w 4 370 "$display", "%m : at time %t ERROR: Bank already activated -- data can be corrupted", $time {0 0 0};
T_106.73 ;
    %load/vec4 v000001b775cac080_0;
    %cmpi/e 0, 0, 2;
    %flag_get/vec4 6;
    %jmp/0 T_106.84, 6;
    %load/vec4 v000001b775b3cc90_0;
    %pushi/vec4 1, 0, 1;
    %cmp/e;
    %flag_get/vec4 6;
    %and;
T_106.84;
    %flag_set/vec4 8;
    %jmp/0xz  T_106.82, 8;
    %load/vec4 v000001b775b66120_0;
    %flag_set/vec4 8;
    %jmp/0xz  T_106.85, 8;
    %vpi_call/w 4 377 "$display", "%m : at time %t ACT  : Bank = 0 Row = %d", $time, v000001b775caca80_0 {0 0 0};
T_106.85 ;
    %vpi_func 4 381 "$time" 64 {0 0 0};
    %load/vec4 v000001b775c11f10_0;
    %sub;
    %cvt/rv;
    %pushi/real 1107296256, 4072; load=66.0000
    %cmp/wr;
    %jmp/0xz  T_106.87, 5;
    %vpi_call/w 4 382 "$display", "%m : at time %t ERROR: tRC violation during Activate bank 0", $time {0 0 0};
T_106.87 ;
    %vpi_func 4 386 "$time" 64 {0 0 0};
    %load/vec4 v000001b775c35870_0;
    %sub;
    %cvt/rv;
    %pushi/real 1342177280, 4070; load=20.0000
    %cmp/wr;
    %jmp/0xz  T_106.89, 5;
    %vpi_call/w 4 387 "$display", "%m : at time %t ERROR: tRP violation during Activate bank 0", $time {0 0 0};
T_106.89 ;
    %pushi/vec4 1, 0, 1;
    %store/vec4 v000001b775cac760_0, 0, 1;
    %pushi/vec4 0, 0, 1;
    %store/vec4 v000001b775b3cc90_0, 0, 1;
    %load/vec4 v000001b775caca80_0;
    %store/vec4 v000001b775cac8a0_0, 0, 13;
    %vpi_func 4 394 "$time" 64 {0 0 0};
    %store/vec4 v000001b775c11330_0, 0, 64;
    %vpi_func 4 395 "$time" 64 {0 0 0};
    %store/vec4 v000001b775c11f10_0, 0, 64;
    %vpi_func 4 396 "$time" 64 {0 0 0};
    %store/vec4 v000001b775c10c50_0, 0, 64;
T_106.82 ;
    %load/vec4 v000001b775cac080_0;
    %cmpi/e 1, 0, 2;
    %flag_get/vec4 4;
    %jmp/0 T_106.93, 4;
    %load/vec4 v000001b775b3d230_0;
    %pushi/vec4 1, 0, 1;
    %cmp/e;
    %flag_get/vec4 4;
    %and;
T_106.93;
    %flag_set/vec4 8;
    %jmp/0xz  T_106.91, 8;
    %load/vec4 v000001b775b66120_0;
    %flag_set/vec4 8;
    %jmp/0xz  T_106.94, 8;
    %vpi_call/w 4 402 "$display", "%m : at time %t ACT  : Bank = 1 Row = %d", $time, v000001b775caca80_0 {0 0 0};
T_106.94 ;
    %vpi_func 4 406 "$time" 64 {0 0 0};
    %load/vec4 v000001b775c102f0_0;
    %sub;
    %cvt/rv;
    %pushi/real 1107296256, 4072; load=66.0000
    %cmp/wr;
    %jmp/0xz  T_106.96, 5;
    %vpi_call/w 4 407 "$display", "%m : at time %t ERROR: tRC violation during Activate bank 1", $time {0 0 0};
T_106.96 ;
    %vpi_func 4 411 "$time" 64 {0 0 0};
    %load/vec4 v000001b775c34b50_0;
    %sub;
    %cvt/rv;
    %pushi/real 1342177280, 4070; load=20.0000
    %cmp/wr;
    %jmp/0xz  T_106.98, 5;
    %vpi_call/w 4 412 "$display", "%m : at time %t ERROR: tRP violation during Activate bank 1", $time {0 0 0};
T_106.98 ;
    %pushi/vec4 1, 0, 1;
    %store/vec4 v000001b775cacee0_0, 0, 1;
    %pushi/vec4 0, 0, 1;
    %store/vec4 v000001b775b3d230_0, 0, 1;
    %load/vec4 v000001b775caca80_0;
    %store/vec4 v000001b775cad020_0, 0, 13;
    %vpi_func 4 419 "$time" 64 {0 0 0};
    %store/vec4 v000001b775c11650_0, 0, 64;
    %vpi_func 4 420 "$time" 64 {0 0 0};
    %store/vec4 v000001b775c102f0_0, 0, 64;
    %vpi_func 4 421 "$time" 64 {0 0 0};
    %store/vec4 v000001b775c11b50_0, 0, 64;
T_106.91 ;
    %load/vec4 v000001b775cac080_0;
    %cmpi/e 2, 0, 2;
    %flag_get/vec4 4;
    %jmp/0 T_106.102, 4;
    %load/vec4 v000001b775b3d410_0;
    %pushi/vec4 1, 0, 1;
    %cmp/e;
    %flag_get/vec4 4;
    %and;
T_106.102;
    %flag_set/vec4 8;
    %jmp/0xz  T_106.100, 8;
    %load/vec4 v000001b775b66120_0;
    %flag_set/vec4 8;
    %jmp/0xz  T_106.103, 8;
    %vpi_call/w 4 427 "$display", "%m : at time %t ACT  : Bank = 2 Row = %d", $time, v000001b775caca80_0 {0 0 0};
T_106.103 ;
    %vpi_func 4 431 "$time" 64 {0 0 0};
    %load/vec4 v000001b775c10930_0;
    %sub;
    %cvt/rv;
    %pushi/real 1107296256, 4072; load=66.0000
    %cmp/wr;
    %jmp/0xz  T_106.105, 5;
    %vpi_call/w 4 432 "$display", "%m : at time %t ERROR: tRC violation during Activate bank 2", $time {0 0 0};
T_106.105 ;
    %vpi_func 4 436 "$time" 64 {0 0 0};
    %load/vec4 v000001b775c34bf0_0;
    %sub;
    %cvt/rv;
    %pushi/real 1342177280, 4070; load=20.0000
    %cmp/wr;
    %jmp/0xz  T_106.107, 5;
    %vpi_call/w 4 437 "$display", "%m : at time %t ERROR: tRP violation during Activate bank 2", $time {0 0 0};
T_106.107 ;
    %pushi/vec4 1, 0, 1;
    %store/vec4 v000001b775cabae0_0, 0, 1;
    %pushi/vec4 0, 0, 1;
    %store/vec4 v000001b775b3d410_0, 0, 1;
    %load/vec4 v000001b775caca80_0;
    %store/vec4 v000001b775cabcc0_0, 0, 13;
    %vpi_func 4 444 "$time" 64 {0 0 0};
    %store/vec4 v000001b775c10d90_0, 0, 64;
    %vpi_func 4 445 "$time" 64 {0 0 0};
    %store/vec4 v000001b775c10930_0, 0, 64;
    %vpi_func 4 446 "$time" 64 {0 0 0};
    %store/vec4 v000001b775c113d0_0, 0, 64;
T_106.100 ;
    %load/vec4 v000001b775cac080_0;
    %cmpi/e 3, 0, 2;
    %flag_get/vec4 4;
    %jmp/0 T_106.111, 4;
    %load/vec4 v000001b775b3d690_0;
    %pushi/vec4 1, 0, 1;
    %cmp/e;
    %flag_get/vec4 4;
    %and;
T_106.111;
    %flag_set/vec4 8;
    %jmp/0xz  T_106.109, 8;
    %load/vec4 v000001b775b66120_0;
    %flag_set/vec4 8;
    %jmp/0xz  T_106.112, 8;
    %vpi_call/w 4 452 "$display", "%m : at time %t ACT  : Bank = 3 Row = %d", $time, v000001b775caca80_0 {0 0 0};
T_106.112 ;
    %vpi_func 4 456 "$time" 64 {0 0 0};
    %load/vec4 v000001b775c35690_0;
    %sub;
    %cvt/rv;
    %pushi/real 1107296256, 4072; load=66.0000
    %cmp/wr;
    %jmp/0xz  T_106.114, 5;
    %vpi_call/w 4 457 "$display", "%m : at time %t ERROR: tRC violation during Activate bank 3", $time {0 0 0};
T_106.114 ;
    %vpi_func 4 461 "$time" 64 {0 0 0};
    %load/vec4 v000001b775c35190_0;
    %sub;
    %cvt/rv;
    %pushi/real 1342177280, 4070; load=20.0000
    %cmp/wr;
    %jmp/0xz  T_106.116, 5;
    %vpi_call/w 4 462 "$display", "%m : at time %t ERROR: tRP violation during Activate bank 3", $time {0 0 0};
T_106.116 ;
    %pushi/vec4 1, 0, 1;
    %store/vec4 v000001b775cabb80_0, 0, 1;
    %pushi/vec4 0, 0, 1;
    %store/vec4 v000001b775b3d690_0, 0, 1;
    %load/vec4 v000001b775caca80_0;
    %store/vec4 v000001b775cad340_0, 0, 13;
    %vpi_func 4 469 "$time" 64 {0 0 0};
    %store/vec4 v000001b775c11790_0, 0, 64;
    %vpi_func 4 470 "$time" 64 {0 0 0};
    %store/vec4 v000001b775c35690_0, 0, 64;
    %vpi_func 4 471 "$time" 64 {0 0 0};
    %store/vec4 v000001b775c11bf0_0, 0, 64;
T_106.109 ;
    %load/vec4 v000001b775c115b0_0;
    %load/vec4 v000001b775cac080_0;
    %cmp/ne;
    %flag_get/vec4 4;
    %jmp/0 T_106.120, 4;
    %vpi_func 4 475 "$time" 64 {0 0 0};
    %load/vec4 v000001b775c35370_0;
    %sub;
    %cvt/rv;
    %pushi/real 1073741824, 4067; load=2.00000
    %cmp/wr;
    %flag_get/vec4 5;
    %and;
T_106.120;
    %flag_set/vec4 8;
    %jmp/0xz  T_106.118, 8;
    %vpi_call/w 4 476 "$display", "%m : at time %t ERROR: tRRD violation during Activate bank = %d", $time, v000001b775cac080_0 {0 0 0};
T_106.118 ;
    %vpi_func 4 480 "$time" 64 {0 0 0};
    %load/vec4 v000001b775c364f0_0;
    %sub;
    %cvt/rv;
    %pushi/real 1107296256, 4072; load=66.0000
    %cmp/wr;
    %jmp/0xz  T_106.121, 5;
    %vpi_call/w 4 481 "$display", "%m : at time %t ERROR: tRFC violation during Activate bank = %d", $time, v000001b775cac080_0 {0 0 0};
T_106.121 ;
    %load/vec4 v000001b775b3cbf0_0;
    %cvt/rv;
    %pushi/real 1073741824, 4067; load=2.00000
    %cmp/wr;
    %jmp/0xz  T_106.123, 5;
    %vpi_call/w 4 486 "$display", "%m : at time %t ERROR: tMRD violation during Activate bank = %d", $time, v000001b775cac080_0 {0 0 0};
T_106.123 ;
    %vpi_func 4 490 "$time" 64 {0 0 0};
    %store/vec4 v000001b775c35370_0, 0, 64;
    %load/vec4 v000001b775cac080_0;
    %store/vec4 v000001b775c115b0_0, 0, 2;
T_106.71 ;
    %load/vec4 v000001b775b3d870_0;
    %cmpi/e 1, 0, 1;
    %jmp/0xz  T_106.125, 4;
    %vpi_func 4 497 "$time" 64 {0 0 0};
    %load/vec4 v000001b775b3cbf0_0;
    %sub;
    %cvt/rv;
    %pushi/real 1073741824, 4067; load=2.00000
    %cmp/wr;
    %jmp/0xz  T_106.127, 5;
    %vpi_call/w 4 498 "$display", "%m : at time %t ERROR: tMRD violaiton during Precharge", $time {0 0 0};
T_106.127 ;
    %load/vec4 v000001b775caca80_0;
    %parti/s 1, 10, 5;
    %cmpi/e 1, 0, 1;
    %jmp/1 T_106.132, 6;
    %flag_mov 9, 6;
    %load/vec4 v000001b775caca80_0;
    %parti/s 1, 10, 5;
    %cmpi/e 0, 0, 1;
    %flag_get/vec4 6;
    %jmp/0 T_106.133, 6;
    %load/vec4 v000001b775cac080_0;
    %pushi/vec4 0, 0, 2;
    %cmp/e;
    %flag_get/vec4 6;
    %and;
T_106.133;
    %flag_set/vec4 10;
    %flag_or 10, 9;
    %flag_mov 6, 10;
T_106.132;
    %flag_get/vec4 6;
    %jmp/0 T_106.131, 6;
    %load/vec4 v000001b775cac760_0;
    %pushi/vec4 1, 0, 1;
    %cmp/e;
    %flag_get/vec4 6;
    %and;
T_106.131;
    %flag_set/vec4 8;
    %jmp/0xz  T_106.129, 8;
    %pushi/vec4 0, 0, 1;
    %store/vec4 v000001b775cac760_0, 0, 1;
    %pushi/vec4 1, 0, 1;
    %store/vec4 v000001b775b3cc90_0, 0, 1;
    %vpi_func 4 505 "$time" 64 {0 0 0};
    %store/vec4 v000001b775c35870_0, 0, 64;
    %vpi_func 4 508 "$time" 64 {0 0 0};
    %load/vec4 v000001b775c11330_0;
    %sub;
    %cvt/rv;
    %pushi/real 1476395008, 4071; load=44.0000
    %cmp/wr;
    %jmp/0xz  T_106.134, 5;
    %vpi_call/w 4 509 "$display", "%m : at time %t ERROR: tRAS violation during Precharge", $time {0 0 0};
T_106.134 ;
    %vpi_func 4 513 "$time" 64 {0 0 0};
    %ix/load 4, 0, 0;
    %flag_set/imm 4, 0;
    %load/vec4a v000001b77570ab00, 4;
    %sub;
    %cvt/rv;
    %pushi/real 2013265920, 4069; load=15.0000
    %cmp/wr;
    %jmp/0xz  T_106.136, 5;
    %vpi_call/w 4 514 "$display", "%m : at time %t ERROR: tWR violation during Precharge", $time {0 0 0};
T_106.136 ;
T_106.129 ;
    %load/vec4 v000001b775caca80_0;
    %parti/s 1, 10, 5;
    %cmpi/e 1, 0, 1;
    %jmp/1 T_106.141, 6;
    %flag_mov 9, 6;
    %load/vec4 v000001b775caca80_0;
    %parti/s 1, 10, 5;
    %cmpi/e 0, 0, 1;
    %flag_get/vec4 6;
    %jmp/0 T_106.142, 6;
    %load/vec4 v000001b775cac080_0;
    %pushi/vec4 1, 0, 2;
    %cmp/e;
    %flag_get/vec4 6;
    %and;
T_106.142;
    %flag_set/vec4 10;
    %flag_or 10, 9;
    %flag_mov 6, 10;
T_106.141;
    %flag_get/vec4 6;
    %jmp/0 T_106.140, 6;
    %load/vec4 v000001b775cacee0_0;
    %pushi/vec4 1, 0, 1;
    %cmp/e;
    %flag_get/vec4 6;
    %and;
T_106.140;
    %flag_set/vec4 8;
    %jmp/0xz  T_106.138, 8;
    %pushi/vec4 0, 0, 1;
    %store/vec4 v000001b775cacee0_0, 0, 1;
    %pushi/vec4 1, 0, 1;
    %store/vec4 v000001b775b3d230_0, 0, 1;
    %vpi_func 4 522 "$time" 64 {0 0 0};
    %store/vec4 v000001b775c34b50_0, 0, 64;
    %vpi_func 4 525 "$time" 64 {0 0 0};
    %load/vec4 v000001b775c11650_0;
    %sub;
    %cvt/rv;
    %pushi/real 1476395008, 4071; load=44.0000
    %cmp/wr;
    %jmp/0xz  T_106.143, 5;
    %vpi_call/w 4 526 "$display", "%m : at time %t ERROR: tRAS violation during Precharge", $time {0 0 0};
T_106.143 ;
    %vpi_func 4 530 "$time" 64 {0 0 0};
    %ix/load 4, 1, 0;
    %flag_set/imm 4, 0;
    %load/vec4a v000001b77570ab00, 4;
    %sub;
    %cvt/rv;
    %pushi/real 2013265920, 4069; load=15.0000
    %cmp/wr;
    %jmp/0xz  T_106.145, 5;
    %vpi_call/w 4 531 "$display", "%m : at time %t ERROR: tWR violation during Precharge", $time {0 0 0};
T_106.145 ;
T_106.138 ;
    %load/vec4 v000001b775caca80_0;
    %parti/s 1, 10, 5;
    %cmpi/e 1, 0, 1;
    %jmp/1 T_106.150, 6;
    %flag_mov 9, 6;
    %load/vec4 v000001b775caca80_0;
    %parti/s 1, 10, 5;
    %cmpi/e 0, 0, 1;
    %flag_get/vec4 6;
    %jmp/0 T_106.151, 6;
    %load/vec4 v000001b775cac080_0;
    %pushi/vec4 2, 0, 2;
    %cmp/e;
    %flag_get/vec4 6;
    %and;
T_106.151;
    %flag_set/vec4 10;
    %flag_or 10, 9;
    %flag_mov 6, 10;
T_106.150;
    %flag_get/vec4 6;
    %jmp/0 T_106.149, 6;
    %load/vec4 v000001b775cabae0_0;
    %pushi/vec4 1, 0, 1;
    %cmp/e;
    %flag_get/vec4 6;
    %and;
T_106.149;
    %flag_set/vec4 8;
    %jmp/0xz  T_106.147, 8;
    %pushi/vec4 0, 0, 1;
    %store/vec4 v000001b775cabae0_0, 0, 1;
    %pushi/vec4 1, 0, 1;
    %store/vec4 v000001b775b3d410_0, 0, 1;
    %vpi_func 4 539 "$time" 64 {0 0 0};
    %store/vec4 v000001b775c34bf0_0, 0, 64;
    %vpi_func 4 542 "$time" 64 {0 0 0};
    %load/vec4 v000001b775c10d90_0;
    %sub;
    %cvt/rv;
    %pushi/real 1476395008, 4071; load=44.0000
    %cmp/wr;
    %jmp/0xz  T_106.152, 5;
    %vpi_call/w 4 543 "$display", "%m : at time %t ERROR: tRAS violation during Precharge", $time {0 0 0};
T_106.152 ;
    %vpi_func 4 547 "$time" 64 {0 0 0};
    %ix/load 4, 2, 0;
    %flag_set/imm 4, 0;
    %load/vec4a v000001b77570ab00, 4;
    %sub;
    %cvt/rv;
    %pushi/real 2013265920, 4069; load=15.0000
    %cmp/wr;
    %jmp/0xz  T_106.154, 5;
    %vpi_call/w 4 548 "$display", "%m : at time %t ERROR: tWR violation during Precharge", $time {0 0 0};
T_106.154 ;
T_106.147 ;
    %load/vec4 v000001b775caca80_0;
    %parti/s 1, 10, 5;
    %cmpi/e 1, 0, 1;
    %jmp/1 T_106.159, 6;
    %flag_mov 9, 6;
    %load/vec4 v000001b775caca80_0;
    %parti/s 1, 10, 5;
    %cmpi/e 0, 0, 1;
    %flag_get/vec4 6;
    %jmp/0 T_106.160, 6;
    %load/vec4 v000001b775cac080_0;
    %pushi/vec4 3, 0, 2;
    %cmp/e;
    %flag_get/vec4 6;
    %and;
T_106.160;
    %flag_set/vec4 10;
    %flag_or 10, 9;
    %flag_mov 6, 10;
T_106.159;
    %flag_get/vec4 6;
    %jmp/0 T_106.158, 6;
    %load/vec4 v000001b775cabb80_0;
    %pushi/vec4 1, 0, 1;
    %cmp/e;
    %flag_get/vec4 6;
    %and;
T_106.158;
    %flag_set/vec4 8;
    %jmp/0xz  T_106.156, 8;
    %pushi/vec4 0, 0, 1;
    %store/vec4 v000001b775cabb80_0, 0, 1;
    %pushi/vec4 1, 0, 1;
    %store/vec4 v000001b775b3d690_0, 0, 1;
    %vpi_func 4 556 "$time" 64 {0 0 0};
    %store/vec4 v000001b775c35190_0, 0, 64;
    %vpi_func 4 559 "$time" 64 {0 0 0};
    %load/vec4 v000001b775c11790_0;
    %sub;
    %cvt/rv;
    %pushi/real 1476395008, 4071; load=44.0000
    %cmp/wr;
    %jmp/0xz  T_106.161, 5;
    %vpi_call/w 4 560 "$display", "%m : at time %t ERROR: tRAS violation during Precharge", $time {0 0 0};
T_106.161 ;
    %vpi_func 4 564 "$time" 64 {0 0 0};
    %ix/load 4, 3, 0;
    %flag_set/imm 4, 0;
    %load/vec4a v000001b77570ab00, 4;
    %sub;
    %cvt/rv;
    %pushi/real 2013265920, 4069; load=15.0000
    %cmp/wr;
    %jmp/0xz  T_106.163, 5;
    %vpi_call/w 4 565 "$display", "%m : at time %t ERROR: tWR violation during Precharge", $time {0 0 0};
T_106.163 ;
T_106.156 ;
    %load/vec4 v000001b775b67480_0;
    %cmpi/e 1, 0, 1;
    %flag_get/vec4 4;
    %jmp/0 T_106.168, 4;
    %load/vec4 v000001b775cabd60_0;
    %load/vec4 v000001b775cac080_0;
    %cmp/e;
    %flag_get/vec4 4;
    %and;
T_106.168;
    %flag_set/vec4 9;
    %flag_get/vec4 9;
    %jmp/0 T_106.167, 9;
    %load/vec4 v000001b775b3c150_0;
    %and/r;
    %inv;
    %and;
T_106.167;
    %flag_set/vec4 8;
    %jmp/0xz  T_106.165, 8;
    %vpi_call/w 4 571 "$display", "%m : at time %t ERROR: DQM not asserted during Precharge truncation", $time {0 0 0};
T_106.165 ;
    %load/vec4 v000001b775b67480_0;
    %cmpi/e 1, 0, 1;
    %flag_get/vec4 6;
    %jmp/0 T_106.171, 6;
    %load/vec4 v000001b775cabd60_0;
    %load/vec4 v000001b775cac080_0;
    %cmp/e;
    %flag_get/vec4 6;
    %jmp/1 T_106.172, 6;
    %load/vec4 v000001b775caca80_0;
    %parti/s 1, 10, 5;
    %pushi/vec4 1, 0, 1;
    %cmp/e;
    %flag_get/vec4 6;
    %or;
T_106.172;
    %and;
T_106.171;
    %flag_set/vec4 8;
    %jmp/0xz  T_106.169, 8;
    %pushi/vec4 0, 0, 1;
    %store/vec4 v000001b775b67480_0, 0, 1;
T_106.169 ;
    %pushi/vec4 4, 0, 4;
    %load/vec4 v000001b775b66760_0;
    %pad/u 32;
    %subi 1, 0, 32;
    %ix/vec4 4;
    %store/vec4a v000001b775b67980, 4, 0;
    %load/vec4 v000001b775cac080_0;
    %load/vec4 v000001b775b66760_0;
    %pad/u 32;
    %subi 1, 0, 32;
    %ix/vec4 4;
    %store/vec4a v000001b775cad700, 4, 0;
    %load/vec4 v000001b775caca80_0;
    %parti/s 1, 10, 5;
    %load/vec4 v000001b775b66760_0;
    %pad/u 32;
    %subi 1, 0, 32;
    %ix/vec4 4;
    %store/vec4a v000001b775cac580, 4, 0;
T_106.125 ;
    %load/vec4 v000001b775b66d00_0;
    %cmpi/e 1, 0, 1;
    %jmp/0xz  T_106.173, 6;
    %load/vec4 v000001b775b67480_0;
    %cmpi/e 1, 0, 1;
    %jmp/0xz  T_106.175, 4;
    %pushi/vec4 0, 0, 1;
    %store/vec4 v000001b775b67480_0, 0, 1;
T_106.175 ;
    %pushi/vec4 6, 0, 4;
    %load/vec4 v000001b775b66760_0;
    %pad/u 32;
    %subi 1, 0, 32;
    %ix/vec4 4;
    %store/vec4a v000001b775b67980, 4, 0;
    %load/vec4 v000001b775b66120_0;
    %flag_set/vec4 8;
    %jmp/0xz  T_106.177, 8;
    %vpi_call/w 4 597 "$display", "%m : at time %t BST  : Burst Terminate", $time {0 0 0};
T_106.177 ;
T_106.173 ;
    %load/vec4 v000001b77570af60_0;
    %cmpi/e 1, 0, 1;
    %jmp/0xz  T_106.179, 6;
    %load/vec4 v000001b775cac080_0;
    %cmpi/e 0, 0, 2;
    %flag_get/vec4 4;
    %jmp/0 T_106.186, 4;
    %load/vec4 v000001b775b3cc90_0;
    %pushi/vec4 1, 0, 1;
    %cmp/e;
    %flag_get/vec4 4;
    %and;
T_106.186;
    %flag_set/vec4 8;
    %jmp/1 T_106.185, 8;
    %load/vec4 v000001b775cac080_0;
    %cmpi/e 1, 0, 2;
    %flag_get/vec4 4;
    %jmp/0 T_106.187, 4;
    %load/vec4 v000001b775b3d230_0;
    %pushi/vec4 1, 0, 1;
    %cmp/e;
    %flag_get/vec4 4;
    %and;
T_106.187;
    %flag_set/vec4 9;
    %flag_or 8, 9;
T_106.185;
    %jmp/1 T_106.184, 8;
    %load/vec4 v000001b775cac080_0;
    %cmpi/e 2, 0, 2;
    %flag_get/vec4 4;
    %jmp/0 T_106.188, 4;
    %load/vec4 v000001b775b3d410_0;
    %pushi/vec4 1, 0, 1;
    %cmp/e;
    %flag_get/vec4 4;
    %and;
T_106.188;
    %flag_set/vec4 9;
    %flag_or 8, 9;
T_106.184;
    %jmp/1 T_106.183, 8;
    %load/vec4 v000001b775cac080_0;
    %cmpi/e 3, 0, 2;
    %flag_get/vec4 4;
    %jmp/0 T_106.189, 4;
    %load/vec4 v000001b775b3d690_0;
    %pushi/vec4 1, 0, 1;
    %cmp/e;
    %flag_get/vec4 4;
    %and;
T_106.189;
    %flag_set/vec4 9;
    %flag_or 8, 9;
T_106.183;
    %jmp/0xz  T_106.181, 8;
    %vpi_call/w 4 606 "$display", "%m : at time %t ERROR: Bank is not Activated for Read", $time {0 0 0};
T_106.181 ;
    %load/vec4 v000001b775cac080_0;
    %cmpi/e 0, 0, 2;
    %flag_get/vec4 4;
    %jmp/0 T_106.195, 4;
    %vpi_func 4 610 "$time" 64 {0 0 0};
    %load/vec4 v000001b775c10c50_0;
    %sub;
    %cvt/rv;
    %pushi/real 1342177280, 4070; load=20.0000
    %cmp/wr;
    %flag_get/vec4 5;
    %and;
T_106.195;
    %flag_set/vec4 8;
    %jmp/1 T_106.194, 8;
    %load/vec4 v000001b775cac080_0;
    %cmpi/e 1, 0, 2;
    %flag_get/vec4 4;
    %jmp/0 T_106.196, 4;
    %vpi_func 4 611 "$time" 64 {0 0 0};
    %load/vec4 v000001b775c11b50_0;
    %sub;
    %cvt/rv;
    %pushi/real 1342177280, 4070; load=20.0000
    %cmp/wr;
    %flag_get/vec4 5;
    %and;
T_106.196;
    %flag_set/vec4 9;
    %flag_or 8, 9;
T_106.194;
    %jmp/1 T_106.193, 8;
    %load/vec4 v000001b775cac080_0;
    %cmpi/e 2, 0, 2;
    %flag_get/vec4 4;
    %jmp/0 T_106.197, 4;
    %vpi_func 4 612 "$time" 64 {0 0 0};
    %load/vec4 v000001b775c113d0_0;
    %sub;
    %cvt/rv;
    %pushi/real 1342177280, 4070; load=20.0000
    %cmp/wr;
    %flag_get/vec4 5;
    %and;
T_106.197;
    %flag_set/vec4 9;
    %flag_or 8, 9;
T_106.193;
    %jmp/1 T_106.192, 8;
    %load/vec4 v000001b775cac080_0;
    %cmpi/e 3, 0, 2;
    %flag_get/vec4 4;
    %jmp/0 T_106.198, 4;
    %vpi_func 4 613 "$time" 64 {0 0 0};
    %load/vec4 v000001b775c11bf0_0;
    %sub;
    %cvt/rv;
    %pushi/real 1342177280, 4070; load=20.0000
    %cmp/wr;
    %flag_get/vec4 5;
    %and;
T_106.198;
    %flag_set/vec4 9;
    %flag_or 8, 9;
T_106.192;
    %jmp/0xz  T_106.190, 8;
    %vpi_call/w 4 614 "$display", "%m : at time %t ERROR: tRCD violation during Read", $time {0 0 0};
T_106.190 ;
    %pushi/vec4 2, 0, 4;
    %load/vec4 v000001b775b66760_0;
    %pad/u 32;
    %subi 1, 0, 32;
    %ix/vec4 4;
    %store/vec4a v000001b775b67980, 4, 0;
    %load/vec4 v000001b775caca80_0;
    %pad/u 10;
    %load/vec4 v000001b775b66760_0;
    %pad/u 32;
    %subi 1, 0, 32;
    %ix/vec4 4;
    %store/vec4a v000001b775b66f80, 4, 0;
    %load/vec4 v000001b775cac080_0;
    %load/vec4 v000001b775b66760_0;
    %pad/u 32;
    %subi 1, 0, 32;
    %ix/vec4 4;
    %store/vec4a v000001b775cad3e0, 4, 0;
    %load/vec4 v000001b775b67480_0;
    %cmpi/e 1, 0, 1;
    %jmp/0xz  T_106.199, 4;
    %pushi/vec4 0, 0, 1;
    %store/vec4 v000001b775b67480_0, 0, 1;
    %load/vec4 v000001b775c354b0_0;
    %pad/u 4;
    %ix/vec4 4;
    %load/vec4a v000001b775cabc20, 4;
    %cmpi/e 1, 0, 1;
    %flag_get/vec4 4;
    %jmp/0 T_106.203, 4;
    %load/vec4 v000001b775c354b0_0;
    %pad/u 4;
    %ix/vec4 4;
    %load/vec4a v000001b775bb0ff0, 4;
    %pushi/vec4 1, 0, 1;
    %cmp/e;
    %flag_get/vec4 4;
    %and;
T_106.203;
    %flag_set/vec4 8;
    %jmp/0xz  T_106.201, 8;
    %pushi/vec4 1, 0, 1;
    %load/vec4 v000001b775c354b0_0;
    %pad/u 4;
    %ix/vec4 4;
    %store/vec4a v000001b775c35550, 4, 0;
    %pushi/vec4 0, 0, 32;
    %load/vec4 v000001b775c354b0_0;
    %pad/u 4;
    %ix/vec4 4;
    %store/vec4a v000001b775c35af0, 4, 0;
    %load/vec4 v000001b775b66120_0;
    %flag_set/vec4 8;
    %jmp/0xz  T_106.204, 8;
    %vpi_call/w 4 633 "$display", "%m : at time %t NOTE : Read interrupt Write with Autoprecharge", $time {0 0 0};
T_106.204 ;
T_106.201 ;
T_106.199 ;
    %load/vec4 v000001b775caca80_0;
    %parti/s 1, 10, 5;
    %cmpi/e 1, 0, 1;
    %jmp/0xz  T_106.206, 4;
    %pushi/vec4 1, 0, 1;
    %load/vec4 v000001b775cac080_0;
    %pad/u 4;
    %ix/vec4 4;
    %store/vec4a v000001b775cabc20, 4, 0;
    %pushi/vec4 0, 0, 32;
    %load/vec4 v000001b775cac080_0;
    %pad/u 4;
    %ix/vec4 4;
    %store/vec4a v000001b775b673e0, 4, 0;
    %load/vec4 v000001b775cac080_0;
    %store/vec4 v000001b775c354b0_0, 0, 2;
    %pushi/vec4 1, 0, 1;
    %load/vec4 v000001b775cac080_0;
    %pad/u 4;
    %ix/vec4 4;
    %store/vec4a v000001b77570b960, 4, 0;
T_106.206 ;
T_106.179 ;
    %load/vec4 v000001b775bdda50_0;
    %cmpi/e 1, 0, 1;
    %jmp/0xz  T_106.208, 4;
    %load/vec4 v000001b775cac080_0;
    %cmpi/e 0, 0, 2;
    %flag_get/vec4 4;
    %jmp/0 T_106.215, 4;
    %load/vec4 v000001b775b3cc90_0;
    %pushi/vec4 1, 0, 1;
    %cmp/e;
    %flag_get/vec4 4;
    %and;
T_106.215;
    %flag_set/vec4 8;
    %jmp/1 T_106.214, 8;
    %load/vec4 v000001b775cac080_0;
    %cmpi/e 1, 0, 2;
    %flag_get/vec4 4;
    %jmp/0 T_106.216, 4;
    %load/vec4 v000001b775b3d230_0;
    %pushi/vec4 1, 0, 1;
    %cmp/e;
    %flag_get/vec4 4;
    %and;
T_106.216;
    %flag_set/vec4 9;
    %flag_or 8, 9;
T_106.214;
    %jmp/1 T_106.213, 8;
    %load/vec4 v000001b775cac080_0;
    %cmpi/e 2, 0, 2;
    %flag_get/vec4 4;
    %jmp/0 T_106.217, 4;
    %load/vec4 v000001b775b3d410_0;
    %pushi/vec4 1, 0, 1;
    %cmp/e;
    %flag_get/vec4 4;
    %and;
T_106.217;
    %flag_set/vec4 9;
    %flag_or 8, 9;
T_106.213;
    %jmp/1 T_106.212, 8;
    %load/vec4 v000001b775cac080_0;
    %cmpi/e 3, 0, 2;
    %flag_get/vec4 4;
    %jmp/0 T_106.218, 4;
    %load/vec4 v000001b775b3d690_0;
    %pushi/vec4 1, 0, 1;
    %cmp/e;
    %flag_get/vec4 4;
    %and;
T_106.218;
    %flag_set/vec4 9;
    %flag_or 8, 9;
T_106.212;
    %jmp/0xz  T_106.210, 8;
    %vpi_call/w 4 652 "$display", "%m : at time %t ERROR: Bank is not Activated for Write", $time {0 0 0};
T_106.210 ;
    %load/vec4 v000001b775cac080_0;
    %cmpi/e 0, 0, 2;
    %flag_get/vec4 4;
    %jmp/0 T_106.224, 4;
    %vpi_func 4 656 "$time" 64 {0 0 0};
    %load/vec4 v000001b775c10c50_0;
    %sub;
    %cvt/rv;
    %pushi/real 1342177280, 4070; load=20.0000
    %cmp/wr;
    %flag_get/vec4 5;
    %and;
T_106.224;
    %flag_set/vec4 8;
    %jmp/1 T_106.223, 8;
    %load/vec4 v000001b775cac080_0;
    %cmpi/e 1, 0, 2;
    %flag_get/vec4 4;
    %jmp/0 T_106.225, 4;
    %vpi_func 4 657 "$time" 64 {0 0 0};
    %load/vec4 v000001b775c11b50_0;
    %sub;
    %cvt/rv;
    %pushi/real 1342177280, 4070; load=20.0000
    %cmp/wr;
    %flag_get/vec4 5;
    %and;
T_106.225;
    %flag_set/vec4 9;
    %flag_or 8, 9;
T_106.223;
    %jmp/1 T_106.222, 8;
    %load/vec4 v000001b775cac080_0;
    %cmpi/e 2, 0, 2;
    %flag_get/vec4 4;
    %jmp/0 T_106.226, 4;
    %vpi_func 4 658 "$time" 64 {0 0 0};
    %load/vec4 v000001b775c113d0_0;
    %sub;
    %cvt/rv;
    %pushi/real 1342177280, 4070; load=20.0000
    %cmp/wr;
    %flag_get/vec4 5;
    %and;
T_106.226;
    %flag_set/vec4 9;
    %flag_or 8, 9;
T_106.222;
    %jmp/1 T_106.221, 8;
    %load/vec4 v000001b775cac080_0;
    %cmpi/e 3, 0, 2;
    %flag_get/vec4 4;
    %jmp/0 T_106.227, 4;
    %vpi_func 4 659 "$time" 64 {0 0 0};
    %load/vec4 v000001b775c11bf0_0;
    %sub;
    %cvt/rv;
    %pushi/real 1342177280, 4070; load=20.0000
    %cmp/wr;
    %flag_get/vec4 5;
    %and;
T_106.227;
    %flag_set/vec4 9;
    %flag_or 8, 9;
T_106.221;
    %jmp/0xz  T_106.219, 8;
    %vpi_call/w 4 660 "$display", "%m : at time %t ERROR: tRCD violation during Read", $time {0 0 0};
T_106.219 ;
    %pushi/vec4 3, 0, 4;
    %ix/load 4, 0, 0;
    %flag_set/imm 4, 0;
    %store/vec4a v000001b775b67980, 4, 0;
    %load/vec4 v000001b775caca80_0;
    %pad/u 10;
    %ix/load 4, 0, 0;
    %flag_set/imm 4, 0;
    %store/vec4a v000001b775b66f80, 4, 0;
    %load/vec4 v000001b775cac080_0;
    %ix/load 4, 0, 0;
    %flag_set/imm 4, 0;
    %store/vec4a v000001b775cad3e0, 4, 0;
    %load/vec4 v000001b775b67480_0;
    %cmpi/e 1, 0, 1;
    %jmp/0xz  T_106.228, 4;
    %pushi/vec4 0, 0, 1;
    %store/vec4 v000001b775b67480_0, 0, 1;
    %load/vec4 v000001b775c354b0_0;
    %pad/u 4;
    %ix/vec4 4;
    %load/vec4a v000001b775cabc20, 4;
    %cmpi/e 1, 0, 1;
    %flag_get/vec4 4;
    %jmp/0 T_106.232, 4;
    %load/vec4 v000001b775c354b0_0;
    %pad/u 4;
    %ix/vec4 4;
    %load/vec4a v000001b775bb0ff0, 4;
    %pushi/vec4 1, 0, 1;
    %cmp/e;
    %flag_get/vec4 4;
    %and;
T_106.232;
    %flag_set/vec4 8;
    %jmp/0xz  T_106.230, 8;
    %pushi/vec4 1, 0, 1;
    %load/vec4 v000001b775c354b0_0;
    %pad/u 4;
    %ix/vec4 4;
    %store/vec4a v000001b775c35550, 4, 0;
    %load/vec4 v000001b775b66120_0;
    %flag_set/vec4 8;
    %jmp/0xz  T_106.233, 8;
    %vpi_call/w 4 678 "$display", "%m : at time %t NOTE : Read Bank %d interrupt Write Bank %d with Autoprecharge", $time, v000001b775cac080_0, v000001b775c354b0_0 {0 0 0};
T_106.233 ;
T_106.230 ;
T_106.228 ;
    %load/vec4 v000001b775b65fe0_0;
    %cmpi/e 1, 0, 1;
    %jmp/0xz  T_106.235, 4;
    %pushi/vec4 0, 0, 1;
    %store/vec4 v000001b775b65fe0_0, 0, 1;
    %load/vec4 v000001b775c354b0_0;
    %pad/u 4;
    %ix/vec4 4;
    %load/vec4a v000001b775cabc20, 4;
    %cmpi/e 1, 0, 1;
    %flag_get/vec4 4;
    %jmp/0 T_106.239, 4;
    %load/vec4 v000001b775c354b0_0;
    %pad/u 4;
    %ix/vec4 4;
    %load/vec4a v000001b77570b960, 4;
    %pushi/vec4 1, 0, 1;
    %cmp/e;
    %flag_get/vec4 4;
    %and;
T_106.239;
    %flag_set/vec4 8;
    %jmp/0xz  T_106.237, 8;
    %pushi/vec4 1, 0, 1;
    %load/vec4 v000001b775c354b0_0;
    %pad/u 4;
    %ix/vec4 4;
    %store/vec4a v000001b775c361d0, 4, 0;
    %load/vec4 v000001b775b66120_0;
    %flag_set/vec4 8;
    %jmp/0xz  T_106.240, 8;
    %vpi_call/w 4 693 "$display", "%m : at time %t NOTE : Write Bank %d interrupt Read Bank %d with Autoprecharge", $time, v000001b775cac080_0, v000001b775c354b0_0 {0 0 0};
T_106.240 ;
T_106.237 ;
T_106.235 ;
    %load/vec4 v000001b775caca80_0;
    %parti/s 1, 10, 5;
    %cmpi/e 1, 0, 1;
    %jmp/0xz  T_106.242, 4;
    %pushi/vec4 1, 0, 1;
    %load/vec4 v000001b775cac080_0;
    %pad/u 4;
    %ix/vec4 4;
    %store/vec4a v000001b775cabc20, 4, 0;
    %pushi/vec4 0, 0, 32;
    %load/vec4 v000001b775cac080_0;
    %pad/u 4;
    %ix/vec4 4;
    %store/vec4a v000001b775b673e0, 4, 0;
    %load/vec4 v000001b775cac080_0;
    %store/vec4 v000001b775c354b0_0, 0, 2;
    %pushi/vec4 1, 0, 1;
    %load/vec4 v000001b775cac080_0;
    %pad/u 4;
    %ix/vec4 4;
    %store/vec4a v000001b775bb0ff0, 4, 0;
T_106.242 ;
T_106.208 ;
    %ix/load 4, 0, 0;
    %flag_set/imm 4, 0;
    %load/vec4a v000001b775cabc20, 4;
    %cmpi/e 1, 0, 1;
    %flag_get/vec4 4;
    %jmp/0 T_106.246, 4;
    %ix/load 4, 0, 0;
    %flag_set/imm 4, 0;
    %load/vec4a v000001b775bb0ff0, 4;
    %pushi/vec4 1, 0, 1;
    %cmp/e;
    %flag_get/vec4 4;
    %and;
T_106.246;
    %flag_set/vec4 8;
    %jmp/0xz  T_106.244, 8;
    %pushi/real 1476395008, 4071; load=44.0000
    %vpi_func 4 718 "$time" 64 {0 0 0};
    %load/vec4 v000001b775c11330_0;
    %sub;
    %cvt/rv;
    %cmp/wr;
    %flag_or 5, 4;
    %flag_get/vec4 5;
    %jmp/0 T_106.250, 5;
    %load/vec4 v000001b775cad7a0_0;
    %cmpi/e 1, 0, 1;
    %jmp/1 T_106.255, 4;
    %flag_mov 10, 4;
    %load/vec4 v000001b775bdd910_0;
    %cmpi/e 1, 0, 1;
    %flag_or 4, 10;
T_106.255;
    %flag_get/vec4 4;
    %jmp/0 T_106.254, 4;
    %pushi/vec4 1, 0, 32;
    %ix/load 4, 0, 0;
    %flag_set/imm 4, 0;
    %load/vec4a v000001b775b673e0, 4;
    %cmp/s;
    %flag_get/vec4 4;
    %flag_get/vec4 5;
    %or;
    %and;
T_106.254;
    %flag_set/vec4 9;
    %jmp/1 T_106.253, 9;
    %load/vec4 v000001b775cac4e0_0;
    %cmpi/e 1, 0, 1;
    %flag_get/vec4 4;
    %jmp/0 T_106.256, 4;
    %pushi/vec4 2, 0, 32;
    %ix/load 4, 0, 0;
    %flag_set/imm 4, 0;
    %load/vec4a v000001b775b673e0, 4;
    %cmp/s;
    %flag_get/vec4 4;
    %flag_get/vec4 5;
    %or;
    %and;
T_106.256;
    %flag_set/vec4 10;
    %flag_or 9, 10;
T_106.253;
    %jmp/1 T_106.252, 9;
    %load/vec4 v000001b775cacb20_0;
    %cmpi/e 1, 0, 1;
    %flag_get/vec4 4;
    %jmp/0 T_106.257, 4;
    %pushi/vec4 4, 0, 32;
    %ix/load 4, 0, 0;
    %flag_set/imm 4, 0;
    %load/vec4a v000001b775b673e0, 4;
    %cmp/s;
    %flag_get/vec4 4;
    %flag_get/vec4 5;
    %or;
    %and;
T_106.257;
    %flag_set/vec4 10;
    %flag_or 9, 10;
T_106.252;
    %flag_get/vec4 9;
    %jmp/1 T_106.251, 9;
    %load/vec4 v000001b775cad200_0;
    %cmpi/e 1, 0, 1;
    %flag_get/vec4 4;
    %jmp/0 T_106.258, 4;
    %pushi/vec4 8, 0, 32;
    %ix/load 4, 0, 0;
    %flag_set/imm 4, 0;
    %load/vec4a v000001b775b673e0, 4;
    %cmp/s;
    %flag_get/vec4 4;
    %flag_get/vec4 5;
    %or;
    %and;
T_106.258;
    %or;
T_106.251;
    %and;
T_106.250;
    %flag_set/vec4 8;
    %jmp/1 T_106.249, 8;
    %ix/load 4, 0, 0;
    %flag_set/imm 4, 0;
    %load/vec4a v000001b775c35550, 4;
    %cmpi/e 1, 0, 1;
    %flag_get/vec4 4;
    %jmp/0 T_106.259, 4;
    %pushi/vec4 1, 0, 32;
    %ix/load 4, 0, 0;
    %flag_set/imm 4, 0;
    %load/vec4a v000001b775c35af0, 4;
    %cmp/s;
    %flag_get/vec4 4;
    %flag_get/vec4 5;
    %or;
    %and;
T_106.259;
    %flag_set/vec4 9;
    %flag_or 8, 9;
T_106.249;
    %jmp/0xz  T_106.247, 8;
    %pushi/vec4 0, 0, 1;
    %ix/load 4, 0, 0;
    %flag_set/imm 4, 0;
    %store/vec4a v000001b775cabc20, 4, 0;
    %pushi/vec4 0, 0, 1;
    %ix/load 4, 0, 0;
    %flag_set/imm 4, 0;
    %store/vec4a v000001b775bb0ff0, 4, 0;
    %pushi/vec4 0, 0, 1;
    %ix/load 4, 0, 0;
    %flag_set/imm 4, 0;
    %store/vec4a v000001b775c35550, 4, 0;
    %pushi/vec4 1, 0, 1;
    %store/vec4 v000001b775b3cc90_0, 0, 1;
    %pushi/vec4 0, 0, 1;
    %store/vec4 v000001b775cac760_0, 0, 1;
    %vpi_func 4 729 "$time" 64 {0 0 0};
    %cvt/rv;
    %pushi/real 2013265920, 4068; load=7.50000
    %add/wr;
    %cvt/vr 64;
    %store/vec4 v000001b775c35870_0, 0, 64;
    %load/vec4 v000001b775b66120_0;
    %flag_set/vec4 8;
    %jmp/0xz  T_106.260, 8;
    %vpi_call/w 4 731 "$display", "%m : at time %t NOTE : Start Internal Auto Precharge for Bank 0", $time {0 0 0};
T_106.260 ;
T_106.247 ;
T_106.244 ;
    %ix/load 4, 1, 0;
    %flag_set/imm 4, 0;
    %load/vec4a v000001b775cabc20, 4;
    %cmpi/e 1, 0, 1;
    %flag_get/vec4 4;
    %jmp/0 T_106.264, 4;
    %ix/load 4, 1, 0;
    %flag_set/imm 4, 0;
    %load/vec4a v000001b775bb0ff0, 4;
    %pushi/vec4 1, 0, 1;
    %cmp/e;
    %flag_get/vec4 4;
    %and;
T_106.264;
    %flag_set/vec4 8;
    %jmp/0xz  T_106.262, 8;
    %pushi/real 1476395008, 4071; load=44.0000
    %vpi_func 4 736 "$time" 64 {0 0 0};
    %load/vec4 v000001b775c11650_0;
    %sub;
    %cvt/rv;
    %cmp/wr;
    %flag_or 5, 4;
    %flag_get/vec4 5;
    %jmp/0 T_106.268, 5;
    %load/vec4 v000001b775cad7a0_0;
    %cmpi/e 1, 0, 1;
    %jmp/1 T_106.273, 4;
    %flag_mov 10, 4;
    %load/vec4 v000001b775bdd910_0;
    %cmpi/e 1, 0, 1;
    %flag_or 4, 10;
T_106.273;
    %flag_get/vec4 4;
    %jmp/0 T_106.272, 4;
    %pushi/vec4 1, 0, 32;
    %ix/load 4, 1, 0;
    %flag_set/imm 4, 0;
    %load/vec4a v000001b775b673e0, 4;
    %cmp/s;
    %flag_get/vec4 4;
    %flag_get/vec4 5;
    %or;
    %and;
T_106.272;
    %flag_set/vec4 9;
    %jmp/1 T_106.271, 9;
    %load/vec4 v000001b775cac4e0_0;
    %cmpi/e 1, 0, 1;
    %flag_get/vec4 4;
    %jmp/0 T_106.274, 4;
    %pushi/vec4 2, 0, 32;
    %ix/load 4, 1, 0;
    %flag_set/imm 4, 0;
    %load/vec4a v000001b775b673e0, 4;
    %cmp/s;
    %flag_get/vec4 4;
    %flag_get/vec4 5;
    %or;
    %and;
T_106.274;
    %flag_set/vec4 10;
    %flag_or 9, 10;
T_106.271;
    %jmp/1 T_106.270, 9;
    %load/vec4 v000001b775cacb20_0;
    %cmpi/e 1, 0, 1;
    %flag_get/vec4 4;
    %jmp/0 T_106.275, 4;
    %pushi/vec4 4, 0, 32;
    %ix/load 4, 1, 0;
    %flag_set/imm 4, 0;
    %load/vec4a v000001b775b673e0, 4;
    %cmp/s;
    %flag_get/vec4 4;
    %flag_get/vec4 5;
    %or;
    %and;
T_106.275;
    %flag_set/vec4 10;
    %flag_or 9, 10;
T_106.270;
    %flag_get/vec4 9;
    %jmp/1 T_106.269, 9;
    %load/vec4 v000001b775cad200_0;
    %cmpi/e 1, 0, 1;
    %flag_get/vec4 4;
    %jmp/0 T_106.276, 4;
    %pushi/vec4 8, 0, 32;
    %ix/load 4, 1, 0;
    %flag_set/imm 4, 0;
    %load/vec4a v000001b775b673e0, 4;
    %cmp/s;
    %flag_get/vec4 4;
    %flag_get/vec4 5;
    %or;
    %and;
T_106.276;
    %or;
T_106.269;
    %and;
T_106.268;
    %flag_set/vec4 8;
    %jmp/1 T_106.267, 8;
    %ix/load 4, 1, 0;
    %flag_set/imm 4, 0;
    %load/vec4a v000001b775c35550, 4;
    %cmpi/e 1, 0, 1;
    %flag_get/vec4 4;
    %jmp/0 T_106.277, 4;
    %pushi/vec4 1, 0, 32;
    %ix/load 4, 1, 0;
    %flag_set/imm 4, 0;
    %load/vec4a v000001b775c35af0, 4;
    %cmp/s;
    %flag_get/vec4 4;
    %flag_get/vec4 5;
    %or;
    %and;
T_106.277;
    %flag_set/vec4 9;
    %flag_or 8, 9;
T_106.267;
    %jmp/0xz  T_106.265, 8;
    %pushi/vec4 0, 0, 1;
    %ix/load 4, 1, 0;
    %flag_set/imm 4, 0;
    %store/vec4a v000001b775cabc20, 4, 0;
    %pushi/vec4 0, 0, 1;
    %ix/load 4, 1, 0;
    %flag_set/imm 4, 0;
    %store/vec4a v000001b775bb0ff0, 4, 0;
    %pushi/vec4 0, 0, 1;
    %ix/load 4, 1, 0;
    %flag_set/imm 4, 0;
    %store/vec4a v000001b775c35550, 4, 0;
    %pushi/vec4 1, 0, 1;
    %store/vec4 v000001b775b3d230_0, 0, 1;
    %pushi/vec4 0, 0, 1;
    %store/vec4 v000001b775cacee0_0, 0, 1;
    %vpi_func 4 747 "$time" 64 {0 0 0};
    %cvt/rv;
    %pushi/real 2013265920, 4068; load=7.50000
    %add/wr;
    %cvt/vr 64;
    %store/vec4 v000001b775c34b50_0, 0, 64;
    %load/vec4 v000001b775b66120_0;
    %flag_set/vec4 8;
    %jmp/0xz  T_106.278, 8;
    %vpi_call/w 4 749 "$display", "%m : at time %t NOTE : Start Internal Auto Precharge for Bank 1", $time {0 0 0};
T_106.278 ;
T_106.265 ;
T_106.262 ;
    %ix/load 4, 2, 0;
    %flag_set/imm 4, 0;
    %load/vec4a v000001b775cabc20, 4;
    %cmpi/e 1, 0, 1;
    %flag_get/vec4 4;
    %jmp/0 T_106.282, 4;
    %ix/load 4, 2, 0;
    %flag_set/imm 4, 0;
    %load/vec4a v000001b775bb0ff0, 4;
    %pushi/vec4 1, 0, 1;
    %cmp/e;
    %flag_get/vec4 4;
    %and;
T_106.282;
    %flag_set/vec4 8;
    %jmp/0xz  T_106.280, 8;
    %pushi/real 1476395008, 4071; load=44.0000
    %vpi_func 4 754 "$time" 64 {0 0 0};
    %load/vec4 v000001b775c10d90_0;
    %sub;
    %cvt/rv;
    %cmp/wr;
    %flag_or 5, 4;
    %flag_get/vec4 5;
    %jmp/0 T_106.286, 5;
    %load/vec4 v000001b775cad7a0_0;
    %cmpi/e 1, 0, 1;
    %jmp/1 T_106.291, 4;
    %flag_mov 10, 4;
    %load/vec4 v000001b775bdd910_0;
    %cmpi/e 1, 0, 1;
    %flag_or 4, 10;
T_106.291;
    %flag_get/vec4 4;
    %jmp/0 T_106.290, 4;
    %pushi/vec4 1, 0, 32;
    %ix/load 4, 2, 0;
    %flag_set/imm 4, 0;
    %load/vec4a v000001b775b673e0, 4;
    %cmp/s;
    %flag_get/vec4 4;
    %flag_get/vec4 5;
    %or;
    %and;
T_106.290;
    %flag_set/vec4 9;
    %jmp/1 T_106.289, 9;
    %load/vec4 v000001b775cac4e0_0;
    %cmpi/e 1, 0, 1;
    %flag_get/vec4 4;
    %jmp/0 T_106.292, 4;
    %pushi/vec4 2, 0, 32;
    %ix/load 4, 2, 0;
    %flag_set/imm 4, 0;
    %load/vec4a v000001b775b673e0, 4;
    %cmp/s;
    %flag_get/vec4 4;
    %flag_get/vec4 5;
    %or;
    %and;
T_106.292;
    %flag_set/vec4 10;
    %flag_or 9, 10;
T_106.289;
    %jmp/1 T_106.288, 9;
    %load/vec4 v000001b775cacb20_0;
    %cmpi/e 1, 0, 1;
    %flag_get/vec4 4;
    %jmp/0 T_106.293, 4;
    %pushi/vec4 4, 0, 32;
    %ix/load 4, 2, 0;
    %flag_set/imm 4, 0;
    %load/vec4a v000001b775b673e0, 4;
    %cmp/s;
    %flag_get/vec4 4;
    %flag_get/vec4 5;
    %or;
    %and;
T_106.293;
    %flag_set/vec4 10;
    %flag_or 9, 10;
T_106.288;
    %flag_get/vec4 9;
    %jmp/1 T_106.287, 9;
    %load/vec4 v000001b775cad200_0;
    %cmpi/e 1, 0, 1;
    %flag_get/vec4 4;
    %jmp/0 T_106.294, 4;
    %pushi/vec4 8, 0, 32;
    %ix/load 4, 2, 0;
    %flag_set/imm 4, 0;
    %load/vec4a v000001b775b673e0, 4;
    %cmp/s;
    %flag_get/vec4 4;
    %flag_get/vec4 5;
    %or;
    %and;
T_106.294;
    %or;
T_106.287;
    %and;
T_106.286;
    %flag_set/vec4 8;
    %jmp/1 T_106.285, 8;
    %ix/load 4, 2, 0;
    %flag_set/imm 4, 0;
    %load/vec4a v000001b775c35550, 4;
    %cmpi/e 1, 0, 1;
    %flag_get/vec4 4;
    %jmp/0 T_106.295, 4;
    %pushi/vec4 1, 0, 32;
    %ix/load 4, 2, 0;
    %flag_set/imm 4, 0;
    %load/vec4a v000001b775c35af0, 4;
    %cmp/s;
    %flag_get/vec4 4;
    %flag_get/vec4 5;
    %or;
    %and;
T_106.295;
    %flag_set/vec4 9;
    %flag_or 8, 9;
T_106.285;
    %jmp/0xz  T_106.283, 8;
    %pushi/vec4 0, 0, 1;
    %ix/load 4, 2, 0;
    %flag_set/imm 4, 0;
    %store/vec4a v000001b775cabc20, 4, 0;
    %pushi/vec4 0, 0, 1;
    %ix/load 4, 2, 0;
    %flag_set/imm 4, 0;
    %store/vec4a v000001b775bb0ff0, 4, 0;
    %pushi/vec4 0, 0, 1;
    %ix/load 4, 2, 0;
    %flag_set/imm 4, 0;
    %store/vec4a v000001b775c35550, 4, 0;
    %pushi/vec4 1, 0, 1;
    %store/vec4 v000001b775b3d410_0, 0, 1;
    %pushi/vec4 0, 0, 1;
    %store/vec4 v000001b775cabae0_0, 0, 1;
    %vpi_func 4 765 "$time" 64 {0 0 0};
    %cvt/rv;
    %pushi/real 2013265920, 4068; load=7.50000
    %add/wr;
    %cvt/vr 64;
    %store/vec4 v000001b775c34bf0_0, 0, 64;
    %load/vec4 v000001b775b66120_0;
    %flag_set/vec4 8;
    %jmp/0xz  T_106.296, 8;
    %vpi_call/w 4 767 "$display", "%m : at time %t NOTE : Start Internal Auto Precharge for Bank 2", $time {0 0 0};
T_106.296 ;
T_106.283 ;
T_106.280 ;
    %ix/load 4, 3, 0;
    %flag_set/imm 4, 0;
    %load/vec4a v000001b775cabc20, 4;
    %cmpi/e 1, 0, 1;
    %flag_get/vec4 4;
    %jmp/0 T_106.300, 4;
    %ix/load 4, 3, 0;
    %flag_set/imm 4, 0;
    %load/vec4a v000001b775bb0ff0, 4;
    %pushi/vec4 1, 0, 1;
    %cmp/e;
    %flag_get/vec4 4;
    %and;
T_106.300;
    %flag_set/vec4 8;
    %jmp/0xz  T_106.298, 8;
    %pushi/real 1476395008, 4071; load=44.0000
    %vpi_func 4 772 "$time" 64 {0 0 0};
    %load/vec4 v000001b775c11790_0;
    %sub;
    %cvt/rv;
    %cmp/wr;
    %flag_or 5, 4;
    %flag_get/vec4 5;
    %jmp/0 T_106.304, 5;
    %load/vec4 v000001b775cad7a0_0;
    %cmpi/e 1, 0, 1;
    %jmp/1 T_106.309, 4;
    %flag_mov 10, 4;
    %load/vec4 v000001b775bdd910_0;
    %cmpi/e 1, 0, 1;
    %flag_or 4, 10;
T_106.309;
    %flag_get/vec4 4;
    %jmp/0 T_106.308, 4;
    %pushi/vec4 1, 0, 32;
    %ix/load 4, 3, 0;
    %flag_set/imm 4, 0;
    %load/vec4a v000001b775b673e0, 4;
    %cmp/s;
    %flag_get/vec4 4;
    %flag_get/vec4 5;
    %or;
    %and;
T_106.308;
    %flag_set/vec4 9;
    %jmp/1 T_106.307, 9;
    %load/vec4 v000001b775cac4e0_0;
    %cmpi/e 1, 0, 1;
    %flag_get/vec4 4;
    %jmp/0 T_106.310, 4;
    %pushi/vec4 2, 0, 32;
    %ix/load 4, 3, 0;
    %flag_set/imm 4, 0;
    %load/vec4a v000001b775b673e0, 4;
    %cmp/s;
    %flag_get/vec4 4;
    %flag_get/vec4 5;
    %or;
    %and;
T_106.310;
    %flag_set/vec4 10;
    %flag_or 9, 10;
T_106.307;
    %jmp/1 T_106.306, 9;
    %load/vec4 v000001b775cacb20_0;
    %cmpi/e 1, 0, 1;
    %flag_get/vec4 4;
    %jmp/0 T_106.311, 4;
    %pushi/vec4 4, 0, 32;
    %ix/load 4, 3, 0;
    %flag_set/imm 4, 0;
    %load/vec4a v000001b775b673e0, 4;
    %cmp/s;
    %flag_get/vec4 4;
    %flag_get/vec4 5;
    %or;
    %and;
T_106.311;
    %flag_set/vec4 10;
    %flag_or 9, 10;
T_106.306;
    %flag_get/vec4 9;
    %jmp/1 T_106.305, 9;
    %load/vec4 v000001b775cad200_0;
    %cmpi/e 1, 0, 1;
    %flag_get/vec4 4;
    %jmp/0 T_106.312, 4;
    %pushi/vec4 8, 0, 32;
    %ix/load 4, 3, 0;
    %flag_set/imm 4, 0;
    %load/vec4a v000001b775b673e0, 4;
    %cmp/s;
    %flag_get/vec4 4;
    %flag_get/vec4 5;
    %or;
    %and;
T_106.312;
    %or;
T_106.305;
    %and;
T_106.304;
    %flag_set/vec4 8;
    %jmp/1 T_106.303, 8;
    %ix/load 4, 3, 0;
    %flag_set/imm 4, 0;
    %load/vec4a v000001b775c35550, 4;
    %cmpi/e 1, 0, 1;
    %flag_get/vec4 4;
    %jmp/0 T_106.313, 4;
    %pushi/vec4 1, 0, 32;
    %ix/load 4, 3, 0;
    %flag_set/imm 4, 0;
    %load/vec4a v000001b775c35af0, 4;
    %cmp/s;
    %flag_get/vec4 4;
    %flag_get/vec4 5;
    %or;
    %and;
T_106.313;
    %flag_set/vec4 9;
    %flag_or 8, 9;
T_106.303;
    %jmp/0xz  T_106.301, 8;
    %pushi/vec4 0, 0, 1;
    %ix/load 4, 3, 0;
    %flag_set/imm 4, 0;
    %store/vec4a v000001b775cabc20, 4, 0;
    %pushi/vec4 0, 0, 1;
    %ix/load 4, 3, 0;
    %flag_set/imm 4, 0;
    %store/vec4a v000001b775bb0ff0, 4, 0;
    %pushi/vec4 0, 0, 1;
    %ix/load 4, 3, 0;
    %flag_set/imm 4, 0;
    %store/vec4a v000001b775c35550, 4, 0;
    %pushi/vec4 1, 0, 1;
    %store/vec4 v000001b775b3d690_0, 0, 1;
    %pushi/vec4 0, 0, 1;
    %store/vec4 v000001b775cabb80_0, 0, 1;
    %vpi_func 4 783 "$time" 64 {0 0 0};
    %cvt/rv;
    %pushi/real 2013265920, 4068; load=7.50000
    %add/wr;
    %cvt/vr 64;
    %store/vec4 v000001b775c35190_0, 0, 64;
    %load/vec4 v000001b775b66120_0;
    %flag_set/vec4 8;
    %jmp/0xz  T_106.314, 8;
    %vpi_call/w 4 785 "$display", "%m : at time %t NOTE : Start Internal Auto Precharge for Bank 3", $time {0 0 0};
T_106.314 ;
T_106.301 ;
T_106.298 ;
    %ix/load 4, 0, 0;
    %flag_set/imm 4, 0;
    %load/vec4a v000001b775cabc20, 4;
    %cmpi/e 1, 0, 1;
    %flag_get/vec4 4;
    %jmp/0 T_106.318, 4;
    %ix/load 4, 0, 0;
    %flag_set/imm 4, 0;
    %load/vec4a v000001b77570b960, 4;
    %pushi/vec4 1, 0, 1;
    %cmp/e;
    %flag_get/vec4 4;
    %and;
T_106.318;
    %flag_set/vec4 8;
    %jmp/0xz  T_106.316, 8;
    %pushi/real 1476395008, 4071; load=44.0000
    %vpi_func 4 796 "$time" 64 {0 0 0};
    %load/vec4 v000001b775c11330_0;
    %sub;
    %cvt/rv;
    %cmp/wr;
    %flag_or 5, 4;
    %flag_get/vec4 5;
    %jmp/0 T_106.322, 5;
    %load/vec4 v000001b775cad7a0_0;
    %cmpi/e 1, 0, 1;
    %flag_get/vec4 4;
    %jmp/0 T_106.326, 4;
    %pushi/vec4 1, 0, 32;
    %ix/load 4, 0, 0;
    %flag_set/imm 4, 0;
    %load/vec4a v000001b775b673e0, 4;
    %cmp/s;
    %flag_get/vec4 4;
    %flag_get/vec4 5;
    %or;
    %and;
T_106.326;
    %flag_set/vec4 9;
    %jmp/1 T_106.325, 9;
    %load/vec4 v000001b775cac4e0_0;
    %cmpi/e 1, 0, 1;
    %flag_get/vec4 4;
    %jmp/0 T_106.327, 4;
    %pushi/vec4 2, 0, 32;
    %ix/load 4, 0, 0;
    %flag_set/imm 4, 0;
    %load/vec4a v000001b775b673e0, 4;
    %cmp/s;
    %flag_get/vec4 4;
    %flag_get/vec4 5;
    %or;
    %and;
T_106.327;
    %flag_set/vec4 10;
    %flag_or 9, 10;
T_106.325;
    %jmp/1 T_106.324, 9;
    %load/vec4 v000001b775cacb20_0;
    %cmpi/e 1, 0, 1;
    %flag_get/vec4 4;
    %jmp/0 T_106.328, 4;
    %pushi/vec4 4, 0, 32;
    %ix/load 4, 0, 0;
    %flag_set/imm 4, 0;
    %load/vec4a v000001b775b673e0, 4;
    %cmp/s;
    %flag_get/vec4 4;
    %flag_get/vec4 5;
    %or;
    %and;
T_106.328;
    %flag_set/vec4 10;
    %flag_or 9, 10;
T_106.324;
    %flag_get/vec4 9;
    %jmp/1 T_106.323, 9;
    %load/vec4 v000001b775cad200_0;
    %cmpi/e 1, 0, 1;
    %flag_get/vec4 4;
    %jmp/0 T_106.329, 4;
    %pushi/vec4 8, 0, 32;
    %ix/load 4, 0, 0;
    %flag_set/imm 4, 0;
    %load/vec4a v000001b775b673e0, 4;
    %cmp/s;
    %flag_get/vec4 4;
    %flag_get/vec4 5;
    %or;
    %and;
T_106.329;
    %or;
T_106.323;
    %and;
T_106.322;
    %flag_set/vec4 8;
    %jmp/1 T_106.321, 8;
    %ix/load 4, 0, 0;
    %flag_set/imm 4, 0;
    %load/vec4a v000001b775c361d0, 4;
    %cmpi/e 1, 0, 1;
    %flag_or 8, 4;
T_106.321;
    %jmp/0xz  T_106.319, 8;
    %pushi/vec4 1, 0, 1;
    %store/vec4 v000001b775b3cc90_0, 0, 1;
    %pushi/vec4 0, 0, 1;
    %store/vec4 v000001b775cac760_0, 0, 1;
    %vpi_func 4 804 "$time" 64 {0 0 0};
    %store/vec4 v000001b775c35870_0, 0, 64;
    %pushi/vec4 0, 0, 1;
    %ix/load 4, 0, 0;
    %flag_set/imm 4, 0;
    %store/vec4a v000001b775cabc20, 4, 0;
    %pushi/vec4 0, 0, 1;
    %ix/load 4, 0, 0;
    %flag_set/imm 4, 0;
    %store/vec4a v000001b77570b960, 4, 0;
    %pushi/vec4 0, 0, 1;
    %ix/load 4, 0, 0;
    %flag_set/imm 4, 0;
    %store/vec4a v000001b775c361d0, 4, 0;
    %load/vec4 v000001b775b66120_0;
    %flag_set/vec4 8;
    %jmp/0xz  T_106.330, 8;
    %vpi_call/w 4 809 "$display", "%m : at time %t NOTE : Start Internal Auto Precharge for Bank 0", $time {0 0 0};
T_106.330 ;
T_106.319 ;
T_106.316 ;
    %ix/load 4, 1, 0;
    %flag_set/imm 4, 0;
    %load/vec4a v000001b775cabc20, 4;
    %cmpi/e 1, 0, 1;
    %flag_get/vec4 4;
    %jmp/0 T_106.334, 4;
    %ix/load 4, 1, 0;
    %flag_set/imm 4, 0;
    %load/vec4a v000001b77570b960, 4;
    %pushi/vec4 1, 0, 1;
    %cmp/e;
    %flag_get/vec4 4;
    %and;
T_106.334;
    %flag_set/vec4 8;
    %jmp/0xz  T_106.332, 8;
    %pushi/real 1476395008, 4071; load=44.0000
    %vpi_func 4 814 "$time" 64 {0 0 0};
    %load/vec4 v000001b775c11650_0;
    %sub;
    %cvt/rv;
    %cmp/wr;
    %flag_or 5, 4;
    %flag_get/vec4 5;
    %jmp/0 T_106.338, 5;
    %load/vec4 v000001b775cad7a0_0;
    %cmpi/e 1, 0, 1;
    %flag_get/vec4 4;
    %jmp/0 T_106.342, 4;
    %pushi/vec4 1, 0, 32;
    %ix/load 4, 1, 0;
    %flag_set/imm 4, 0;
    %load/vec4a v000001b775b673e0, 4;
    %cmp/s;
    %flag_get/vec4 4;
    %flag_get/vec4 5;
    %or;
    %and;
T_106.342;
    %flag_set/vec4 9;
    %jmp/1 T_106.341, 9;
    %load/vec4 v000001b775cac4e0_0;
    %cmpi/e 1, 0, 1;
    %flag_get/vec4 4;
    %jmp/0 T_106.343, 4;
    %pushi/vec4 2, 0, 32;
    %ix/load 4, 1, 0;
    %flag_set/imm 4, 0;
    %load/vec4a v000001b775b673e0, 4;
    %cmp/s;
    %flag_get/vec4 4;
    %flag_get/vec4 5;
    %or;
    %and;
T_106.343;
    %flag_set/vec4 10;
    %flag_or 9, 10;
T_106.341;
    %jmp/1 T_106.340, 9;
    %load/vec4 v000001b775cacb20_0;
    %cmpi/e 1, 0, 1;
    %flag_get/vec4 4;
    %jmp/0 T_106.344, 4;
    %pushi/vec4 4, 0, 32;
    %ix/load 4, 1, 0;
    %flag_set/imm 4, 0;
    %load/vec4a v000001b775b673e0, 4;
    %cmp/s;
    %flag_get/vec4 4;
    %flag_get/vec4 5;
    %or;
    %and;
T_106.344;
    %flag_set/vec4 10;
    %flag_or 9, 10;
T_106.340;
    %flag_get/vec4 9;
    %jmp/1 T_106.339, 9;
    %load/vec4 v000001b775cad200_0;
    %cmpi/e 1, 0, 1;
    %flag_get/vec4 4;
    %jmp/0 T_106.345, 4;
    %pushi/vec4 8, 0, 32;
    %ix/load 4, 1, 0;
    %flag_set/imm 4, 0;
    %load/vec4a v000001b775b673e0, 4;
    %cmp/s;
    %flag_get/vec4 4;
    %flag_get/vec4 5;
    %or;
    %and;
T_106.345;
    %or;
T_106.339;
    %and;
T_106.338;
    %flag_set/vec4 8;
    %jmp/1 T_106.337, 8;
    %ix/load 4, 1, 0;
    %flag_set/imm 4, 0;
    %load/vec4a v000001b775c361d0, 4;
    %cmpi/e 1, 0, 1;
    %flag_or 8, 4;
T_106.337;
    %jmp/0xz  T_106.335, 8;
    %pushi/vec4 1, 0, 1;
    %store/vec4 v000001b775b3d230_0, 0, 1;
    %pushi/vec4 0, 0, 1;
    %store/vec4 v000001b775cacee0_0, 0, 1;
    %vpi_func 4 822 "$time" 64 {0 0 0};
    %store/vec4 v000001b775c34b50_0, 0, 64;
    %pushi/vec4 0, 0, 1;
    %ix/load 4, 1, 0;
    %flag_set/imm 4, 0;
    %store/vec4a v000001b775cabc20, 4, 0;
    %pushi/vec4 0, 0, 1;
    %ix/load 4, 1, 0;
    %flag_set/imm 4, 0;
    %store/vec4a v000001b77570b960, 4, 0;
    %pushi/vec4 0, 0, 1;
    %ix/load 4, 1, 0;
    %flag_set/imm 4, 0;
    %store/vec4a v000001b775c361d0, 4, 0;
    %load/vec4 v000001b775b66120_0;
    %flag_set/vec4 8;
    %jmp/0xz  T_106.346, 8;
    %vpi_call/w 4 827 "$display", "%m : at time %t NOTE : Start Internal Auto Precharge for Bank 1", $time {0 0 0};
T_106.346 ;
T_106.335 ;
T_106.332 ;
    %ix/load 4, 2, 0;
    %flag_set/imm 4, 0;
    %load/vec4a v000001b775cabc20, 4;
    %cmpi/e 1, 0, 1;
    %flag_get/vec4 4;
    %jmp/0 T_106.350, 4;
    %ix/load 4, 2, 0;
    %flag_set/imm 4, 0;
    %load/vec4a v000001b77570b960, 4;
    %pushi/vec4 1, 0, 1;
    %cmp/e;
    %flag_get/vec4 4;
    %and;
T_106.350;
    %flag_set/vec4 8;
    %jmp/0xz  T_106.348, 8;
    %pushi/real 1476395008, 4071; load=44.0000
    %vpi_func 4 832 "$time" 64 {0 0 0};
    %load/vec4 v000001b775c10d90_0;
    %sub;
    %cvt/rv;
    %cmp/wr;
    %flag_or 5, 4;
    %flag_get/vec4 5;
    %jmp/0 T_106.354, 5;
    %load/vec4 v000001b775cad7a0_0;
    %cmpi/e 1, 0, 1;
    %flag_get/vec4 4;
    %jmp/0 T_106.358, 4;
    %pushi/vec4 1, 0, 32;
    %ix/load 4, 2, 0;
    %flag_set/imm 4, 0;
    %load/vec4a v000001b775b673e0, 4;
    %cmp/s;
    %flag_get/vec4 4;
    %flag_get/vec4 5;
    %or;
    %and;
T_106.358;
    %flag_set/vec4 9;
    %jmp/1 T_106.357, 9;
    %load/vec4 v000001b775cac4e0_0;
    %cmpi/e 1, 0, 1;
    %flag_get/vec4 4;
    %jmp/0 T_106.359, 4;
    %pushi/vec4 2, 0, 32;
    %ix/load 4, 2, 0;
    %flag_set/imm 4, 0;
    %load/vec4a v000001b775b673e0, 4;
    %cmp/s;
    %flag_get/vec4 4;
    %flag_get/vec4 5;
    %or;
    %and;
T_106.359;
    %flag_set/vec4 10;
    %flag_or 9, 10;
T_106.357;
    %jmp/1 T_106.356, 9;
    %load/vec4 v000001b775cacb20_0;
    %cmpi/e 1, 0, 1;
    %flag_get/vec4 4;
    %jmp/0 T_106.360, 4;
    %pushi/vec4 4, 0, 32;
    %ix/load 4, 2, 0;
    %flag_set/imm 4, 0;
    %load/vec4a v000001b775b673e0, 4;
    %cmp/s;
    %flag_get/vec4 4;
    %flag_get/vec4 5;
    %or;
    %and;
T_106.360;
    %flag_set/vec4 10;
    %flag_or 9, 10;
T_106.356;
    %flag_get/vec4 9;
    %jmp/1 T_106.355, 9;
    %load/vec4 v000001b775cad200_0;
    %cmpi/e 1, 0, 1;
    %flag_get/vec4 4;
    %jmp/0 T_106.361, 4;
    %pushi/vec4 8, 0, 32;
    %ix/load 4, 2, 0;
    %flag_set/imm 4, 0;
    %load/vec4a v000001b775b673e0, 4;
    %cmp/s;
    %flag_get/vec4 4;
    %flag_get/vec4 5;
    %or;
    %and;
T_106.361;
    %or;
T_106.355;
    %and;
T_106.354;
    %flag_set/vec4 8;
    %jmp/1 T_106.353, 8;
    %ix/load 4, 2, 0;
    %flag_set/imm 4, 0;
    %load/vec4a v000001b775c361d0, 4;
    %cmpi/e 1, 0, 1;
    %flag_or 8, 4;
T_106.353;
    %jmp/0xz  T_106.351, 8;
    %pushi/vec4 1, 0, 1;
    %store/vec4 v000001b775b3d410_0, 0, 1;
    %pushi/vec4 0, 0, 1;
    %store/vec4 v000001b775cabae0_0, 0, 1;
    %vpi_func 4 840 "$time" 64 {0 0 0};
    %store/vec4 v000001b775c34bf0_0, 0, 64;
    %pushi/vec4 0, 0, 1;
    %ix/load 4, 2, 0;
    %flag_set/imm 4, 0;
    %store/vec4a v000001b775cabc20, 4, 0;
    %pushi/vec4 0, 0, 1;
    %ix/load 4, 2, 0;
    %flag_set/imm 4, 0;
    %store/vec4a v000001b77570b960, 4, 0;
    %pushi/vec4 0, 0, 1;
    %ix/load 4, 2, 0;
    %flag_set/imm 4, 0;
    %store/vec4a v000001b775c361d0, 4, 0;
    %load/vec4 v000001b775b66120_0;
    %flag_set/vec4 8;
    %jmp/0xz  T_106.362, 8;
    %vpi_call/w 4 845 "$display", "%m : at time %t NOTE : Start Internal Auto Precharge for Bank 2", $time {0 0 0};
T_106.362 ;
T_106.351 ;
T_106.348 ;
    %ix/load 4, 3, 0;
    %flag_set/imm 4, 0;
    %load/vec4a v000001b775cabc20, 4;
    %cmpi/e 1, 0, 1;
    %flag_get/vec4 4;
    %jmp/0 T_106.366, 4;
    %ix/load 4, 3, 0;
    %flag_set/imm 4, 0;
    %load/vec4a v000001b77570b960, 4;
    %pushi/vec4 1, 0, 1;
    %cmp/e;
    %flag_get/vec4 4;
    %and;
T_106.366;
    %flag_set/vec4 8;
    %jmp/0xz  T_106.364, 8;
    %pushi/real 1476395008, 4071; load=44.0000
    %vpi_func 4 850 "$time" 64 {0 0 0};
    %load/vec4 v000001b775c11790_0;
    %sub;
    %cvt/rv;
    %cmp/wr;
    %flag_or 5, 4;
    %flag_get/vec4 5;
    %jmp/0 T_106.370, 5;
    %load/vec4 v000001b775cad7a0_0;
    %cmpi/e 1, 0, 1;
    %flag_get/vec4 4;
    %jmp/0 T_106.374, 4;
    %pushi/vec4 1, 0, 32;
    %ix/load 4, 3, 0;
    %flag_set/imm 4, 0;
    %load/vec4a v000001b775b673e0, 4;
    %cmp/s;
    %flag_get/vec4 4;
    %flag_get/vec4 5;
    %or;
    %and;
T_106.374;
    %flag_set/vec4 9;
    %jmp/1 T_106.373, 9;
    %load/vec4 v000001b775cac4e0_0;
    %cmpi/e 1, 0, 1;
    %flag_get/vec4 4;
    %jmp/0 T_106.375, 4;
    %pushi/vec4 2, 0, 32;
    %ix/load 4, 3, 0;
    %flag_set/imm 4, 0;
    %load/vec4a v000001b775b673e0, 4;
    %cmp/s;
    %flag_get/vec4 4;
    %flag_get/vec4 5;
    %or;
    %and;
T_106.375;
    %flag_set/vec4 10;
    %flag_or 9, 10;
T_106.373;
    %jmp/1 T_106.372, 9;
    %load/vec4 v000001b775cacb20_0;
    %cmpi/e 1, 0, 1;
    %flag_get/vec4 4;
    %jmp/0 T_106.376, 4;
    %pushi/vec4 4, 0, 32;
    %ix/load 4, 3, 0;
    %flag_set/imm 4, 0;
    %load/vec4a v000001b775b673e0, 4;
    %cmp/s;
    %flag_get/vec4 4;
    %flag_get/vec4 5;
    %or;
    %and;
T_106.376;
    %flag_set/vec4 10;
    %flag_or 9, 10;
T_106.372;
    %flag_get/vec4 9;
    %jmp/1 T_106.371, 9;
    %load/vec4 v000001b775cad200_0;
    %cmpi/e 1, 0, 1;
    %flag_get/vec4 4;
    %jmp/0 T_106.377, 4;
    %pushi/vec4 8, 0, 32;
    %ix/load 4, 3, 0;
    %flag_set/imm 4, 0;
    %load/vec4a v000001b775b673e0, 4;
    %cmp/s;
    %flag_get/vec4 4;
    %flag_get/vec4 5;
    %or;
    %and;
T_106.377;
    %or;
T_106.371;
    %and;
T_106.370;
    %flag_set/vec4 8;
    %jmp/1 T_106.369, 8;
    %ix/load 4, 3, 0;
    %flag_set/imm 4, 0;
    %load/vec4a v000001b775c361d0, 4;
    %cmpi/e 1, 0, 1;
    %flag_or 8, 4;
T_106.369;
    %jmp/0xz  T_106.367, 8;
    %pushi/vec4 1, 0, 1;
    %store/vec4 v000001b775b3d690_0, 0, 1;
    %pushi/vec4 0, 0, 1;
    %store/vec4 v000001b775cabb80_0, 0, 1;
    %vpi_func 4 858 "$time" 64 {0 0 0};
    %store/vec4 v000001b775c35190_0, 0, 64;
    %pushi/vec4 0, 0, 1;
    %ix/load 4, 3, 0;
    %flag_set/imm 4, 0;
    %store/vec4a v000001b775cabc20, 4, 0;
    %pushi/vec4 0, 0, 1;
    %ix/load 4, 3, 0;
    %flag_set/imm 4, 0;
    %store/vec4a v000001b77570b960, 4, 0;
    %pushi/vec4 0, 0, 1;
    %ix/load 4, 3, 0;
    %flag_set/imm 4, 0;
    %store/vec4a v000001b775c361d0, 4, 0;
    %load/vec4 v000001b775b66120_0;
    %flag_set/vec4 8;
    %jmp/0xz  T_106.378, 8;
    %vpi_call/w 4 863 "$display", "%m : at time %t NOTE : Start Internal Auto Precharge for Bank 3", $time {0 0 0};
T_106.378 ;
T_106.367 ;
T_106.364 ;
    %ix/load 4, 0, 0;
    %flag_set/imm 4, 0;
    %load/vec4a v000001b775b67980, 4;
    %pad/u 32;
    %cmpi/e 4, 0, 32;
    %jmp/0xz  T_106.380, 4;
    %ix/load 4, 0, 0;
    %flag_set/imm 4, 0;
    %load/vec4a v000001b775cad700, 4;
    %load/vec4 v000001b775cabd60_0;
    %cmp/e;
    %jmp/1 T_106.384, 4;
    %flag_mov 8, 4;
    %ix/load 4, 0, 0;
    %flag_set/imm 4, 0;
    %load/vec4a v000001b775cac580, 4;
    %cmpi/e 1, 0, 1;
    %flag_or 4, 8;
T_106.384;
    %jmp/0xz  T_106.382, 4;
    %load/vec4 v000001b775b65fe0_0;
    %cmpi/e 1, 0, 1;
    %jmp/0xz  T_106.385, 4;
    %pushi/vec4 0, 0, 1;
    %store/vec4 v000001b775b65fe0_0, 0, 1;
T_106.385 ;
T_106.382 ;
    %jmp T_106.381;
T_106.380 ;
    %ix/load 4, 0, 0;
    %flag_set/imm 4, 0;
    %load/vec4a v000001b775b67980, 4;
    %pad/u 32;
    %cmpi/e 6, 0, 32;
    %jmp/0xz  T_106.387, 4;
    %load/vec4 v000001b775b65fe0_0;
    %cmpi/e 1, 0, 1;
    %jmp/0xz  T_106.389, 4;
    %pushi/vec4 0, 0, 1;
    %store/vec4 v000001b775b65fe0_0, 0, 1;
T_106.389 ;
T_106.387 ;
T_106.381 ;
    %load/vec4 v000001b775b65fe0_0;
    %cmpi/e 0, 0, 1;
    %jmp/0xz  T_106.391, 4;
    %pushi/vec4 0, 65535, 16;
    %assign/vec4 v000001b775b3d0f0_0, 2700;
T_106.391 ;
    %ix/load 4, 0, 0;
    %flag_set/imm 4, 0;
    %load/vec4a v000001b775b67980, 4;
    %pad/u 32;
    %cmpi/e 2, 0, 32;
    %jmp/0xz  T_106.393, 4;
    %ix/load 4, 0, 0;
    %flag_set/imm 4, 0;
    %load/vec4a v000001b775cad3e0, 4;
    %store/vec4 v000001b775cabd60_0, 0, 2;
    %ix/load 4, 0, 0;
    %flag_set/imm 4, 0;
    %load/vec4a v000001b775b66f80, 4;
    %store/vec4 v000001b775b67520_0, 0, 10;
    %ix/load 4, 0, 0;
    %flag_set/imm 4, 0;
    %load/vec4a v000001b775b66f80, 4;
    %store/vec4 v000001b775b670c0_0, 0, 10;
    %ix/load 4, 0, 0;
    %flag_set/imm 4, 0;
    %load/vec4a v000001b775cad3e0, 4;
    %dup/vec4;
    %pushi/vec4 0, 0, 2;
    %cmp/u;
    %jmp/1 T_106.395, 6;
    %dup/vec4;
    %pushi/vec4 1, 0, 2;
    %cmp/u;
    %jmp/1 T_106.396, 6;
    %dup/vec4;
    %pushi/vec4 2, 0, 2;
    %cmp/u;
    %jmp/1 T_106.397, 6;
    %dup/vec4;
    %pushi/vec4 3, 0, 2;
    %cmp/u;
    %jmp/1 T_106.398, 6;
    %jmp T_106.399;
T_106.395 ;
    %load/vec4 v000001b775cac8a0_0;
    %store/vec4 v000001b77570b5a0_0, 0, 13;
    %jmp T_106.399;
T_106.396 ;
    %load/vec4 v000001b775cad020_0;
    %store/vec4 v000001b77570b5a0_0, 0, 13;
    %jmp T_106.399;
T_106.397 ;
    %load/vec4 v000001b775cabcc0_0;
    %store/vec4 v000001b77570b5a0_0, 0, 13;
    %jmp T_106.399;
T_106.398 ;
    %load/vec4 v000001b775cad340_0;
    %store/vec4 v000001b77570b5a0_0, 0, 13;
    %jmp T_106.399;
T_106.399 ;
    %pop/vec4 1;
    %pushi/vec4 0, 0, 10;
    %store/vec4 v000001b775cabf40_0, 0, 10;
    %pushi/vec4 0, 0, 1;
    %store/vec4 v000001b775b67480_0, 0, 1;
    %pushi/vec4 1, 0, 1;
    %store/vec4 v000001b775b65fe0_0, 0, 1;
    %jmp T_106.394;
T_106.393 ;
    %ix/load 4, 0, 0;
    %flag_set/imm 4, 0;
    %load/vec4a v000001b775b67980, 4;
    %pad/u 32;
    %cmpi/e 3, 0, 32;
    %jmp/0xz  T_106.400, 4;
    %ix/load 4, 0, 0;
    %flag_set/imm 4, 0;
    %load/vec4a v000001b775cad3e0, 4;
    %store/vec4 v000001b775cabd60_0, 0, 2;
    %ix/load 4, 0, 0;
    %flag_set/imm 4, 0;
    %load/vec4a v000001b775b66f80, 4;
    %store/vec4 v000001b775b67520_0, 0, 10;
    %ix/load 4, 0, 0;
    %flag_set/imm 4, 0;
    %load/vec4a v000001b775b66f80, 4;
    %store/vec4 v000001b775b670c0_0, 0, 10;
    %ix/load 4, 0, 0;
    %flag_set/imm 4, 0;
    %load/vec4a v000001b775cad3e0, 4;
    %dup/vec4;
    %pushi/vec4 0, 0, 2;
    %cmp/u;
    %jmp/1 T_106.402, 6;
    %dup/vec4;
    %pushi/vec4 1, 0, 2;
    %cmp/u;
    %jmp/1 T_106.403, 6;
    %dup/vec4;
    %pushi/vec4 2, 0, 2;
    %cmp/u;
    %jmp/1 T_106.404, 6;
    %dup/vec4;
    %pushi/vec4 3, 0, 2;
    %cmp/u;
    %jmp/1 T_106.405, 6;
    %jmp T_106.406;
T_106.402 ;
    %load/vec4 v000001b775cac8a0_0;
    %store/vec4 v000001b77570b5a0_0, 0, 13;
    %jmp T_106.406;
T_106.403 ;
    %load/vec4 v000001b775cad020_0;
    %store/vec4 v000001b77570b5a0_0, 0, 13;
    %jmp T_106.406;
T_106.404 ;
    %load/vec4 v000001b775cabcc0_0;
    %store/vec4 v000001b77570b5a0_0, 0, 13;
    %jmp T_106.406;
T_106.405 ;
    %load/vec4 v000001b775cad340_0;
    %store/vec4 v000001b77570b5a0_0, 0, 13;
    %jmp T_106.406;
T_106.406 ;
    %pop/vec4 1;
    %pushi/vec4 0, 0, 10;
    %store/vec4 v000001b775cabf40_0, 0, 10;
    %pushi/vec4 1, 0, 1;
    %store/vec4 v000001b775b67480_0, 0, 1;
    %pushi/vec4 0, 0, 1;
    %store/vec4 v000001b775b65fe0_0, 0, 1;
T_106.400 ;
T_106.394 ;
    %load/vec4 v000001b775b67480_0;
    %cmpi/e 1, 0, 1;
    %jmp/0xz  T_106.407, 4;
    %load/vec4 v000001b775cabd60_0;
    %dup/vec4;
    %pushi/vec4 0, 0, 2;
    %cmp/u;
    %jmp/1 T_106.409, 6;
    %dup/vec4;
    %pushi/vec4 1, 0, 2;
    %cmp/u;
    %jmp/1 T_106.410, 6;
    %dup/vec4;
    %pushi/vec4 2, 0, 2;
    %cmp/u;
    %jmp/1 T_106.411, 6;
    %dup/vec4;
    %pushi/vec4 3, 0, 2;
    %cmp/u;
    %jmp/1 T_106.412, 6;
    %jmp T_106.413;
T_106.409 ;
    %load/vec4 v000001b77570b5a0_0;
    %load/vec4 v000001b775b67520_0;
    %concat/vec4; draw_concat_vec4
    %pad/u 25;
    %ix/vec4 4;
    %load/vec4a v000001b775cac940, 4;
    %store/vec4 v000001b775b3d5f0_0, 0, 16;
    %jmp T_106.413;
T_106.410 ;
    %load/vec4 v000001b77570b5a0_0;
    %load/vec4 v000001b775b67520_0;
    %concat/vec4; draw_concat_vec4
    %pad/u 25;
    %ix/vec4 4;
    %load/vec4a v000001b775cac1c0, 4;
    %store/vec4 v000001b775b3d5f0_0, 0, 16;
    %jmp T_106.413;
T_106.411 ;
    %load/vec4 v000001b77570b5a0_0;
    %load/vec4 v000001b775b67520_0;
    %concat/vec4; draw_concat_vec4
    %pad/u 25;
    %ix/vec4 4;
    %load/vec4a v000001b775cac9e0, 4;
    %store/vec4 v000001b775b3d5f0_0, 0, 16;
    %jmp T_106.413;
T_106.412 ;
    %load/vec4 v000001b77570b5a0_0;
    %load/vec4 v000001b775b67520_0;
    %concat/vec4; draw_concat_vec4
    %pad/u 25;
    %ix/vec4 4;
    %load/vec4a v000001b775cabea0, 4;
    %store/vec4 v000001b775b3d5f0_0, 0, 16;
    %jmp T_106.413;
T_106.413 ;
    %pop/vec4 1;
    %load/vec4 v000001b775b3c150_0;
    %parti/s 1, 0, 2;
    %cmpi/e 0, 0, 1;
    %jmp/0xz  T_106.414, 4;
    %load/vec4 v000001b775b67ca0_0;
    %parti/s 8, 0, 2;
    %ix/load 4, 0, 0;
    %flag_set/imm 4, 0;
    %store/vec4 v000001b775b3d5f0_0, 4, 8;
T_106.414 ;
    %load/vec4 v000001b775b3c150_0;
    %parti/s 1, 1, 2;
    %cmpi/e 0, 0, 1;
    %jmp/0xz  T_106.416, 4;
    %load/vec4 v000001b775b67ca0_0;
    %parti/s 8, 8, 5;
    %ix/load 4, 8, 0;
    %flag_set/imm 4, 0;
    %store/vec4 v000001b775b3d5f0_0, 4, 8;
T_106.416 ;
    %load/vec4 v000001b775cabd60_0;
    %dup/vec4;
    %pushi/vec4 0, 0, 2;
    %cmp/u;
    %jmp/1 T_106.418, 6;
    %dup/vec4;
    %pushi/vec4 1, 0, 2;
    %cmp/u;
    %jmp/1 T_106.419, 6;
    %dup/vec4;
    %pushi/vec4 2, 0, 2;
    %cmp/u;
    %jmp/1 T_106.420, 6;
    %dup/vec4;
    %pushi/vec4 3, 0, 2;
    %cmp/u;
    %jmp/1 T_106.421, 6;
    %jmp T_106.422;
T_106.418 ;
    %load/vec4 v000001b775b3d5f0_0;
    %load/vec4 v000001b77570b5a0_0;
    %load/vec4 v000001b775b67520_0;
    %concat/vec4; draw_concat_vec4
    %pad/u 25;
    %ix/vec4 4;
    %store/vec4a v000001b775cac940, 4, 0;
    %jmp T_106.422;
T_106.419 ;
    %load/vec4 v000001b775b3d5f0_0;
    %load/vec4 v000001b77570b5a0_0;
    %load/vec4 v000001b775b67520_0;
    %concat/vec4; draw_concat_vec4
    %pad/u 25;
    %ix/vec4 4;
    %store/vec4a v000001b775cac1c0, 4, 0;
    %jmp T_106.422;
T_106.420 ;
    %load/vec4 v000001b775b3d5f0_0;
    %load/vec4 v000001b77570b5a0_0;
    %load/vec4 v000001b775b67520_0;
    %concat/vec4; draw_concat_vec4
    %pad/u 25;
    %ix/vec4 4;
    %store/vec4a v000001b775cac9e0, 4, 0;
    %jmp T_106.422;
T_106.421 ;
    %load/vec4 v000001b775b3d5f0_0;
    %load/vec4 v000001b77570b5a0_0;
    %load/vec4 v000001b775b67520_0;
    %concat/vec4; draw_concat_vec4
    %pad/u 25;
    %ix/vec4 4;
    %store/vec4a v000001b775cabea0, 4, 0;
    %jmp T_106.422;
T_106.422 ;
    %pop/vec4 1;
    %load/vec4 v000001b775b3c150_0;
    %cmpi/ne 3, 0, 2;
    %jmp/0xz  T_106.423, 6;
    %vpi_func 4 953 "$time" 64 {0 0 0};
    %load/vec4 v000001b775cabd60_0;
    %pad/u 4;
    %ix/vec4 4;
    %store/vec4a v000001b77570ab00, 4, 0;
    %load/vec4 v000001b775b66120_0;
    %flag_set/vec4 8;
    %jmp/0xz  T_106.425, 8;
    %vpi_call/w 4 956 "$display", "%m : at time %t WRITE: Bank = %d Row = %d, Col = %d, Data = %h", $time, v000001b775cabd60_0, v000001b77570b5a0_0, v000001b775b67520_0, v000001b775b3d5f0_0 {0 0 0};
T_106.425 ;
    %jmp T_106.424;
T_106.423 ;
    %load/vec4 v000001b775b66120_0;
    %flag_set/vec4 8;
    %jmp/0xz  T_106.427, 8;
    %vpi_call/w 4 960 "$display", "%m : at time %t WRITE: Bank = %d Row = %d, Col = %d, Data = Hi-Z due to DQM", $time, v000001b775cabd60_0, v000001b77570b5a0_0, v000001b775b67520_0 {0 0 0};
T_106.427 ;
T_106.424 ;
    %load/vec4 v000001b7757c4370_0;
    %muli 1000, 0, 64;
    %ix/vec4 4;
    %delayx 4;
    %fork TD_tb.micron_sdram_inst.Burst_decode, S_000001b77590d8f0;
    %join;
    %jmp T_106.408;
T_106.407 ;
    %load/vec4 v000001b775b65fe0_0;
    %cmpi/e 1, 0, 1;
    %jmp/0xz  T_106.429, 4;
    %load/vec4 v000001b775cabd60_0;
    %dup/vec4;
    %pushi/vec4 0, 0, 2;
    %cmp/u;
    %jmp/1 T_106.431, 6;
    %dup/vec4;
    %pushi/vec4 1, 0, 2;
    %cmp/u;
    %jmp/1 T_106.432, 6;
    %dup/vec4;
    %pushi/vec4 2, 0, 2;
    %cmp/u;
    %jmp/1 T_106.433, 6;
    %dup/vec4;
    %pushi/vec4 3, 0, 2;
    %cmp/u;
    %jmp/1 T_106.434, 6;
    %jmp T_106.435;
T_106.431 ;
    %load/vec4 v000001b77570b5a0_0;
    %load/vec4 v000001b775b67520_0;
    %concat/vec4; draw_concat_vec4
    %pad/u 25;
    %ix/vec4 4;
    %load/vec4a v000001b775cac940, 4;
    %store/vec4 v000001b775b3d5f0_0, 0, 16;
    %jmp T_106.435;
T_106.432 ;
    %load/vec4 v000001b77570b5a0_0;
    %load/vec4 v000001b775b67520_0;
    %concat/vec4; draw_concat_vec4
    %pad/u 25;
    %ix/vec4 4;
    %load/vec4a v000001b775cac1c0, 4;
    %store/vec4 v000001b775b3d5f0_0, 0, 16;
    %jmp T_106.435;
T_106.433 ;
    %load/vec4 v000001b77570b5a0_0;
    %load/vec4 v000001b775b67520_0;
    %concat/vec4; draw_concat_vec4
    %pad/u 25;
    %ix/vec4 4;
    %load/vec4a v000001b775cac9e0, 4;
    %store/vec4 v000001b775b3d5f0_0, 0, 16;
    %jmp T_106.435;
T_106.434 ;
    %load/vec4 v000001b77570b5a0_0;
    %load/vec4 v000001b775b67520_0;
    %concat/vec4; draw_concat_vec4
    %pad/u 25;
    %ix/vec4 4;
    %load/vec4a v000001b775cabea0, 4;
    %store/vec4 v000001b775b3d5f0_0, 0, 16;
    %jmp T_106.435;
T_106.435 ;
    %pop/vec4 1;
    %load/vec4 v000001b775b3c1f0_0;
    %parti/s 1, 0, 2;
    %cmpi/e 1, 0, 1;
    %jmp/0xz  T_106.436, 4;
    %pushi/vec4 0, 255, 8;
    %ix/load 4, 0, 0;
    %flag_set/imm 4, 0;
    %store/vec4 v000001b775b3d5f0_0, 4, 8;
T_106.436 ;
    %load/vec4 v000001b775b3c1f0_0;
    %parti/s 1, 1, 2;
    %cmpi/e 1, 0, 1;
    %jmp/0xz  T_106.438, 4;
    %pushi/vec4 0, 255, 8;
    %ix/load 4, 8, 0;
    %flag_set/imm 4, 0;
    %store/vec4 v000001b775b3d5f0_0, 4, 8;
T_106.438 ;
    %load/vec4 v000001b775b3d5f0_0;
    %store/vec4 v000001b7757c2110_0, 0, 16;
    %load/vec4 v000001b7757c4230_0;
    %muli 1000, 0, 64;
    %ix/vec4 4;
    %delayx 4;
    %load/vec4 v000001b7757c2110_0;
    %store/vec4 v000001b775b3d0f0_0, 0, 16;
    %load/vec4 v000001b775b66120_0;
    %flag_set/vec4 8;
    %jmp/0xz  T_106.440, 8;
    %vpi_call/w 4 997 "$display", "%m : at time %t READ : Bank = %d Row = %d, Col = %d, Dqm = %b, Data = %h", $time, v000001b775cabd60_0, v000001b77570b5a0_0, v000001b775b67520_0, v000001b775b3c1f0_0, v000001b775b3d0f0_0 {0 0 0};
T_106.440 ;
    %fork TD_tb.micron_sdram_inst.Burst_decode, S_000001b77590d8f0;
    %join;
T_106.429 ;
T_106.408 ;
    %jmp T_106;
    .thread T_106;
    .scope S_000001b775cba7a0;
T_107 ;
    %pushi/vec4 0, 0, 1;
    %store/vec4 v000001b775ddca80_0, 0, 1;
    %delay 4000, 0;
    %pushi/vec4 1, 0, 1;
    %store/vec4 v000001b775ddca80_0, 0, 1;
    %delay 4000, 0;
    %jmp T_107;
    .thread T_107;
    .scope S_000001b775cba7a0;
T_108 ;
    %vpi_call/w 3 125 "$dumpfile", "falcon_tb.vcd" {0 0 0};
    %vpi_call/w 3 127 "$dumpvars", 32'sb00000000000000000000000000000010, S_000001b775cba7a0 {0 0 0};
    %delay 3115098112, 3;
    %vpi_call/w 3 132 "$finish" {0 0 0};
    %end;
    .thread T_108;
    .scope S_000001b775cba7a0;
T_109 ;
    %vpi_func 3 143 "$fopen" 32, "vga_output.txt", "w" {0 0 0};
    %store/vec4 v000001b775ddda20_0, 0, 32;
    %pushi/vec4 0, 0, 32;
    %store/vec4 v000001b775dddd40_0, 0, 32;
    %pushi/vec4 4294967196, 0, 32;
    %store/vec4 v000001b775ddde80_0, 0, 32;
    %pushi/vec4 1, 0, 1;
    %store/vec4 v000001b775ddd8e0_0, 0, 1;
    %pushi/vec4 1, 0, 1;
    %store/vec4 v000001b775ddd980_0, 0, 1;
    %end;
    .thread T_109;
    .scope S_000001b775cba7a0;
T_110 ;
    %wait E_000001b775ce6130;
    %load/vec4 v000001b775ddd980_0;
    %cmpi/e 0, 0, 1;
    %flag_get/vec4 4;
    %jmp/0 T_110.2, 4;
    %load/vec4 v000001b775ddd840_0;
    %pushi/vec4 1, 0, 1;
    %cmp/e;
    %flag_get/vec4 4;
    %and;
T_110.2;
    %flag_set/vec4 8;
    %jmp/0xz  T_110.0, 8;
    %pushi/vec4 4294967263, 0, 32;
    %assign/vec4 v000001b775ddde80_0, 0;
    %pushi/vec4 4294967248, 0, 32;
    %assign/vec4 v000001b775dddd40_0, 0;
    %jmp T_110.1;
T_110.0 ;
    %load/vec4 v000001b775ddd8e0_0;
    %cmpi/e 0, 0, 1;
    %flag_get/vec4 4;
    %jmp/0 T_110.5, 4;
    %load/vec4 v000001b775dddc00_0;
    %pushi/vec4 1, 0, 1;
    %cmp/e;
    %flag_get/vec4 4;
    %and;
T_110.5;
    %flag_set/vec4 8;
    %jmp/0xz  T_110.3, 8;
    %load/vec4 v000001b775ddde80_0;
    %addi 1, 0, 32;
    %assign/vec4 v000001b775ddde80_0, 0;
    %pushi/vec4 4294967248, 0, 32;
    %assign/vec4 v000001b775dddd40_0, 0;
    %jmp T_110.4;
T_110.3 ;
    %load/vec4 v000001b775dddd40_0;
    %cmpi/s 0, 0, 32;
    %flag_inv 5; GE is !LT
    %flag_get/vec4 5;
    %jmp/0 T_110.10, 5;
    %load/vec4 v000001b775dddd40_0;
    %cmpi/s 640, 0, 32;
    %flag_get/vec4 5;
    %and;
T_110.10;
    %flag_set/vec4 10;
    %flag_get/vec4 10;
    %jmp/0 T_110.9, 10;
    %pushi/vec4 0, 0, 32;
    %load/vec4 v000001b775ddde80_0;
    %cmp/s;
    %flag_get/vec4 4;
    %flag_get/vec4 5;
    %or;
    %and;
T_110.9;
    %flag_set/vec4 9;
    %flag_get/vec4 9;
    %jmp/0 T_110.8, 9;
    %load/vec4 v000001b775ddde80_0;
    %cmpi/s 480, 0, 32;
    %flag_get/vec4 5;
    %and;
T_110.8;
    %flag_set/vec4 8;
    %jmp/0xz  T_110.6, 8;
    %vpi_call/w 3 164 "$fwrite", v000001b775ddda20_0, "%0d %0d %0d %0d %0d\012", v000001b775dddd40_0, v000001b775ddde80_0, v000001b775dddca0_0, v000001b775ddd3e0_0, v000001b775dddac0_0 {0 0 0};
T_110.6 ;
    %load/vec4 v000001b775dddd40_0;
    %addi 1, 0, 32;
    %assign/vec4 v000001b775dddd40_0, 0;
T_110.4 ;
T_110.1 ;
    %load/vec4 v000001b775dddc00_0;
    %assign/vec4 v000001b775ddd8e0_0, 0;
    %load/vec4 v000001b775ddd840_0;
    %assign/vec4 v000001b775ddd980_0, 0;
    %jmp T_110;
    .thread T_110;
    .scope S_000001b775cba7a0;
T_111 ;
    %vpi_call/w 3 175 "$fclose", v000001b775ddda20_0 {0 0 0};
    %end;
    .thread T_111, $final;
# The file index is used to find the file name in the following table.
:file_names 48;
    "N/A";
    "<interactive>";
    "-";
    "top\tb.sv";
    "top\micron_sdram.sv";
    "./top/sdr_parameters.vh";
    "top\neoami.sv";
    "cpu\cpu.sv";
    "cpu\cpu_alu.sv";
    "cpu\cpu_branch.sv";
    "cpu\cpu_dcache.sv";
    "cpu\dcache_ram.sv";
    "cpu\cpu_decoder.sv";
    "cpu\cpu_divider.sv";
    "cpu\cpu_instr_queue.sv";
    "cpu\cpu_irom.sv";
    "cpu\cpu_mem.sv";
    "cpu\cpu_pc.sv";
    "cpu\cpu_regfile.sv";
    "cpu\regfile_ram.sv";
    "cpu\cpu_sys.sv";
    "cpu\cpu_writeback.sv";
    "iris\iris.sv";
    "iris\iris_brightness.sv";
    "iris\iris_combine.sv";
    "iris\iris_gourand.sv";
    "iris\iris_objwalk.sv";
    "iris\iris_obj_mem.sv";
    "iris\iris_palette.sv";
    "iris\iris_scanline_ram.sv";
    "iris\iris_span.sv";
    "iris\iris_timing_generator.sv";
    "iris\iris_zbuf.sv";
    "top\pll.sv";
    "sdram\sdram.sv";
    "sdram\sdram_arbiter.sv";
    "sdram\sdram_controller.sv";
    "sdram\sdram_bank.sv";
    "sdram\sdram_refresh.sv";
    "sophie\sophie.sv";
    "sophie\sophie_address_decoder.sv";
    "sophie\sophie_hwregs.sv";
    "sophie\i2c_master.sv";
    "sophie\keyboard_if.sv";
    "sophie\byte_fifo.sv";
    "sophie\mouse_interface.sv";
    "sophie\seven_seg.sv";
    "sophie\uart.sv";
